score	kind	address	off	on	off_hex	on_hex	module	region_type	protect
41	float	0x000002898dc821e0	1	3	0x3f800000	0x40400000		PRIVATE	READWRITE
41	float	0x000002898dc822dc	1	3	0x3f800000	0x40400000		PRIVATE	READWRITE
41	float	0x000002898dc830c0	1	3	0x3f800000	0x40400000		PRIVATE	READWRITE
41	float	0x000002898dc833a4	1	3	0x3f800000	0x40400000		PRIVATE	READWRITE
41	float	0x000002898dc83580	1	3	0x3f800000	0x40400000		PRIVATE	READWRITE
41	float	0x000002898dc842bc	1	3	0x3f800000	0x40400000		PRIVATE	READWRITE
41	float	0x000002898dc842c4	1	3	0x3f800000	0x40400000		PRIVATE	READWRITE
41	float	0x000002898dc843b4	1	3	0x3f800000	0x40400000		PRIVATE	READWRITE
41	float	0x000002898dc843b8	1	3	0x3f800000	0x40400000		PRIVATE	READWRITE
41	float	0x000002898dc84d70	1	3	0x3f800000	0x40400000		PRIVATE	READWRITE
41	float	0x000002898dc84d74	1	3	0x3f800000	0x40400000		PRIVATE	READWRITE
41	float	0x000002898dc84d78	1	3	0x3f800000	0x40400000		PRIVATE	READWRITE
41	float	0x000002898dc84d7c	1	3	0x3f800000	0x40400000		PRIVATE	READWRITE
41	float	0x000002898dc852c4	1	3	0x3f800000	0x40400000		PRIVATE	READWRITE
41	float	0x000002898dc85578	1	3	0x3f800000	0x40400000		PRIVATE	READWRITE
41	float	0x000002898dc85658	2	3	0x40000000	0x40400000		PRIVATE	READWRITE
41	float	0x000002898dc85660	1	3	0x3f800000	0x40400000		PRIVATE	READWRITE
41	float	0x000002898dc8576c	1	3	0x3f800000	0x40400000		PRIVATE	READWRITE
41	float	0x000002898dc85cc8	1	3	0x3f800000	0x40400000		PRIVATE	READWRITE
41	float	0x000002898dc88774	1	3	0x3f800000	0x40400000		PRIVATE	READWRITE
41	float	0x000002898dc88840	1	3	0x3f800000	0x40400000		PRIVATE	READWRITE
41	float	0x000002898dc888e0	1	3	0x3f800000	0x40400000		PRIVATE	READWRITE
41	float	0x000002898dc888e8	1	3	0x3f800000	0x40400000		PRIVATE	READWRITE
41	float	0x000002898dc89288	1	3	0x3f800000	0x40400000		PRIVATE	READWRITE
41	float	0x000002898dc89290	1	3	0x3f800000	0x40400000		PRIVATE	READWRITE
41	float	0x000002898dc89360	1	3	0x3f800000	0x40400000		PRIVATE	READWRITE
41	float	0x000002898dc89368	2	3	0x40000000	0x40400000		PRIVATE	READWRITE
41	float	0x000002899d7b4e68	1	3	0x3f800000	0x40400000		PRIVATE	READWRITE
41	float	0x000002899d7b4e70	1	3	0x3f800000	0x40400000		PRIVATE	READWRITE
41	float	0x000002899d7b4e74	1	3	0x3f800000	0x40400000		PRIVATE	READWRITE
41	float	0x000002899d7b50dc	1	3	0x3f800000	0x40400000		PRIVATE	READWRITE
41	float	0x000002899d7b58b0	1	3	0x3f800000	0x40400000		PRIVATE	READWRITE
41	float	0x000002899d7b58b8	1	3	0x3f800000	0x40400000		PRIVATE	READWRITE
41	float	0x000002899d7b5a70	1	3	0x3f800000	0x40400000		PRIVATE	READWRITE
41	float	0x000002899d7b5a74	1	3	0x3f800000	0x40400000		PRIVATE	READWRITE
41	float	0x000002899d7b5e24	1	3	0x3f800000	0x40400000		PRIVATE	READWRITE
41	float	0x000002899d7b5e28	1	3	0x3f800000	0x40400000		PRIVATE	READWRITE
41	float	0x000002899d7b5e2c	1	3	0x3f800000	0x40400000		PRIVATE	READWRITE
41	float	0x000002899d7b5fdc	1	3	0x3f800000	0x40400000		PRIVATE	READWRITE
41	float	0x000002899d7b60c4	1	3	0x3f800000	0x40400000		PRIVATE	READWRITE
41	float	0x000002899d7b60d0	1	3	0x3f800000	0x40400000		PRIVATE	READWRITE
41	float	0x000002899d7b6774	1	3	0x3f800000	0x40400000		PRIVATE	READWRITE
41	float	0x000002899d7b6854	1	3	0x3f800000	0x40400000		PRIVATE	READWRITE
41	float	0x000002899d7b6a38	2	3	0x40000000	0x40400000		PRIVATE	READWRITE
41	float	0x000002899d7b71d0	1	3	0x3f800000	0x40400000		PRIVATE	READWRITE
41	float	0x000002899d7b72c0	2	3	0x40000000	0x40400000		PRIVATE	READWRITE
41	float	0x000002899d7b72c8	1	3	0x3f800000	0x40400000		PRIVATE	READWRITE
41	float	0x000002899d7b73b0	1	3	0x3f800000	0x40400000		PRIVATE	READWRITE
41	float	0x000002899d7b7ff4	1	3	0x3f800000	0x40400000		PRIVATE	READWRITE
41	float	0x00000289e1ff00fc	1	2	0x3f800000	0x40000000		PRIVATE	READWRITE
35	float	0x000002899d690b28	1	10	0x3f800000	0x41200000		PRIVATE	READWRITE
35	float	0x00000289e1fed264	1	10	0x3f800000	0x41200000		PRIVATE	READWRITE
28	u32	0x000000af44435b20	0	1	0x00000000	0x00000001		PRIVATE	READWRITE
28	u32	0x000000af44435bb0	0	1	0x00000000	0x00000001		PRIVATE	READWRITE
28	u32	0x000000af44435bc8	0	1	0x00000000	0x00000001		PRIVATE	READWRITE
28	u32	0x000000af44435bf0	0	5	0x00000000	0x00000005		PRIVATE	READWRITE
28	u32	0x000000af44435da8	0	1	0x00000000	0x00000001		PRIVATE	READWRITE
28	u32	0x000000af444377d0	0	1	0x00000000	0x00000001		PRIVATE	READWRITE
28	u32	0x000000af44437bd0	0	1	0x00000000	0x00000001		PRIVATE	READWRITE
28	u32	0x000000af44437bd8	1	3	0x00000001	0x00000003		PRIVATE	READWRITE
28	u32	0x000000af44437c10	1	0	0x00000001	0x00000000		PRIVATE	READWRITE
28	u32	0x000000af44438278	1	0	0x00000001	0x00000000		PRIVATE	READWRITE
28	u32	0x000000af444382a0	1	2	0x00000001	0x00000002		PRIVATE	READWRITE
28	u32	0x000000af44438810	0	1	0x00000000	0x00000001		PRIVATE	READWRITE
28	u32	0x000000af4473fad8	0	1	0x00000000	0x00000001		PRIVATE	READWRITE
28	u32	0x000000af4473fae8	0	1	0x00000000	0x00000001		PRIVATE	READWRITE
28	u32	0x000000af4473faf0	0	1	0x00000000	0x00000001		PRIVATE	READWRITE
28	u32	0x000000af44d3d620	1	0	0x00000001	0x00000000		PRIVATE	READWRITE
28	u32	0x000000af44f3f6a0	0	3	0x00000000	0x00000003		PRIVATE	READWRITE
28	u32	0x000000af44f3f720	1	0	0x00000001	0x00000000		PRIVATE	READWRITE
28	u32	0x000000af44f3f724	1	0	0x00000001	0x00000000		PRIVATE	READWRITE
28	u32	0x000000af44f3f7c8	0	3	0x00000000	0x00000003		PRIVATE	READWRITE
28	u32	0x000000af44f3f830	1	0	0x00000001	0x00000000		PRIVATE	READWRITE
28	u32	0x000000af44f3f850	0	5	0x00000000	0x00000005		PRIVATE	READWRITE
28	u32	0x000000af44f3f8f0	0	10	0x00000000	0x0000000a		PRIVATE	READWRITE
28	u32	0x000000af4684e4e8	0	1	0x00000000	0x00000001		PRIVATE	READWRITE
28	u32	0x000000af4684e4ec	0	1	0x00000000	0x00000001		PRIVATE	READWRITE
28	u32	0x000000af4684e50c	1	0	0x00000001	0x00000000		PRIVATE	READWRITE
28	u32	0x000000af4684e538	0	1	0x00000000	0x00000001		PRIVATE	READWRITE
28	u32	0x000000af4684e53c	0	1	0x00000000	0x00000001		PRIVATE	READWRITE
28	u32	0x000000af4684e55c	1	0	0x00000001	0x00000000		PRIVATE	READWRITE
28	u32	0x000000af4684ea6c	0	2	0x00000000	0x00000002		PRIVATE	READWRITE
28	u32	0x000000af4684eaa0	0	1	0x00000000	0x00000001		PRIVATE	READWRITE
28	u32	0x000000af4684ebf0	0	2	0x00000000	0x00000002		PRIVATE	READWRITE
28	u32	0x000000af4684ec30	0	2	0x00000000	0x00000002		PRIVATE	READWRITE
28	u32	0x000000af4684ec40	0	2	0x00000000	0x00000002		PRIVATE	READWRITE
28	u32	0x000000af4684ec48	0	1	0x00000000	0x00000001		PRIVATE	READWRITE
28	u32	0x000000af4684ed80	1	0	0x00000001	0x00000000		PRIVATE	READWRITE
28	u32	0x000000af4684edf4	0	1	0x00000000	0x00000001		PRIVATE	READWRITE
28	u32	0x000000af4684efd4	0	1	0x00000000	0x00000001		PRIVATE	READWRITE
28	u32	0x000000af48f0ef40	0	1	0x00000000	0x00000001		PRIVATE	READWRITE
28	u32	0x000000af48f0f180	0	1	0x00000000	0x00000001		PRIVATE	READWRITE
28	u32	0x000000af48f0f904	0	1	0x00000000	0x00000001		PRIVATE	READWRITE
28	u32	0x000000af4980e800	0	4	0x00000000	0x00000004		PRIVATE	READWRITE
28	u32	0x000000af4980e8f8	0	2	0x00000000	0x00000002		PRIVATE	READWRITE
28	u32	0x000000af4980ec40	1	0	0x00000001	0x00000000		PRIVATE	READWRITE
28	u32	0x000000af4980ed90	1	4	0x00000001	0x00000004		PRIVATE	READWRITE
28	u32	0x000000af4980eee0	1	4	0x00000001	0x00000004		PRIVATE	READWRITE
28	u32	0x000000af4980ef50	1	4	0x00000001	0x00000004		PRIVATE	READWRITE
28	u32	0x000000af49d2ed90	0	10	0x00000000	0x0000000a		PRIVATE	READWRITE
28	u32	0x000000af49d2efd0	0	10	0x00000000	0x0000000a		PRIVATE	READWRITE
28	u32	0x000000af49f2ac74	0	5	0x00000000	0x00000005		PRIVATE	READWRITE
28	u32	0x000000af49f2b0a4	0	5	0x00000000	0x00000005		PRIVATE	READWRITE
28	u32	0x000000af49f2b17c	0	5	0x00000000	0x00000005		PRIVATE	READWRITE
28	u32	0x000000af49f2b194	0	5	0x00000000	0x00000005		PRIVATE	READWRITE
28	u32	0x000000af49f2b284	0	5	0x00000000	0x00000005		PRIVATE	READWRITE
28	u32	0x000000af49f2b2a4	0	5	0x00000000	0x00000005		PRIVATE	READWRITE
28	u32	0x000000af49f2b52c	0	5	0x00000000	0x00000005		PRIVATE	READWRITE
28	u32	0x000000af49f2b55c	0	5	0x00000000	0x00000005		PRIVATE	READWRITE
28	u32	0x000000af49f2b56c	0	5	0x00000000	0x00000005		PRIVATE	READWRITE
28	u32	0x000000af49f2b5c4	0	5	0x00000000	0x00000005		PRIVATE	READWRITE
28	u32	0x000000af49f2b69c	0	5	0x00000000	0x00000005		PRIVATE	READWRITE
28	u32	0x000000af49f2b6cc	0	5	0x00000000	0x00000005		PRIVATE	READWRITE
28	u32	0x000000af49f2b7a4	0	5	0x00000000	0x00000005		PRIVATE	READWRITE
28	u32	0x000000af49f2c3e8	1	2	0x00000001	0x00000002		PRIVATE	READWRITE
28	u32	0x000000af49f2c3f0	0	1	0x00000000	0x00000001		PRIVATE	READWRITE
28	u32	0x000000af49f2c458	0	1	0x00000000	0x00000001		PRIVATE	READWRITE
28	u32	0x000000af49f2c460	0	1	0x00000000	0x00000001		PRIVATE	READWRITE
28	u32	0x000000af49f2c470	0	2	0x00000000	0x00000002		PRIVATE	READWRITE
28	u32	0x000000af49f2c4c8	0	1	0x00000000	0x00000001		PRIVATE	READWRITE
28	u32	0x000000af49f2c4d0	0	2	0x00000000	0x00000002		PRIVATE	READWRITE
28	u32	0x000000af49f2c538	0	2	0x00000000	0x00000002		PRIVATE	READWRITE
28	u32	0x000000af49f2c540	0	2	0x00000000	0x00000002		PRIVATE	READWRITE
28	u32	0x000000af49f2c558	0	1	0x00000000	0x00000001		PRIVATE	READWRITE
28	u32	0x000000af49f2c588	0	2	0x00000000	0x00000002		PRIVATE	READWRITE
28	u32	0x000000af49f2c590	0	2	0x00000000	0x00000002		PRIVATE	READWRITE
28	u32	0x000000af49f2c670	1	0	0x00000001	0x00000000		PRIVATE	READWRITE
28	u32	0x000000af49f2c680	0	2	0x00000000	0x00000002		PRIVATE	READWRITE
28	u32	0x000000af49f2c860	1	2	0x00000001	0x00000002		PRIVATE	READWRITE
28	u32	0x000000af49f2c890	1	2	0x00000001	0x00000002		PRIVATE	READWRITE
28	u32	0x000000af49f2c8f0	1	2	0x00000001	0x00000002		PRIVATE	READWRITE
28	u32	0x000000af49f2c908	1	2	0x00000001	0x00000002		PRIVATE	READWRITE
28	u32	0x000000af49f2c968	1	0	0x00000001	0x00000000		PRIVATE	READWRITE
28	u32	0x000000af49f2c9a8	1	2	0x00000001	0x00000002		PRIVATE	READWRITE
28	u32	0x000000af49f2c9b0	1	2	0x00000001	0x00000002		PRIVATE	READWRITE
28	u32	0x000002898206ae78	0	1	0x00000000	0x00000001		PRIVATE	READWRITE
28	u32	0x0000028982070220	0	2	0x00000000	0x00000002		PRIVATE	READWRITE
28	u32	0x0000028982070248	0	4	0x00000000	0x00000004		PRIVATE	READWRITE
28	u32	0x0000028982070380	1	2	0x00000001	0x00000002		PRIVATE	READWRITE
28	u32	0x00000289820c6cf0	0	1	0x00000000	0x00000001		PRIVATE	READWRITE
28	u32	0x00000289820c6dd8	0	1	0x00000000	0x00000001		PRIVATE	READWRITE
28	u32	0x00000289820c6e08	0	3	0x00000000	0x00000003		PRIVATE	READWRITE
28	u32	0x00000289820c6e50	0	1	0x00000000	0x00000001		PRIVATE	READWRITE
28	u32	0x00000289820c6e58	0	1	0x00000000	0x00000001		PRIVATE	READWRITE
28	u32	0x00000289820c6e60	0	1	0x00000000	0x00000001		PRIVATE	READWRITE
28	u32	0x00000289820c6e80	0	5	0x00000000	0x00000005		PRIVATE	READWRITE
28	u32	0x00000289820c6e90	0	4	0x00000000	0x00000004		PRIVATE	READWRITE
28	u32	0x00000289820c6e98	0	4	0x00000000	0x00000004		PRIVATE	READWRITE
28	u32	0x00000289820c6ea0	0	10	0x00000000	0x0000000a		PRIVATE	READWRITE
28	u32	0x00000289820c6ea8	0	1	0x00000000	0x00000001		PRIVATE	READWRITE
28	u32	0x00000289820c6ee0	0	3	0x00000000	0x00000003		PRIVATE	READWRITE
28	u32	0x00000289820c6fa0	0	1	0x00000000	0x00000001		PRIVATE	READWRITE
28	u32	0x00000289820c6fa8	0	1	0x00000000	0x00000001		PRIVATE	READWRITE
28	u32	0x00000289820c6fb0	0	10	0x00000000	0x0000000a		PRIVATE	READWRITE
28	u32	0x00000289820c6fb8	0	1	0x00000000	0x00000001		PRIVATE	READWRITE
28	u32	0x00000289820c7030	0	10	0x00000000	0x0000000a		PRIVATE	READWRITE
28	u32	0x00000289820c7038	0	1	0x00000000	0x00000001		PRIVATE	READWRITE
28	u32	0x00000289820c7090	0	5	0x00000000	0x00000005		PRIVATE	READWRITE
28	u32	0x00000289820c70a0	0	4	0x00000000	0x00000004		PRIVATE	READWRITE
28	u32	0x00000289820c70a8	0	4	0x00000000	0x00000004		PRIVATE	READWRITE
28	u32	0x00000289820c70b0	0	10	0x00000000	0x0000000a		PRIVATE	READWRITE
28	u32	0x00000289820c70b8	0	1	0x00000000	0x00000001		PRIVATE	READWRITE
28	u32	0x00000289820c71f8	0	3	0x00000000	0x00000003		PRIVATE	READWRITE
28	u32	0x00000289820c75d0	0	10	0x00000000	0x0000000a		PRIVATE	READWRITE
28	u32	0x00000289820c7768	0	5	0x00000000	0x00000005		PRIVATE	READWRITE
28	u32	0x00000289820c7d80	0	1	0x00000000	0x00000001		PRIVATE	READWRITE
28	u32	0x00000289820c7d88	0	1	0x00000000	0x00000001		PRIVATE	READWRITE
28	u32	0x00000289820c7d90	0	10	0x00000000	0x0000000a		PRIVATE	READWRITE
28	u32	0x00000289820c7d98	0	1	0x00000000	0x00000001		PRIVATE	READWRITE
28	u32	0x00000289820c8010	0	1	0x00000000	0x00000001		PRIVATE	READWRITE
28	u32	0x00000289820c8018	0	1	0x00000000	0x00000001		PRIVATE	READWRITE
28	u32	0x00000289820c8020	0	10	0x00000000	0x0000000a		PRIVATE	READWRITE
28	u32	0x00000289820c8028	0	1	0x00000000	0x00000001		PRIVATE	READWRITE
28	u32	0x00000289820c8080	0	5	0x00000000	0x00000005		PRIVATE	READWRITE
28	u32	0x00000289820c8090	0	4	0x00000000	0x00000004		PRIVATE	READWRITE
28	u32	0x00000289820c8098	0	4	0x00000000	0x00000004		PRIVATE	READWRITE
28	u32	0x00000289820c80a0	0	10	0x00000000	0x0000000a		PRIVATE	READWRITE
28	u32	0x00000289820c80a8	0	1	0x00000000	0x00000001		PRIVATE	READWRITE
28	u32	0x00000289820c8108	0	2	0x00000000	0x00000002		PRIVATE	READWRITE
28	u32	0x00000289820c810c	0	1	0x00000000	0x00000001		PRIVATE	READWRITE
28	u32	0x00000289820c8110	0	1	0x00000000	0x00000001		PRIVATE	READWRITE
28	u32	0x00000289820c8120	0	2	0x00000000	0x00000002		PRIVATE	READWRITE
28	u32	0x00000289820c8190	0	1	0x00000000	0x00000001		PRIVATE	READWRITE
28	u32	0x00000289820c8320	0	4	0x00000000	0x00000004		PRIVATE	READWRITE
28	u32	0x00000289820c8368	0	1	0x00000000	0x00000001		PRIVATE	READWRITE
28	u32	0x00000289820c8398	0	3	0x00000000	0x00000003		PRIVATE	READWRITE
28	u32	0x00000289820c83b0	0	2	0x00000000	0x00000002		PRIVATE	READWRITE
28	u32	0x00000289820c83f0	0	10	0x00000000	0x0000000a		PRIVATE	READWRITE
28	u32	0x00000289820c83f8	0	1	0x00000000	0x00000001		PRIVATE	READWRITE
28	u32	0x00000289820c8440	1	0	0x00000001	0x00000000		PRIVATE	READWRITE
28	u32	0x00000289820c8450	0	1	0x00000000	0x00000001		PRIVATE	READWRITE
28	u32	0x00000289820c8460	0	1	0x00000000	0x00000001		PRIVATE	READWRITE
28	u32	0x00000289820c8468	0	1	0x00000000	0x00000001		PRIVATE	READWRITE
28	u32	0x00000289820c84b0	0	2	0x00000000	0x00000002		PRIVATE	READWRITE
28	u32	0x00000289820c84f0	0	10	0x00000000	0x0000000a		PRIVATE	READWRITE
28	u32	0x00000289820c84f8	0	1	0x00000000	0x00000001		PRIVATE	READWRITE
28	u32	0x00000289820c8540	1	0	0x00000001	0x00000000		PRIVATE	READWRITE
28	u32	0x00000289820c9508	0	1	0x00000000	0x00000001		PRIVATE	READWRITE
28	u32	0x00000289820c9968	0	1	0x00000000	0x00000001		PRIVATE	READWRITE
28	u32	0x00000289820c9ba0	1	0	0x00000001	0x00000000		PRIVATE	READWRITE
28	u32	0x00000289820c9bd0	0	2	0x00000000	0x00000002		PRIVATE	READWRITE
28	u32	0x00000289820c9ca0	0	2	0x00000000	0x00000002		PRIVATE	READWRITE
28	u32	0x00000289820c9df8	0	1	0x00000000	0x00000001		PRIVATE	READWRITE
28	u32	0x00000289820c9e40	0	2	0x00000000	0x00000002		PRIVATE	READWRITE
28	u32	0x00000289820c9eb0	1	0	0x00000001	0x00000000		PRIVATE	READWRITE
28	u32	0x00000289820c9f00	1	0	0x00000001	0x00000000		PRIVATE	READWRITE
28	u32	0x00000289820c9fb8	0	1	0x00000000	0x00000001		PRIVATE	READWRITE
28	u32	0x0000028982128ba8	0	3	0x00000000	0x00000003		PRIVATE	READWRITE
28	u32	0x0000028982129260	0	5	0x00000000	0x00000005		PRIVATE	READWRITE
28	u32	0x000002898213e898	0	1	0x00000000	0x00000001		PRIVATE	READWRITE
28	u32	0x000002898213e8a0	0	1	0x00000000	0x00000001		PRIVATE	READWRITE
28	u32	0x00000289821405d0	0	1	0x00000000	0x00000001		PRIVATE	READWRITE
28	u32	0x0000028982140628	1	0	0x00000001	0x00000000		PRIVATE	READWRITE
28	u32	0x0000028982140648	0	1	0x00000000	0x00000001		PRIVATE	READWRITE
28	u32	0x0000028982140650	0	1	0x00000000	0x00000001		PRIVATE	READWRITE
28	u32	0x00000289821406b0	0	10	0x00000000	0x0000000a		PRIVATE	READWRITE
28	u32	0x0000028982140938	1	0	0x00000001	0x00000000		PRIVATE	READWRITE
28	u32	0x0000028982140a68	0	1	0x00000000	0x00000001		PRIVATE	READWRITE
28	u32	0x0000028982140b38	0	1	0x00000000	0x00000001		PRIVATE	READWRITE
28	u32	0x0000028982140c50	0	2	0x00000000	0x00000002		PRIVATE	READWRITE
28	u32	0x0000028982140cd8	0	1	0x00000000	0x00000001		PRIVATE	READWRITE
28	u32	0x0000028982140d20	0	2	0x00000000	0x00000002		PRIVATE	READWRITE
28	u32	0x0000028982140d60	0	4	0x00000000	0x00000004		PRIVATE	READWRITE
28	u32	0x0000028982140df0	0	2	0x00000000	0x00000002		PRIVATE	READWRITE
28	u32	0x0000028982140e78	0	1	0x00000000	0x00000001		PRIVATE	READWRITE
28	u32	0x0000028982140ea8	0	3	0x00000000	0x00000003		PRIVATE	READWRITE
28	u32	0x0000028982140f08	1	0	0x00000001	0x00000000		PRIVATE	READWRITE
28	u32	0x0000028982140f48	0	1	0x00000000	0x00000001		PRIVATE	READWRITE
28	u32	0x0000028982159d90	0	1	0x00000000	0x00000001		PRIVATE	READWRITE
28	u32	0x0000028982159dc0	0	1	0x00000000	0x00000001		PRIVATE	READWRITE
28	u32	0x0000028982159dc8	0	1	0x00000000	0x00000001		PRIVATE	READWRITE
28	u32	0x0000028982159dd0	0	10	0x00000000	0x0000000a		PRIVATE	READWRITE
28	u32	0x0000028982159dd8	0	1	0x00000000	0x00000001		PRIVATE	READWRITE
28	u32	0x0000028982159e10	0	1	0x00000000	0x00000001		PRIVATE	READWRITE
28	u32	0x0000028982159e78	1	0	0x00000001	0x00000000		PRIVATE	READWRITE
28	u32	0x0000028982159ec0	0	4	0x00000000	0x00000004		PRIVATE	READWRITE
28	u32	0x0000028982159ec8	0	4	0x00000000	0x00000004		PRIVATE	READWRITE
28	u32	0x0000028982159f08	1	0	0x00000001	0x00000000		PRIVATE	READWRITE
28	u32	0x0000028982159f10	1	0	0x00000001	0x00000000		PRIVATE	READWRITE
28	u32	0x0000028982159f38	1	0	0x00000001	0x00000000		PRIVATE	READWRITE
28	u32	0x0000028982159f90	0	1	0x00000000	0x00000001		PRIVATE	READWRITE
28	u32	0x0000028982159ff0	0	1	0x00000000	0x00000001		PRIVATE	READWRITE
28	u32	0x000002898215a190	0	10	0x00000000	0x0000000a		PRIVATE	READWRITE
28	u32	0x000002898215a198	0	1	0x00000000	0x00000001		PRIVATE	READWRITE
28	u32	0x000002898215a1e0	0	1	0x00000000	0x00000001		PRIVATE	READWRITE
28	u32	0x000002898215a1e8	0	1	0x00000000	0x00000001		PRIVATE	READWRITE
28	u32	0x000002898215a1f0	0	10	0x00000000	0x0000000a		PRIVATE	READWRITE
28	u32	0x000002898215a1f8	0	1	0x00000000	0x00000001		PRIVATE	READWRITE
28	u32	0x000002898215a240	0	4	0x00000000	0x00000004		PRIVATE	READWRITE
28	u32	0x000002898215a248	0	4	0x00000000	0x00000004		PRIVATE	READWRITE
28	u32	0x000002898215a250	0	10	0x00000000	0x0000000a		PRIVATE	READWRITE
28	u32	0x000002898215a258	0	1	0x00000000	0x00000001		PRIVATE	READWRITE
28	u32	0x000002898215a348	0	3	0x00000000	0x00000003		PRIVATE	READWRITE
28	u32	0x000002898215a4b4	1	0	0x00000001	0x00000000		PRIVATE	READWRITE
28	u32	0x000002898215a720	0	10	0x00000000	0x0000000a		PRIVATE	READWRITE
28	u32	0x000002898215a8b8	0	5	0x00000000	0x00000005		PRIVATE	READWRITE
28	u32	0x000002898215a918	0	1	0x00000000	0x00000001		PRIVATE	READWRITE
28	u32	0x000002898215abd0	0	4	0x00000000	0x00000004		PRIVATE	READWRITE
28	u32	0x000002898215b078	0	1	0x00000000	0x00000001		PRIVATE	READWRITE
28	u32	0x000002898215b0a8	0	3	0x00000000	0x00000003		PRIVATE	READWRITE
28	u32	0x000002898215b0c0	0	2	0x00000000	0x00000002		PRIVATE	READWRITE
28	u32	0x000002898215b148	0	1	0x00000000	0x00000001		PRIVATE	READWRITE
28	u32	0x000002898215b218	0	1	0x00000000	0x00000001		PRIVATE	READWRITE
28	u32	0x000002898215b260	0	2	0x00000000	0x00000002		PRIVATE	READWRITE
28	u32	0x000002898215b2e8	0	1	0x00000000	0x00000001		PRIVATE	READWRITE
28	u32	0x000002898215b330	0	2	0x00000000	0x00000002		PRIVATE	READWRITE
28	u32	0x000002898215b3b8	0	1	0x00000000	0x00000001		PRIVATE	READWRITE
28	u32	0x000002898215b400	0	2	0x00000000	0x00000002		PRIVATE	READWRITE
28	u32	0x000002898215b440	0	4	0x00000000	0x00000004		PRIVATE	READWRITE
28	u32	0x000002898215b488	0	1	0x00000000	0x00000001		PRIVATE	READWRITE
28	u32	0x000002898215b4b8	0	3	0x00000000	0x00000003		PRIVATE	READWRITE
28	u32	0x000002898215b4d0	0	2	0x00000000	0x00000002		PRIVATE	READWRITE
28	u32	0x000002898215b558	0	1	0x00000000	0x00000001		PRIVATE	READWRITE
28	u32	0x000002898215b5a0	0	2	0x00000000	0x00000002		PRIVATE	READWRITE
28	u32	0x00000289823bd848	0	1	0x00000000	0x00000001		PRIVATE	READWRITE
28	u32	0x00000289823bd878	0	3	0x00000000	0x00000003		PRIVATE	READWRITE
28	u32	0x00000289823bd890	0	2	0x00000000	0x00000002		PRIVATE	READWRITE
28	u32	0x00000289823bd8b0	0	5	0x00000000	0x00000005		PRIVATE	READWRITE
28	u32	0x00000289823bd980	0	1	0x00000000	0x00000001		PRIVATE	READWRITE
28	u32	0x00000289823bd9e0	0	1	0x00000000	0x00000001		PRIVATE	READWRITE
28	u32	0x00000289823bdae0	0	1	0x00000000	0x00000001		PRIVATE	READWRITE
28	u32	0x00000289823bdae8	0	1	0x00000000	0x00000001		PRIVATE	READWRITE
28	u32	0x00000289823bdaf0	0	10	0x00000000	0x0000000a		PRIVATE	READWRITE
28	u32	0x00000289823bdaf8	0	1	0x00000000	0x00000001		PRIVATE	READWRITE
28	u32	0x00000289823bdb30	0	5	0x00000000	0x00000005		PRIVATE	READWRITE
28	u32	0x00000289823bdb38	0	1	0x00000000	0x00000001		PRIVATE	READWRITE
28	u32	0x00000289823bdb40	0	10	0x00000000	0x0000000a		PRIVATE	READWRITE
28	u32	0x00000289823bdbf0	0	10	0x00000000	0x0000000a		PRIVATE	READWRITE
28	u32	0x00000289823bdbf8	0	1	0x00000000	0x00000001		PRIVATE	READWRITE
28	u32	0x00000289823bdc40	0	1	0x00000000	0x00000001		PRIVATE	READWRITE
28	u32	0x00000289823bdc80	0	10	0x00000000	0x0000000a		PRIVATE	READWRITE
28	u32	0x00000289823bdc88	0	1	0x00000000	0x00000001		PRIVATE	READWRITE
28	u32	0x00000289823bdcd0	0	1	0x00000000	0x00000001		PRIVATE	READWRITE
28	u32	0x00000289823bdcd8	0	1	0x00000000	0x00000001		PRIVATE	READWRITE
28	u32	0x00000289823bdce0	0	10	0x00000000	0x0000000a		PRIVATE	READWRITE
28	u32	0x00000289823bdce8	0	1	0x00000000	0x00000001		PRIVATE	READWRITE
28	u32	0x00000289823bdd20	0	5	0x00000000	0x00000005		PRIVATE	READWRITE
28	u32	0x00000289823bdd30	0	4	0x00000000	0x00000004		PRIVATE	READWRITE
28	u32	0x00000289823bdd38	0	4	0x00000000	0x00000004		PRIVATE	READWRITE
28	u32	0x00000289823bdd40	0	10	0x00000000	0x0000000a		PRIVATE	READWRITE
28	u32	0x00000289823bdd48	0	1	0x00000000	0x00000001		PRIVATE	READWRITE
28	u32	0x00000289823bddb0	0	1	0x00000000	0x00000001		PRIVATE	READWRITE
28	u32	0x00000289823bddb8	0	1	0x00000000	0x00000001		PRIVATE	READWRITE
28	u32	0x00000289823bddc0	0	10	0x00000000	0x0000000a		PRIVATE	READWRITE
28	u32	0x00000289823bddc8	0	1	0x00000000	0x00000001		PRIVATE	READWRITE
28	u32	0x00000289823bdfb4	1	0	0x00000001	0x00000000		PRIVATE	READWRITE
28	u32	0x00000289823be040	0	1	0x00000000	0x00000001		PRIVATE	READWRITE
28	u32	0x00000289823be048	0	1	0x00000000	0x00000001		PRIVATE	READWRITE
28	u32	0x00000289823be050	0	10	0x00000000	0x0000000a		PRIVATE	READWRITE
28	u32	0x00000289823be058	0	1	0x00000000	0x00000001		PRIVATE	READWRITE
28	u32	0x00000289823be0b0	0	5	0x00000000	0x00000005		PRIVATE	READWRITE
28	u32	0x00000289823be0c0	0	4	0x00000000	0x00000004		PRIVATE	READWRITE
28	u32	0x00000289823be0c8	0	4	0x00000000	0x00000004		PRIVATE	READWRITE
28	u32	0x00000289823be0d0	0	10	0x00000000	0x0000000a		PRIVATE	READWRITE
28	u32	0x00000289823be0d8	0	1	0x00000000	0x00000001		PRIVATE	READWRITE
28	u32	0x00000289823be130	0	1	0x00000000	0x00000001		PRIVATE	READWRITE
28	u32	0x00000289823be140	0	1	0x00000000	0x00000001		PRIVATE	READWRITE
28	u32	0x00000289823be148	0	1	0x00000000	0x00000001		PRIVATE	READWRITE
28	u32	0x00000289823be150	0	10	0x00000000	0x0000000a		PRIVATE	READWRITE
28	u32	0x00000289823be158	0	1	0x00000000	0x00000001		PRIVATE	READWRITE
28	u32	0x00000289823be200	0	1	0x00000000	0x00000001		PRIVATE	READWRITE
28	u32	0x00000289823be210	0	1	0x00000000	0x00000001		PRIVATE	READWRITE
28	u32	0x00000289823be218	0	1	0x00000000	0x00000001		PRIVATE	READWRITE
28	u32	0x00000289823be220	0	10	0x00000000	0x0000000a		PRIVATE	READWRITE
28	u32	0x00000289823be228	0	1	0x00000000	0x00000001		PRIVATE	READWRITE
28	u32	0x00000289823be260	0	2	0x00000000	0x00000002		PRIVATE	READWRITE
28	u32	0x00000289823be280	0	1	0x00000000	0x00000001		PRIVATE	READWRITE
28	u32	0x00000289823be290	0	1	0x00000000	0x00000001		PRIVATE	READWRITE
28	u32	0x00000289823be298	0	1	0x00000000	0x00000001		PRIVATE	READWRITE
28	u32	0x00000289823be2a0	0	10	0x00000000	0x0000000a		PRIVATE	READWRITE
28	u32	0x00000289823be2a8	0	1	0x00000000	0x00000001		PRIVATE	READWRITE
28	u32	0x00000289823be310	0	10	0x00000000	0x0000000a		PRIVATE	READWRITE
28	u32	0x00000289823be318	0	1	0x00000000	0x00000001		PRIVATE	READWRITE
28	u32	0x00000289823be364	1	0	0x00000001	0x00000000		PRIVATE	READWRITE
28	u32	0x00000289823be370	0	10	0x00000000	0x0000000a		PRIVATE	READWRITE
28	u32	0x00000289823be378	0	1	0x00000000	0x00000001		PRIVATE	READWRITE
28	u32	0x00000289823be3b0	0	5	0x00000000	0x00000005		PRIVATE	READWRITE
28	u32	0x00000289823be3b8	0	1	0x00000000	0x00000001		PRIVATE	READWRITE
28	u32	0x00000289823be4c8	0	3	0x00000000	0x00000003		PRIVATE	READWRITE
28	u32	0x00000289823be7e0	0	2	0x00000000	0x00000002		PRIVATE	READWRITE
28	u32	0x00000289823be8a0	0	10	0x00000000	0x0000000a		PRIVATE	READWRITE
28	u32	0x00000289823bea38	0	5	0x00000000	0x00000005		PRIVATE	READWRITE
28	u32	0x00000289823bea98	0	1	0x00000000	0x00000001		PRIVATE	READWRITE
28	u32	0x00000289823bed50	0	4	0x00000000	0x00000004		PRIVATE	READWRITE
28	u32	0x00000289823bee74	1	0	0x00000001	0x00000000		PRIVATE	READWRITE
28	u32	0x00000289823bf040	0	1	0x00000000	0x00000001		PRIVATE	READWRITE
28	u32	0x00000289823bf060	0	1	0x00000000	0x00000001		PRIVATE	READWRITE
28	u32	0x00000289823bf0a0	0	10	0x00000000	0x0000000a		PRIVATE	READWRITE
28	u32	0x00000289823bf0a8	0	1	0x00000000	0x00000001		PRIVATE	READWRITE
28	u32	0x00000289823bf150	0	10	0x00000000	0x0000000a		PRIVATE	READWRITE
28	u32	0x00000289823bf158	0	10	0x00000000	0x0000000a		PRIVATE	READWRITE
28	u32	0x00000289823bf1e0	0	1	0x00000000	0x00000001		PRIVATE	READWRITE
28	u32	0x00000289823bf1f0	0	1	0x00000000	0x00000001		PRIVATE	READWRITE
28	u32	0x00000289823bf1f8	0	1	0x00000000	0x00000001		PRIVATE	READWRITE
28	u32	0x00000289823bf200	0	10	0x00000000	0x0000000a		PRIVATE	READWRITE
28	u32	0x00000289823bf208	0	1	0x00000000	0x00000001		PRIVATE	READWRITE
28	u32	0x00000289823bf280	0	10	0x00000000	0x0000000a		PRIVATE	READWRITE
28	u32	0x00000289823bf288	0	1	0x00000000	0x00000001		PRIVATE	READWRITE
28	u32	0x00000289823bf2d8	0	1	0x00000000	0x00000001		PRIVATE	READWRITE
28	u32	0x00000289823bf2e0	0	1	0x00000000	0x00000001		PRIVATE	READWRITE
28	u32	0x00000289823bf300	0	1	0x00000000	0x00000001		PRIVATE	READWRITE
28	u32	0x00000289823bf358	0	4	0x00000000	0x00000004		PRIVATE	READWRITE
28	u32	0x00000289823bf360	0	10	0x00000000	0x0000000a		PRIVATE	READWRITE
28	u32	0x00000289823bf368	0	1	0x00000000	0x00000001		PRIVATE	READWRITE
28	u32	0x00000289823eea64	1	0	0x00000001	0x00000000		PRIVATE	READWRITE
28	u32	0x00000289823eea88	0	3	0x00000000	0x00000003		PRIVATE	READWRITE
28	u32	0x00000289823eeda0	0	2	0x00000000	0x00000002		PRIVATE	READWRITE
28	u32	0x00000289823eee14	1	0	0x00000001	0x00000000		PRIVATE	READWRITE
28	u32	0x00000289823eee60	0	10	0x00000000	0x0000000a		PRIVATE	READWRITE
28	u32	0x00000289823eeff8	0	5	0x00000000	0x00000005		PRIVATE	READWRITE
28	u32	0x00000289823ef058	0	1	0x00000000	0x00000001		PRIVATE	READWRITE
28	u32	0x00000289823ef1c4	1	0	0x00000001	0x00000000		PRIVATE	READWRITE
28	u32	0x00000289823ef310	0	4	0x00000000	0x00000004		PRIVATE	READWRITE
28	u32	0x00000289823ef574	1	0	0x00000001	0x00000000		PRIVATE	READWRITE
28	u32	0x00000289823ef924	1	0	0x00000001	0x00000000		PRIVATE	READWRITE
28	u32	0x00000289823fe5b8	0	1	0x00000000	0x00000001		PRIVATE	READWRITE
28	u32	0x00000289823fe5c0	0	1	0x00000000	0x00000001		PRIVATE	READWRITE
28	u32	0x00000289823fe6f8	1	3	0x00000001	0x00000003		PRIVATE	READWRITE
28	u32	0x000002898240e388	0	4	0x00000000	0x00000004		PRIVATE	READWRITE
28	u32	0x000002898240e3b0	0	4	0x00000000	0x00000004		PRIVATE	READWRITE
28	u32	0x0000028982416b78	0	1	0x00000000	0x00000001		PRIVATE	READWRITE
28	u32	0x0000028982416ba8	0	3	0x00000000	0x00000003		PRIVATE	READWRITE
28	u32	0x0000028982416bc0	0	2	0x00000000	0x00000002		PRIVATE	READWRITE
28	u32	0x0000028982416c00	0	10	0x00000000	0x0000000a		PRIVATE	READWRITE
28	u32	0x0000028982416c08	0	1	0x00000000	0x00000001		PRIVATE	READWRITE
28	u32	0x0000028982416c40	0	1	0x00000000	0x00000001		PRIVATE	READWRITE
28	u32	0x0000028982416c60	0	3	0x00000000	0x00000003		PRIVATE	READWRITE
28	u32	0x0000028982416c70	0	3	0x00000000	0x00000003		PRIVATE	READWRITE
28	u32	0x0000028982416c88	0	3	0x00000000	0x00000003		PRIVATE	READWRITE
28	u32	0x0000028982416ca0	0	3	0x00000000	0x00000003		PRIVATE	READWRITE
28	u32	0x0000028982416cc0	0	3	0x00000000	0x00000003		PRIVATE	READWRITE
28	u32	0x0000028982416cd0	0	3	0x00000000	0x00000003		PRIVATE	READWRITE
28	u32	0x0000028982416ce8	0	3	0x00000000	0x00000003		PRIVATE	READWRITE
28	u32	0x0000028982416d00	0	3	0x00000000	0x00000003		PRIVATE	READWRITE
28	u32	0x0000028982416d40	0	10	0x00000000	0x0000000a		PRIVATE	READWRITE
28	u32	0x0000028982416d48	0	1	0x00000000	0x00000001		PRIVATE	READWRITE
28	u32	0x0000028982416da0	0	10	0x00000000	0x0000000a		PRIVATE	READWRITE
28	u32	0x0000028982416da8	0	1	0x00000000	0x00000001		PRIVATE	READWRITE
28	u32	0x0000028982416e20	0	10	0x00000000	0x0000000a		PRIVATE	READWRITE
28	u32	0x0000028982416e28	0	1	0x00000000	0x00000001		PRIVATE	READWRITE
28	u32	0x0000028982416f30	0	1	0x00000000	0x00000001		PRIVATE	READWRITE
28	u32	0x0000028982416f90	0	1	0x00000000	0x00000001		PRIVATE	READWRITE
28	u32	0x0000028982417080	0	1	0x00000000	0x00000001		PRIVATE	READWRITE
28	u32	0x0000028982417090	0	1	0x00000000	0x00000001		PRIVATE	READWRITE
28	u32	0x0000028982417098	0	1	0x00000000	0x00000001		PRIVATE	READWRITE
28	u32	0x00000289824170a0	0	10	0x00000000	0x0000000a		PRIVATE	READWRITE
28	u32	0x00000289824170a8	0	1	0x00000000	0x00000001		PRIVATE	READWRITE
28	u32	0x0000028982417100	0	10	0x00000000	0x0000000a		PRIVATE	READWRITE
28	u32	0x0000028982417108	0	1	0x00000000	0x00000001		PRIVATE	READWRITE
28	u32	0x0000028982417150	0	1	0x00000000	0x00000001		PRIVATE	READWRITE
28	u32	0x0000028982417158	0	1	0x00000000	0x00000001		PRIVATE	READWRITE
28	u32	0x0000028982417160	0	1	0x00000000	0x00000001		PRIVATE	READWRITE
28	u32	0x00000289824171a0	0	10	0x00000000	0x0000000a		PRIVATE	READWRITE
28	u32	0x00000289824171a8	0	1	0x00000000	0x00000001		PRIVATE	READWRITE
28	u32	0x00000289824171e0	0	5	0x00000000	0x00000005		PRIVATE	READWRITE
28	u32	0x00000289824171e8	0	1	0x00000000	0x00000001		PRIVATE	READWRITE
28	u32	0x0000028982417238	1	0	0x00000001	0x00000000		PRIVATE	READWRITE
28	u32	0x0000028982417280	0	1	0x00000000	0x00000001		PRIVATE	READWRITE
28	u32	0x0000028982417290	0	1	0x00000000	0x00000001		PRIVATE	READWRITE
28	u32	0x0000028982417298	0	1	0x00000000	0x00000001		PRIVATE	READWRITE
28	u32	0x00000289824172a0	0	10	0x00000000	0x0000000a		PRIVATE	READWRITE
28	u32	0x00000289824172a8	0	1	0x00000000	0x00000001		PRIVATE	READWRITE
28	u32	0x0000028982417370	0	1	0x00000000	0x00000001		PRIVATE	READWRITE
28	u32	0x00000289824173b0	0	10	0x00000000	0x0000000a		PRIVATE	READWRITE
28	u32	0x00000289824173b8	0	1	0x00000000	0x00000001		PRIVATE	READWRITE
28	u32	0x00000289824173f8	0	1	0x00000000	0x00000001		PRIVATE	READWRITE
28	u32	0x00000289824174a0	0	1	0x00000000	0x00000001		PRIVATE	READWRITE
28	u32	0x00000289824174a8	0	1	0x00000000	0x00000001		PRIVATE	READWRITE
28	u32	0x00000289824174b8	0	1	0x00000000	0x00000001		PRIVATE	READWRITE
28	u32	0x0000028982417518	0	1	0x00000000	0x00000001		PRIVATE	READWRITE
28	u32	0x000002898241751c	0	1	0x00000000	0x00000001		PRIVATE	READWRITE
28	u32	0x0000028982417520	0	1	0x00000000	0x00000001		PRIVATE	READWRITE
28	u32	0x00000289824175c8	0	1	0x00000000	0x00000001		PRIVATE	READWRITE
28	u32	0x00000289824185ac	0	5	0x00000000	0x00000005		PRIVATE	READWRITE
28	u32	0x00000289824239d8	0	3	0x00000000	0x00000003		PRIVATE	READWRITE
28	u32	0x0000028982423cf0	0	2	0x00000000	0x00000002		PRIVATE	READWRITE
28	u32	0x0000028982423db0	0	10	0x00000000	0x0000000a		PRIVATE	READWRITE
28	u32	0x0000028982423f48	0	5	0x00000000	0x00000005		PRIVATE	READWRITE
28	u32	0x0000028982423fa8	0	1	0x00000000	0x00000001		PRIVATE	READWRITE
28	u32	0x0000028982424260	0	4	0x00000000	0x00000004		PRIVATE	READWRITE
28	u32	0x0000028982424600	0	2	0x00000000	0x00000002		PRIVATE	READWRITE
28	u32	0x0000028982424640	0	4	0x00000000	0x00000004		PRIVATE	READWRITE
28	u32	0x0000028982424688	0	1	0x00000000	0x00000001		PRIVATE	READWRITE
28	u32	0x00000289824246b8	0	3	0x00000000	0x00000003		PRIVATE	READWRITE
28	u32	0x00000289824246d0	0	2	0x00000000	0x00000002		PRIVATE	READWRITE
28	u32	0x0000028982424758	0	1	0x00000000	0x00000001		PRIVATE	READWRITE
28	u32	0x0000028982424788	0	3	0x00000000	0x00000003		PRIVATE	READWRITE
28	u32	0x00000289824247a0	0	2	0x00000000	0x00000002		PRIVATE	READWRITE
28	u32	0x0000028982424828	0	1	0x00000000	0x00000001		PRIVATE	READWRITE
28	u32	0x0000028982424858	0	3	0x00000000	0x00000003		PRIVATE	READWRITE
28	u32	0x00000289824248f8	0	1	0x00000000	0x00000001		PRIVATE	READWRITE
28	u32	0x0000028982424940	0	2	0x00000000	0x00000002		PRIVATE	READWRITE
28	u32	0x0000028982424968	0	5	0x00000000	0x00000005		PRIVATE	READWRITE
28	u32	0x0000028982424980	0	4	0x00000000	0x00000004		PRIVATE	READWRITE
28	u32	0x00000289824249c8	0	1	0x00000000	0x00000001		PRIVATE	READWRITE
28	u32	0x00000289824249f8	0	3	0x00000000	0x00000003		PRIVATE	READWRITE
28	u32	0x0000028982424a10	0	2	0x00000000	0x00000002		PRIVATE	READWRITE
28	u32	0x0000028982424a50	0	10	0x00000000	0x0000000a		PRIVATE	READWRITE
28	u32	0x0000028982424a58	0	1	0x00000000	0x00000001		PRIVATE	READWRITE
28	u32	0x0000028982424a90	0	1	0x00000000	0x00000001		PRIVATE	READWRITE
28	u32	0x0000028982424aa0	0	1	0x00000000	0x00000001		PRIVATE	READWRITE
28	u32	0x0000028982424aa8	0	1	0x00000000	0x00000001		PRIVATE	READWRITE
28	u32	0x0000028982424ab0	0	10	0x00000000	0x0000000a		PRIVATE	READWRITE
28	u32	0x0000028982424ab8	0	1	0x00000000	0x00000001		PRIVATE	READWRITE
28	u32	0x0000028982424b10	0	1	0x00000000	0x00000001		PRIVATE	READWRITE
28	u32	0x0000028982424b20	0	1	0x00000000	0x00000001		PRIVATE	READWRITE
28	u32	0x0000028982424b28	0	1	0x00000000	0x00000001		PRIVATE	READWRITE
28	u32	0x0000028982424b30	0	10	0x00000000	0x0000000a		PRIVATE	READWRITE
28	u32	0x0000028982424b38	0	1	0x00000000	0x00000001		PRIVATE	READWRITE
28	u32	0x0000028982424b90	0	1	0x00000000	0x00000001		PRIVATE	READWRITE
28	u32	0x0000028982424ba0	0	1	0x00000000	0x00000001		PRIVATE	READWRITE
28	u32	0x0000028982424ba8	0	1	0x00000000	0x00000001		PRIVATE	READWRITE
28	u32	0x0000028982424bb0	0	10	0x00000000	0x0000000a		PRIVATE	READWRITE
28	u32	0x0000028982424bb8	0	1	0x00000000	0x00000001		PRIVATE	READWRITE
28	u32	0x0000028982424c00	0	1	0x00000000	0x00000001		PRIVATE	READWRITE
28	u32	0x0000028982424c08	0	1	0x00000000	0x00000001		PRIVATE	READWRITE
28	u32	0x0000028982424c10	0	10	0x00000000	0x0000000a		PRIVATE	READWRITE
28	u32	0x0000028982424c18	0	1	0x00000000	0x00000001		PRIVATE	READWRITE
28	u32	0x0000028982424c50	0	1	0x00000000	0x00000001		PRIVATE	READWRITE
28	u32	0x0000028982424c80	0	1	0x00000000	0x00000001		PRIVATE	READWRITE
28	u32	0x0000028982424cb0	0	4	0x00000000	0x00000004		PRIVATE	READWRITE
28	u32	0x0000028982424cb8	0	4	0x00000000	0x00000004		PRIVATE	READWRITE
28	u32	0x0000028982424cc0	0	10	0x00000000	0x0000000a		PRIVATE	READWRITE
28	u32	0x0000028982424cc8	0	1	0x00000000	0x00000001		PRIVATE	READWRITE
28	u32	0x0000028982424d24	0	1	0x00000000	0x00000001		PRIVATE	READWRITE
28	u32	0x0000028982424d60	0	10	0x00000000	0x0000000a		PRIVATE	READWRITE
28	u32	0x0000028982424d68	0	1	0x00000000	0x00000001		PRIVATE	READWRITE
28	u32	0x0000028982424da0	0	5	0x00000000	0x00000005		PRIVATE	READWRITE
28	u32	0x0000028982424da8	0	1	0x00000000	0x00000001		PRIVATE	READWRITE
28	u32	0x0000028982424e50	0	1	0x00000000	0x00000001		PRIVATE	READWRITE
28	u32	0x0000028982424e58	0	1	0x00000000	0x00000001		PRIVATE	READWRITE
28	u32	0x0000028982424e60	0	10	0x00000000	0x0000000a		PRIVATE	READWRITE
28	u32	0x0000028982424e68	0	1	0x00000000	0x00000001		PRIVATE	READWRITE
28	u32	0x0000028982424ed0	0	1	0x00000000	0x00000001		PRIVATE	READWRITE
28	u32	0x0000028982424ed8	0	1	0x00000000	0x00000001		PRIVATE	READWRITE
28	u32	0x0000028982424ee0	0	10	0x00000000	0x0000000a		PRIVATE	READWRITE
28	u32	0x0000028982424ee8	0	1	0x00000000	0x00000001		PRIVATE	READWRITE
28	u32	0x0000028982424f40	0	5	0x00000000	0x00000005		PRIVATE	READWRITE
28	u32	0x0000028982424f60	0	10	0x00000000	0x0000000a		PRIVATE	READWRITE
28	u32	0x0000028982424f68	0	1	0x00000000	0x00000001		PRIVATE	READWRITE
28	u32	0x0000028982425068	0	1	0x00000000	0x00000001		PRIVATE	READWRITE
28	u32	0x0000028982425090	0	1	0x00000000	0x00000001		PRIVATE	READWRITE
28	u32	0x00000289824250a8	0	1	0x00000000	0x00000001		PRIVATE	READWRITE
28	u32	0x00000289824250b0	0	10	0x00000000	0x0000000a		PRIVATE	READWRITE
28	u32	0x00000289824250b8	0	1	0x00000000	0x00000001		PRIVATE	READWRITE
28	u32	0x0000028982425150	1	0	0x00000001	0x00000000		PRIVATE	READWRITE
28	u32	0x00000289824252b0	1	0	0x00000001	0x00000000		PRIVATE	READWRITE
28	u32	0x0000028982425340	0	4	0x00000000	0x00000004		PRIVATE	READWRITE
28	u32	0x00000289824253b8	0	3	0x00000000	0x00000003		PRIVATE	READWRITE
28	u32	0x00000289824253d0	0	2	0x00000000	0x00000002		PRIVATE	READWRITE
28	u32	0x0000028982457530	0	10	0x00000000	0x0000000a		PRIVATE	READWRITE
28	u32	0x0000028982457660	0	1	0x00000000	0x00000001		PRIVATE	READWRITE
28	u32	0x0000028982457668	0	1	0x00000000	0x00000001		PRIVATE	READWRITE
28	u32	0x0000028982457670	0	10	0x00000000	0x0000000a		PRIVATE	READWRITE
28	u32	0x0000028982457678	0	1	0x00000000	0x00000001		PRIVATE	READWRITE
28	u32	0x00000289824576e0	0	10	0x00000000	0x0000000a		PRIVATE	READWRITE
28	u32	0x00000289824576e8	0	1	0x00000000	0x00000001		PRIVATE	READWRITE
28	u32	0x0000028982457740	0	10	0x00000000	0x0000000a		PRIVATE	READWRITE
28	u32	0x0000028982457748	0	1	0x00000000	0x00000001		PRIVATE	READWRITE
28	u32	0x0000028982457790	0	1	0x00000000	0x00000001		PRIVATE	READWRITE
28	u32	0x0000028982457798	0	1	0x00000000	0x00000001		PRIVATE	READWRITE
28	u32	0x00000289824577a0	0	10	0x00000000	0x0000000a		PRIVATE	READWRITE
28	u32	0x00000289824577a8	0	1	0x00000000	0x00000001		PRIVATE	READWRITE
28	u32	0x0000028982457840	0	5	0x00000000	0x00000005		PRIVATE	READWRITE
28	u32	0x0000028982457924	0	5	0x00000000	0x00000005		PRIVATE	READWRITE
28	u32	0x000002898245794c	0	1	0x00000000	0x00000001		PRIVATE	READWRITE
28	u32	0x00000289824579b8	0	5	0x00000000	0x00000005		PRIVATE	READWRITE
28	u32	0x00000289824579e0	0	1	0x00000000	0x00000001		PRIVATE	READWRITE
28	u32	0x0000028982457a80	0	10	0x00000000	0x0000000a		PRIVATE	READWRITE
28	u32	0x0000028982457a88	0	1	0x00000000	0x00000001		PRIVATE	READWRITE
28	u32	0x0000028982457af0	0	1	0x00000000	0x00000001		PRIVATE	READWRITE
28	u32	0x0000028982457af8	0	1	0x00000000	0x00000001		PRIVATE	READWRITE
28	u32	0x0000028982457b00	0	10	0x00000000	0x0000000a		PRIVATE	READWRITE
28	u32	0x0000028982457b08	0	1	0x00000000	0x00000001		PRIVATE	READWRITE
28	u32	0x0000028982457b40	0	1	0x00000000	0x00000001		PRIVATE	READWRITE
28	u32	0x0000028982457b80	0	10	0x00000000	0x0000000a		PRIVATE	READWRITE
28	u32	0x0000028982457b88	0	1	0x00000000	0x00000001		PRIVATE	READWRITE
28	u32	0x0000028982457bd0	0	3	0x00000000	0x00000003		PRIVATE	READWRITE
28	u32	0x0000028982457bd8	0	3	0x00000000	0x00000003		PRIVATE	READWRITE
28	u32	0x0000028982457c60	0	1	0x00000000	0x00000001		PRIVATE	READWRITE
28	u32	0x0000028982457c70	0	1	0x00000000	0x00000001		PRIVATE	READWRITE
28	u32	0x0000028982457c78	0	1	0x00000000	0x00000001		PRIVATE	READWRITE
28	u32	0x0000028982457c80	0	10	0x00000000	0x0000000a		PRIVATE	READWRITE
28	u32	0x0000028982457c88	0	1	0x00000000	0x00000001		PRIVATE	READWRITE
28	u32	0x0000028982457cf0	0	3	0x00000000	0x00000003		PRIVATE	READWRITE
28	u32	0x0000028982457cf8	0	3	0x00000000	0x00000003		PRIVATE	READWRITE
28	u32	0x0000028982457da0	0	10	0x00000000	0x0000000a		PRIVATE	READWRITE
28	u32	0x0000028982457da8	0	1	0x00000000	0x00000001		PRIVATE	READWRITE
28	u32	0x0000028982457df0	0	1	0x00000000	0x00000001		PRIVATE	READWRITE
28	u32	0x0000028982457df8	0	1	0x00000000	0x00000001		PRIVATE	READWRITE
28	u32	0x0000028982457e00	0	10	0x00000000	0x0000000a		PRIVATE	READWRITE
28	u32	0x0000028982457e08	0	1	0x00000000	0x00000001		PRIVATE	READWRITE
28	u32	0x0000028982457eb0	0	2	0x00000000	0x00000002		PRIVATE	READWRITE
28	u32	0x0000028982457f58	0	1	0x00000000	0x00000001		PRIVATE	READWRITE
28	u32	0x0000028982457f88	0	3	0x00000000	0x00000003		PRIVATE	READWRITE
28	u32	0x0000028982457fa0	0	2	0x00000000	0x00000002		PRIVATE	READWRITE
28	u32	0x00000289824ab230	0	1	0x00000000	0x00000001		PRIVATE	READWRITE
28	u32	0x00000289824bb5f4	1	0	0x00000001	0x00000000		PRIVATE	READWRITE
28	u32	0x00000289824bb9a4	1	0	0x00000001	0x00000000		PRIVATE	READWRITE
28	u32	0x00000289824bbb00	0	1	0x00000000	0x00000001		PRIVATE	READWRITE
28	u32	0x00000289824bbb08	0	1	0x00000000	0x00000001		PRIVATE	READWRITE
28	u32	0x00000289824bbb38	0	4	0x00000000	0x00000004		PRIVATE	READWRITE
28	u32	0x00000289824bbb60	0	2	0x00000000	0x00000002		PRIVATE	READWRITE
28	u32	0x00000289824bbbb8	0	2	0x00000000	0x00000002		PRIVATE	READWRITE
28	u32	0x00000289824bbbe8	0	1	0x00000000	0x00000001		PRIVATE	READWRITE
28	u32	0x00000289824bbbf8	0	1	0x00000000	0x00000001		PRIVATE	READWRITE
28	u32	0x00000289824bbc20	0	2	0x00000000	0x00000002		PRIVATE	READWRITE
28	u32	0x00000289824bbc78	0	2	0x00000000	0x00000002		PRIVATE	READWRITE
28	u32	0x00000289824bbca8	0	1	0x00000000	0x00000001		PRIVATE	READWRITE
28	u32	0x00000289824bbcb8	0	1	0x00000000	0x00000001		PRIVATE	READWRITE
28	u32	0x00000289824bbce0	0	1	0x00000000	0x00000001		PRIVATE	READWRITE
28	u32	0x00000289824bbce8	0	2	0x00000000	0x00000002		PRIVATE	READWRITE
28	u32	0x00000289824bbd48	0	1	0x00000000	0x00000001		PRIVATE	READWRITE
28	u32	0x00000289824bbd54	1	0	0x00000001	0x00000000		PRIVATE	READWRITE
28	u32	0x00000289824bbdc8	0	1	0x00000000	0x00000001		PRIVATE	READWRITE
28	u32	0x00000289824bbdd0	0	4	0x00000000	0x00000004		PRIVATE	READWRITE
28	u32	0x00000289824bbe48	0	1	0x00000000	0x00000001		PRIVATE	READWRITE
28	u32	0x00000289824bbe50	0	5	0x00000000	0x00000005		PRIVATE	READWRITE
28	u32	0x00000289824bbe78	0	1	0x00000000	0x00000001		PRIVATE	READWRITE
28	u32	0x00000289824bbe88	0	1	0x00000000	0x00000001		PRIVATE	READWRITE
28	u32	0x00000289824bbeb0	0	1	0x00000000	0x00000001		PRIVATE	READWRITE
28	u32	0x00000289824bbf08	0	1	0x00000000	0x00000001		PRIVATE	READWRITE
28	u32	0x00000289824bbf70	0	1	0x00000000	0x00000001		PRIVATE	READWRITE
28	u32	0x00000289824bbfa8	0	3	0x00000000	0x00000003		PRIVATE	READWRITE
28	u32	0x00000289824bbfd0	0	2	0x00000000	0x00000002		PRIVATE	READWRITE
28	u32	0x00000289824bc038	0	2	0x00000000	0x00000002		PRIVATE	READWRITE
28	u32	0x00000289824bc0a0	0	2	0x00000000	0x00000002		PRIVATE	READWRITE
28	u32	0x00000289824bc168	0	1	0x00000000	0x00000001		PRIVATE	READWRITE
28	u32	0x00000289824bc170	0	10	0x00000000	0x0000000a		PRIVATE	READWRITE
28	u32	0x00000289824bc1a0	0	1	0x00000000	0x00000001		PRIVATE	READWRITE
28	u32	0x00000289824bc1c8	0	2	0x00000000	0x00000002		PRIVATE	READWRITE
28	u32	0x00000289824bc228	0	1	0x00000000	0x00000001		PRIVATE	READWRITE
28	u32	0x00000289824bc260	0	2	0x00000000	0x00000002		PRIVATE	READWRITE
28	u32	0x00000289824bc288	0	2	0x00000000	0x00000002		PRIVATE	READWRITE
28	u32	0x00000289824bc2e0	0	2	0x00000000	0x00000002		PRIVATE	READWRITE
28	u32	0x00000289824bc338	0	1	0x00000000	0x00000001		PRIVATE	READWRITE
28	u32	0x00000289824bc398	0	1	0x00000000	0x00000001		PRIVATE	READWRITE
28	u32	0x00000289824bc3f0	0	1	0x00000000	0x00000001		PRIVATE	READWRITE
28	u32	0x00000289824bc448	0	1	0x00000000	0x00000001		PRIVATE	READWRITE
28	u32	0x00000289824bc4a0	0	1	0x00000000	0x00000001		PRIVATE	READWRITE
28	u32	0x00000289824bc4b4	1	0	0x00000001	0x00000000		PRIVATE	READWRITE
28	u32	0x00000289824bc4f8	0	1	0x00000000	0x00000001		PRIVATE	READWRITE
28	u32	0x00000289824bc538	0	1	0x00000000	0x00000001		PRIVATE	READWRITE
28	u32	0x00000289824bc598	0	1	0x00000000	0x00000001		PRIVATE	READWRITE
28	u32	0x00000289824bc5f0	0	1	0x00000000	0x00000001		PRIVATE	READWRITE
28	u32	0x00000289824bc658	0	1	0x00000000	0x00000001		PRIVATE	READWRITE
28	u32	0x00000289824bc6b8	0	1	0x00000000	0x00000001		PRIVATE	READWRITE
28	u32	0x00000289824bc718	0	1	0x00000000	0x00000001		PRIVATE	READWRITE
28	u32	0x00000289824bc750	0	2	0x00000000	0x00000002		PRIVATE	READWRITE
28	u32	0x00000289824bc778	0	2	0x00000000	0x00000002		PRIVATE	READWRITE
28	u32	0x00000289824bc7d0	0	2	0x00000000	0x00000002		PRIVATE	READWRITE
28	u32	0x00000289824bc8a0	0	2	0x00000000	0x00000002		PRIVATE	READWRITE
28	u32	0x00000289824bc8c8	0	2	0x00000000	0x00000002		PRIVATE	READWRITE
28	u32	0x00000289824bc920	0	2	0x00000000	0x00000002		PRIVATE	READWRITE
28	u32	0x00000289824bc978	0	1	0x00000000	0x00000001		PRIVATE	READWRITE
28	u32	0x00000289824bc9b0	0	4	0x00000000	0x00000004		PRIVATE	READWRITE
28	u32	0x00000289824bc9d8	0	2	0x00000000	0x00000002		PRIVATE	READWRITE
28	u32	0x00000289824bca30	0	2	0x00000000	0x00000002		PRIVATE	READWRITE
28	u32	0x00000289824bca88	0	2	0x00000000	0x00000002		PRIVATE	READWRITE
28	u32	0x00000289824bcae0	0	2	0x00000000	0x00000002		PRIVATE	READWRITE
28	u32	0x00000289824bcb10	0	1	0x00000000	0x00000001		PRIVATE	READWRITE
28	u32	0x00000289824bcb48	0	1	0x00000000	0x00000001		PRIVATE	READWRITE
28	u32	0x00000289824bcbc8	0	1	0x00000000	0x00000001		PRIVATE	READWRITE
28	u32	0x00000289824bcc14	1	0	0x00000001	0x00000000		PRIVATE	READWRITE
28	u32	0x00000289824bcc28	0	1	0x00000000	0x00000001		PRIVATE	READWRITE
28	u32	0x00000289824bcc88	0	1	0x00000000	0x00000001		PRIVATE	READWRITE
28	u32	0x00000289824bcce8	0	1	0x00000000	0x00000001		PRIVATE	READWRITE
28	u32	0x00000289824bcd20	0	1	0x00000000	0x00000001		PRIVATE	READWRITE
28	u32	0x00000289824bcd40	0	1	0x00000000	0x00000001		PRIVATE	READWRITE
28	u32	0x00000289824bcda8	0	1	0x00000000	0x00000001		PRIVATE	READWRITE
28	u32	0x00000289824bce08	0	1	0x00000000	0x00000001		PRIVATE	READWRITE
28	u32	0x00000289824bce70	0	1	0x00000000	0x00000001		PRIVATE	READWRITE
28	u32	0x00000289824bced0	0	1	0x00000000	0x00000001		PRIVATE	READWRITE
28	u32	0x00000289824bcf30	0	1	0x00000000	0x00000001		PRIVATE	READWRITE
28	u32	0x00000289824bcf68	0	3	0x00000000	0x00000003		PRIVATE	READWRITE
28	u32	0x00000289824bcf90	0	2	0x00000000	0x00000002		PRIVATE	READWRITE
28	u32	0x00000289824bcfc4	1	0	0x00000001	0x00000000		PRIVATE	READWRITE
28	u32	0x00000289824bcff0	0	2	0x00000000	0x00000002		PRIVATE	READWRITE
28	u32	0x00000289824bd048	0	2	0x00000000	0x00000002		PRIVATE	READWRITE
28	u32	0x00000289824bd0a0	0	1	0x00000000	0x00000001		PRIVATE	READWRITE
28	u32	0x00000289824bd108	0	1	0x00000000	0x00000001		PRIVATE	READWRITE
28	u32	0x00000289824bd168	0	1	0x00000000	0x00000001		PRIVATE	READWRITE
28	u32	0x00000289824bd1c0	0	1	0x00000000	0x00000001		PRIVATE	READWRITE
28	u32	0x00000289824bd220	0	1	0x00000000	0x00000001		PRIVATE	READWRITE
28	u32	0x00000289824bd278	0	1	0x00000000	0x00000001		PRIVATE	READWRITE
28	u32	0x00000289824bd2d0	0	1	0x00000000	0x00000001		PRIVATE	READWRITE
28	u32	0x00000289824bd328	0	1	0x00000000	0x00000001		PRIVATE	READWRITE
28	u32	0x00000289824bd374	1	0	0x00000001	0x00000000		PRIVATE	READWRITE
28	u32	0x00000289824bd390	0	1	0x00000000	0x00000001		PRIVATE	READWRITE
28	u32	0x00000289824bd410	0	1	0x00000000	0x00000001		PRIVATE	READWRITE
28	u32	0x00000289824bd478	0	1	0x00000000	0x00000001		PRIVATE	READWRITE
28	u32	0x00000289824bd4e0	0	1	0x00000000	0x00000001		PRIVATE	READWRITE
28	u32	0x00000289824bd538	0	1	0x00000000	0x00000001		PRIVATE	READWRITE
28	u32	0x00000289824bd570	0	3	0x00000000	0x00000003		PRIVATE	READWRITE
28	u32	0x00000289824bd598	0	2	0x00000000	0x00000002		PRIVATE	READWRITE
28	u32	0x00000289824bd5f0	0	2	0x00000000	0x00000002		PRIVATE	READWRITE
28	u32	0x00000289824bd648	0	2	0x00000000	0x00000002		PRIVATE	READWRITE
28	u32	0x00000289824bd6a0	0	1	0x00000000	0x00000001		PRIVATE	READWRITE
28	u32	0x00000289824bd708	0	1	0x00000000	0x00000001		PRIVATE	READWRITE
28	u32	0x00000289824bd724	1	0	0x00000001	0x00000000		PRIVATE	READWRITE
28	u32	0x00000289824bd770	0	1	0x00000000	0x00000001		PRIVATE	READWRITE
28	u32	0x00000289824bd7a8	0	5	0x00000000	0x00000005		PRIVATE	READWRITE
28	u32	0x00000289824bd7d0	0	2	0x00000000	0x00000002		PRIVATE	READWRITE
28	u32	0x00000289824bd850	0	2	0x00000000	0x00000002		PRIVATE	READWRITE
28	u32	0x00000289824bd8a8	0	2	0x00000000	0x00000002		PRIVATE	READWRITE
28	u32	0x00000289824bd8e0	0	2	0x00000000	0x00000002		PRIVATE	READWRITE
28	u32	0x00000289824bd908	0	3	0x00000000	0x00000003		PRIVATE	READWRITE
28	u32	0x00000289824bd960	0	3	0x00000000	0x00000003		PRIVATE	READWRITE
28	u32	0x00000289824bd9b8	0	2	0x00000000	0x00000002		PRIVATE	READWRITE
28	u32	0x00000289824bda10	0	2	0x00000000	0x00000002		PRIVATE	READWRITE
28	u32	0x00000289824bdad4	1	0	0x00000001	0x00000000		PRIVATE	READWRITE
28	u32	0x00000289824bde84	1	0	0x00000001	0x00000000		PRIVATE	READWRITE
28	u32	0x00000289824be234	1	0	0x00000001	0x00000000		PRIVATE	READWRITE
28	u32	0x00000289824be330	0	1	0x00000000	0x00000001		PRIVATE	READWRITE
28	u32	0x00000289824be338	0	1	0x00000000	0x00000001		PRIVATE	READWRITE
28	u32	0x00000289824be368	0	4	0x00000000	0x00000004		PRIVATE	READWRITE
28	u32	0x00000289824be390	0	2	0x00000000	0x00000002		PRIVATE	READWRITE
28	u32	0x00000289824be3e8	0	2	0x00000000	0x00000002		PRIVATE	READWRITE
28	u32	0x00000289824be418	0	1	0x00000000	0x00000001		PRIVATE	READWRITE
28	u32	0x00000289824be428	0	1	0x00000000	0x00000001		PRIVATE	READWRITE
28	u32	0x00000289824be450	0	2	0x00000000	0x00000002		PRIVATE	READWRITE
28	u32	0x00000289824be4a8	0	2	0x00000000	0x00000002		PRIVATE	READWRITE
28	u32	0x00000289824be4d8	0	1	0x00000000	0x00000001		PRIVATE	READWRITE
28	u32	0x00000289824be4e8	0	1	0x00000000	0x00000001		PRIVATE	READWRITE
28	u32	0x00000289824be510	0	1	0x00000000	0x00000001		PRIVATE	READWRITE
28	u32	0x00000289824be518	0	2	0x00000000	0x00000002		PRIVATE	READWRITE
28	u32	0x00000289824be578	0	1	0x00000000	0x00000001		PRIVATE	READWRITE
28	u32	0x00000289824be580	0	3	0x00000000	0x00000003		PRIVATE	READWRITE
28	u32	0x00000289824be5f8	0	1	0x00000000	0x00000001		PRIVATE	READWRITE
28	u32	0x00000289824be600	0	4	0x00000000	0x00000004		PRIVATE	READWRITE
28	u32	0x00000289824be678	0	1	0x00000000	0x00000001		PRIVATE	READWRITE
28	u32	0x00000289824be680	0	5	0x00000000	0x00000005		PRIVATE	READWRITE
28	u32	0x00000289824be6a8	0	1	0x00000000	0x00000001		PRIVATE	READWRITE
28	u32	0x00000289824be6b8	0	1	0x00000000	0x00000001		PRIVATE	READWRITE
28	u32	0x00000289824be6e0	0	1	0x00000000	0x00000001		PRIVATE	READWRITE
28	u32	0x00000289824be738	0	1	0x00000000	0x00000001		PRIVATE	READWRITE
28	u32	0x00000289824be7a0	0	1	0x00000000	0x00000001		PRIVATE	READWRITE
28	u32	0x00000289824be7d8	0	3	0x00000000	0x00000003		PRIVATE	READWRITE
28	u32	0x00000289824be800	0	2	0x00000000	0x00000002		PRIVATE	READWRITE
28	u32	0x00000289824be868	0	2	0x00000000	0x00000002		PRIVATE	READWRITE
28	u32	0x00000289824be8d0	0	2	0x00000000	0x00000002		PRIVATE	READWRITE
28	u32	0x00000289824be938	0	1	0x00000000	0x00000001		PRIVATE	READWRITE
28	u32	0x00000289824be9a0	0	10	0x00000000	0x0000000a		PRIVATE	READWRITE
28	u32	0x00000289824be9d0	0	1	0x00000000	0x00000001		PRIVATE	READWRITE
28	u32	0x00000289824be9f8	0	2	0x00000000	0x00000002		PRIVATE	READWRITE
28	u32	0x00000289824bea58	0	1	0x00000000	0x00000001		PRIVATE	READWRITE
28	u32	0x00000289824bea90	0	2	0x00000000	0x00000002		PRIVATE	READWRITE
28	u32	0x00000289824beab8	0	2	0x00000000	0x00000002		PRIVATE	READWRITE
28	u32	0x00000289824beb10	0	2	0x00000000	0x00000002		PRIVATE	READWRITE
28	u32	0x00000289824beb68	0	1	0x00000000	0x00000001		PRIVATE	READWRITE
28	u32	0x00000289824bebc8	0	1	0x00000000	0x00000001		PRIVATE	READWRITE
28	u32	0x00000289824bec20	0	1	0x00000000	0x00000001		PRIVATE	READWRITE
28	u32	0x00000289824bec78	0	1	0x00000000	0x00000001		PRIVATE	READWRITE
28	u32	0x00000289824becd0	0	1	0x00000000	0x00000001		PRIVATE	READWRITE
28	u32	0x00000289824bed28	0	1	0x00000000	0x00000001		PRIVATE	READWRITE
28	u32	0x00000289824bed44	1	0	0x00000001	0x00000000		PRIVATE	READWRITE
28	u32	0x00000289824bed68	0	1	0x00000000	0x00000001		PRIVATE	READWRITE
28	u32	0x00000289824bedc8	0	1	0x00000000	0x00000001		PRIVATE	READWRITE
28	u32	0x00000289824bee20	0	1	0x00000000	0x00000001		PRIVATE	READWRITE
28	u32	0x00000289824bee88	0	1	0x00000000	0x00000001		PRIVATE	READWRITE
28	u32	0x00000289824beee8	0	1	0x00000000	0x00000001		PRIVATE	READWRITE
28	u32	0x00000289824bef48	0	1	0x00000000	0x00000001		PRIVATE	READWRITE
28	u32	0x00000289824bef80	0	2	0x00000000	0x00000002		PRIVATE	READWRITE
28	u32	0x00000289824befa8	0	2	0x00000000	0x00000002		PRIVATE	READWRITE
28	u32	0x00000289824bf000	0	2	0x00000000	0x00000002		PRIVATE	READWRITE
28	u32	0x00000289824bf098	0	1	0x00000000	0x00000001		PRIVATE	READWRITE
28	u32	0x00000289824bf0d0	0	2	0x00000000	0x00000002		PRIVATE	READWRITE
28	u32	0x00000289824bf150	0	2	0x00000000	0x00000002		PRIVATE	READWRITE
28	u32	0x00000289824bf1a8	0	1	0x00000000	0x00000001		PRIVATE	READWRITE
28	u32	0x00000289824bf1e0	0	4	0x00000000	0x00000004		PRIVATE	READWRITE
28	u32	0x00000289824bf208	0	2	0x00000000	0x00000002		PRIVATE	READWRITE
28	u32	0x00000289824bf260	0	2	0x00000000	0x00000002		PRIVATE	READWRITE
28	u32	0x00000289824bf2b8	0	2	0x00000000	0x00000002		PRIVATE	READWRITE
28	u32	0x00000289824bf310	0	2	0x00000000	0x00000002		PRIVATE	READWRITE
28	u32	0x00000289824bf340	0	1	0x00000000	0x00000001		PRIVATE	READWRITE
28	u32	0x00000289824bf378	0	1	0x00000000	0x00000001		PRIVATE	READWRITE
28	u32	0x00000289824bf3f8	0	1	0x00000000	0x00000001		PRIVATE	READWRITE
28	u32	0x00000289824bf458	0	1	0x00000000	0x00000001		PRIVATE	READWRITE
28	u32	0x00000289824bf4a4	1	0	0x00000001	0x00000000		PRIVATE	READWRITE
28	u32	0x00000289824bf4b8	0	1	0x00000000	0x00000001		PRIVATE	READWRITE
28	u32	0x00000289824bf518	0	1	0x00000000	0x00000001		PRIVATE	READWRITE
28	u32	0x00000289824bf550	0	1	0x00000000	0x00000001		PRIVATE	READWRITE
28	u32	0x00000289824bf570	0	1	0x00000000	0x00000001		PRIVATE	READWRITE
28	u32	0x00000289824bf5d8	0	1	0x00000000	0x00000001		PRIVATE	READWRITE
28	u32	0x00000289824bf638	0	1	0x00000000	0x00000001		PRIVATE	READWRITE
28	u32	0x00000289824bf6a0	0	1	0x00000000	0x00000001		PRIVATE	READWRITE
28	u32	0x00000289824bf700	0	1	0x00000000	0x00000001		PRIVATE	READWRITE
28	u32	0x00000289824bf760	0	1	0x00000000	0x00000001		PRIVATE	READWRITE
28	u32	0x00000289824bf798	0	3	0x00000000	0x00000003		PRIVATE	READWRITE
28	u32	0x00000289824bf7c0	0	2	0x00000000	0x00000002		PRIVATE	READWRITE
28	u32	0x00000289824bf820	0	2	0x00000000	0x00000002		PRIVATE	READWRITE
28	u32	0x00000289824bf854	1	0	0x00000001	0x00000000		PRIVATE	READWRITE
28	u32	0x00000289824bf878	0	2	0x00000000	0x00000002		PRIVATE	READWRITE
28	u32	0x00000289824bf8d0	0	1	0x00000000	0x00000001		PRIVATE	READWRITE
28	u32	0x00000289824bf938	0	1	0x00000000	0x00000001		PRIVATE	READWRITE
28	u32	0x00000289824bf998	0	1	0x00000000	0x00000001		PRIVATE	READWRITE
28	u32	0x00000289824bf9f0	0	1	0x00000000	0x00000001		PRIVATE	READWRITE
28	u32	0x00000289824bfa50	0	1	0x00000000	0x00000001		PRIVATE	READWRITE
28	u32	0x00000289824bfaa8	0	1	0x00000000	0x00000001		PRIVATE	READWRITE
28	u32	0x00000289824bfb00	0	1	0x00000000	0x00000001		PRIVATE	READWRITE
28	u32	0x00000289824bfb58	0	1	0x00000000	0x00000001		PRIVATE	READWRITE
28	u32	0x00000289824bfbc0	0	1	0x00000000	0x00000001		PRIVATE	READWRITE
28	u32	0x00000289824bfc04	1	0	0x00000001	0x00000000		PRIVATE	READWRITE
28	u32	0x00000289824bfc40	0	1	0x00000000	0x00000001		PRIVATE	READWRITE
28	u32	0x00000289824bfca8	0	1	0x00000000	0x00000001		PRIVATE	READWRITE
28	u32	0x00000289824bfd10	0	1	0x00000000	0x00000001		PRIVATE	READWRITE
28	u32	0x00000289824bfd68	0	1	0x00000000	0x00000001		PRIVATE	READWRITE
28	u32	0x00000289824bfda0	0	3	0x00000000	0x00000003		PRIVATE	READWRITE
28	u32	0x00000289824bfdc8	0	2	0x00000000	0x00000002		PRIVATE	READWRITE
28	u32	0x00000289824bfe20	0	2	0x00000000	0x00000002		PRIVATE	READWRITE
28	u32	0x00000289824bfe78	0	2	0x00000000	0x00000002		PRIVATE	READWRITE
28	u32	0x00000289824bfed0	0	1	0x00000000	0x00000001		PRIVATE	READWRITE
28	u32	0x00000289824bff38	0	1	0x00000000	0x00000001		PRIVATE	READWRITE
28	u32	0x00000289824bffa0	0	1	0x00000000	0x00000001		PRIVATE	READWRITE
28	u32	0x00000289824bffb4	1	0	0x00000001	0x00000000		PRIVATE	READWRITE
28	u32	0x00000289824bffd8	0	5	0x00000000	0x00000005		PRIVATE	READWRITE
28	u32	0x00000289824c0000	0	2	0x00000000	0x00000002		PRIVATE	READWRITE
28	u32	0x00000289824c0080	0	2	0x00000000	0x00000002		PRIVATE	READWRITE
28	u32	0x00000289824c00d8	0	2	0x00000000	0x00000002		PRIVATE	READWRITE
28	u32	0x00000289824c0110	0	2	0x00000000	0x00000002		PRIVATE	READWRITE
28	u32	0x00000289824c0138	0	3	0x00000000	0x00000003		PRIVATE	READWRITE
28	u32	0x00000289824c0190	0	3	0x00000000	0x00000003		PRIVATE	READWRITE
28	u32	0x00000289824c01e8	0	2	0x00000000	0x00000002		PRIVATE	READWRITE
28	u32	0x00000289824c0240	0	2	0x00000000	0x00000002		PRIVATE	READWRITE
28	u32	0x00000289824c0364	1	0	0x00000001	0x00000000		PRIVATE	READWRITE
28	u32	0x00000289824c0714	1	0	0x00000001	0x00000000		PRIVATE	READWRITE
28	u32	0x00000289824c0ac4	1	0	0x00000001	0x00000000		PRIVATE	READWRITE
28	u32	0x00000289824c0b60	0	1	0x00000000	0x00000001		PRIVATE	READWRITE
28	u32	0x00000289824c0b68	0	1	0x00000000	0x00000001		PRIVATE	READWRITE
28	u32	0x00000289824c0b98	0	4	0x00000000	0x00000004		PRIVATE	READWRITE
28	u32	0x00000289824c0bc0	0	2	0x00000000	0x00000002		PRIVATE	READWRITE
28	u32	0x00000289824c0c18	0	2	0x00000000	0x00000002		PRIVATE	READWRITE
28	u32	0x00000289824c0c48	0	1	0x00000000	0x00000001		PRIVATE	READWRITE
28	u32	0x00000289824c0c58	0	1	0x00000000	0x00000001		PRIVATE	READWRITE
28	u32	0x00000289824c0c80	0	2	0x00000000	0x00000002		PRIVATE	READWRITE
28	u32	0x00000289824c0cd8	0	2	0x00000000	0x00000002		PRIVATE	READWRITE
28	u32	0x00000289824c0d08	0	1	0x00000000	0x00000001		PRIVATE	READWRITE
28	u32	0x00000289824c0d18	0	1	0x00000000	0x00000001		PRIVATE	READWRITE
28	u32	0x00000289824c0d40	0	1	0x00000000	0x00000001		PRIVATE	READWRITE
28	u32	0x00000289824c0d48	0	2	0x00000000	0x00000002		PRIVATE	READWRITE
28	u32	0x00000289824c0da8	0	1	0x00000000	0x00000001		PRIVATE	READWRITE
28	u32	0x00000289824c0db0	0	3	0x00000000	0x00000003		PRIVATE	READWRITE
28	u32	0x00000289824c0e28	0	1	0x00000000	0x00000001		PRIVATE	READWRITE
28	u32	0x00000289824c0e30	0	4	0x00000000	0x00000004		PRIVATE	READWRITE
28	u32	0x00000289824c0e74	1	0	0x00000001	0x00000000		PRIVATE	READWRITE
28	u32	0x00000289824c0ea8	0	1	0x00000000	0x00000001		PRIVATE	READWRITE
28	u32	0x00000289824c0eb0	0	5	0x00000000	0x00000005		PRIVATE	READWRITE
28	u32	0x00000289824c0ed8	0	1	0x00000000	0x00000001		PRIVATE	READWRITE
28	u32	0x00000289824c0ee8	0	1	0x00000000	0x00000001		PRIVATE	READWRITE
28	u32	0x00000289824c0f10	0	1	0x00000000	0x00000001		PRIVATE	READWRITE
28	u32	0x00000289824c0f68	0	1	0x00000000	0x00000001		PRIVATE	READWRITE
28	u32	0x00000289824c0fd0	0	1	0x00000000	0x00000001		PRIVATE	READWRITE
28	u32	0x00000289824c1008	0	3	0x00000000	0x00000003		PRIVATE	READWRITE
28	u32	0x00000289824c1030	0	2	0x00000000	0x00000002		PRIVATE	READWRITE
28	u32	0x00000289824c1098	0	2	0x00000000	0x00000002		PRIVATE	READWRITE
28	u32	0x00000289824c1100	0	2	0x00000000	0x00000002		PRIVATE	READWRITE
28	u32	0x00000289824c1168	0	1	0x00000000	0x00000001		PRIVATE	READWRITE
28	u32	0x00000289824c11c8	0	1	0x00000000	0x00000001		PRIVATE	READWRITE
28	u32	0x00000289824c11d0	0	10	0x00000000	0x0000000a		PRIVATE	READWRITE
28	u32	0x00000289824c1200	0	1	0x00000000	0x00000001		PRIVATE	READWRITE
28	u32	0x00000289824c1288	0	1	0x00000000	0x00000001		PRIVATE	READWRITE
28	u32	0x00000289824c12c0	0	2	0x00000000	0x00000002		PRIVATE	READWRITE
28	u32	0x00000289824c12e8	0	2	0x00000000	0x00000002		PRIVATE	READWRITE
28	u32	0x00000289824c1340	0	2	0x00000000	0x00000002		PRIVATE	READWRITE
28	u32	0x00000289824c1398	0	1	0x00000000	0x00000001		PRIVATE	READWRITE
28	u32	0x00000289824c13f8	0	1	0x00000000	0x00000001		PRIVATE	READWRITE
28	u32	0x00000289824c1450	0	1	0x00000000	0x00000001		PRIVATE	READWRITE
28	u32	0x00000289824c14a8	0	1	0x00000000	0x00000001		PRIVATE	READWRITE
28	u32	0x00000289824c1500	0	1	0x00000000	0x00000001		PRIVATE	READWRITE
28	u32	0x00000289824c1558	0	1	0x00000000	0x00000001		PRIVATE	READWRITE
28	u32	0x00000289824c1598	0	1	0x00000000	0x00000001		PRIVATE	READWRITE
28	u32	0x00000289824c15d4	1	0	0x00000001	0x00000000		PRIVATE	READWRITE
28	u32	0x00000289824c15f8	0	1	0x00000000	0x00000001		PRIVATE	READWRITE
28	u32	0x00000289824c1650	0	1	0x00000000	0x00000001		PRIVATE	READWRITE
28	u32	0x00000289824c16b8	0	1	0x00000000	0x00000001		PRIVATE	READWRITE
28	u32	0x00000289824c1718	0	1	0x00000000	0x00000001		PRIVATE	READWRITE
28	u32	0x00000289824c1778	0	1	0x00000000	0x00000001		PRIVATE	READWRITE
28	u32	0x00000289824c17b0	0	2	0x00000000	0x00000002		PRIVATE	READWRITE
28	u32	0x00000289824c17d8	0	2	0x00000000	0x00000002		PRIVATE	READWRITE
28	u32	0x00000289824c1830	0	2	0x00000000	0x00000002		PRIVATE	READWRITE
28	u32	0x00000289824c18c8	0	1	0x00000000	0x00000001		PRIVATE	READWRITE
28	u32	0x00000289824c1900	0	2	0x00000000	0x00000002		PRIVATE	READWRITE
28	u32	0x00000289824c1928	0	2	0x00000000	0x00000002		PRIVATE	READWRITE
28	u32	0x00000289824c1984	1	0	0x00000001	0x00000000		PRIVATE	READWRITE
28	u32	0x00000289824c19d8	0	1	0x00000000	0x00000001		PRIVATE	READWRITE
28	u32	0x00000289824c1a10	0	4	0x00000000	0x00000004		PRIVATE	READWRITE
28	u32	0x00000289824c1a38	0	2	0x00000000	0x00000002		PRIVATE	READWRITE
28	u32	0x00000289824c1a90	0	2	0x00000000	0x00000002		PRIVATE	READWRITE
28	u32	0x00000289824c1ae8	0	2	0x00000000	0x00000002		PRIVATE	READWRITE
28	u32	0x00000289824c1b40	0	2	0x00000000	0x00000002		PRIVATE	READWRITE
28	u32	0x00000289824c1b70	0	1	0x00000000	0x00000001		PRIVATE	READWRITE
28	u32	0x00000289824c1ba8	0	1	0x00000000	0x00000001		PRIVATE	READWRITE
28	u32	0x00000289824c1c28	0	1	0x00000000	0x00000001		PRIVATE	READWRITE
28	u32	0x00000289824c1c88	0	1	0x00000000	0x00000001		PRIVATE	READWRITE
28	u32	0x00000289824c1ce8	0	1	0x00000000	0x00000001		PRIVATE	READWRITE
28	u32	0x00000289824c1d34	1	0	0x00000001	0x00000000		PRIVATE	READWRITE
28	u32	0x00000289824c1d48	0	1	0x00000000	0x00000001		PRIVATE	READWRITE
28	u32	0x00000289824c1d80	0	1	0x00000000	0x00000001		PRIVATE	READWRITE
28	u32	0x00000289824c1da0	0	1	0x00000000	0x00000001		PRIVATE	READWRITE
28	u32	0x00000289824c1e08	0	1	0x00000000	0x00000001		PRIVATE	READWRITE
28	u32	0x00000289824c1e68	0	1	0x00000000	0x00000001		PRIVATE	READWRITE
28	u32	0x00000289824c1ed0	0	1	0x00000000	0x00000001		PRIVATE	READWRITE
28	u32	0x00000289824c1f30	0	1	0x00000000	0x00000001		PRIVATE	READWRITE
28	u32	0x00000289824c1f90	0	1	0x00000000	0x00000001		PRIVATE	READWRITE
28	u32	0x00000289824c1fc8	0	3	0x00000000	0x00000003		PRIVATE	READWRITE
28	u32	0x00000289824c1ff0	0	2	0x00000000	0x00000002		PRIVATE	READWRITE
28	u32	0x00000289824c2050	0	2	0x00000000	0x00000002		PRIVATE	READWRITE
28	u32	0x00000289824c20a8	0	2	0x00000000	0x00000002		PRIVATE	READWRITE
28	u32	0x00000289824c20e4	1	0	0x00000001	0x00000000		PRIVATE	READWRITE
28	u32	0x00000289824c2100	0	1	0x00000000	0x00000001		PRIVATE	READWRITE
28	u32	0x00000289824c2168	0	1	0x00000000	0x00000001		PRIVATE	READWRITE
28	u32	0x00000289824c21c8	0	1	0x00000000	0x00000001		PRIVATE	READWRITE
28	u32	0x00000289824c2220	0	1	0x00000000	0x00000001		PRIVATE	READWRITE
28	u32	0x00000289824c2280	0	1	0x00000000	0x00000001		PRIVATE	READWRITE
28	u32	0x00000289824c22d8	0	1	0x00000000	0x00000001		PRIVATE	READWRITE
28	u32	0x00000289824c2330	0	1	0x00000000	0x00000001		PRIVATE	READWRITE
28	u32	0x00000289824c2388	0	1	0x00000000	0x00000001		PRIVATE	READWRITE
28	u32	0x00000289824c23f0	0	1	0x00000000	0x00000001		PRIVATE	READWRITE
28	u32	0x00000289824c2470	0	1	0x00000000	0x00000001		PRIVATE	READWRITE
28	u32	0x00000289824c2494	1	0	0x00000001	0x00000000		PRIVATE	READWRITE
28	u32	0x00000289824c24d8	0	1	0x00000000	0x00000001		PRIVATE	READWRITE
28	u32	0x00000289824c2540	0	1	0x00000000	0x00000001		PRIVATE	READWRITE
28	u32	0x00000289824c2598	0	1	0x00000000	0x00000001		PRIVATE	READWRITE
28	u32	0x00000289824c25d0	0	3	0x00000000	0x00000003		PRIVATE	READWRITE
28	u32	0x00000289824c25f8	0	2	0x00000000	0x00000002		PRIVATE	READWRITE
28	u32	0x00000289824c2650	0	2	0x00000000	0x00000002		PRIVATE	READWRITE
28	u32	0x00000289824c26a8	0	2	0x00000000	0x00000002		PRIVATE	READWRITE
28	u32	0x00000289824c2700	0	1	0x00000000	0x00000001		PRIVATE	READWRITE
28	u32	0x00000289824c2768	0	1	0x00000000	0x00000001		PRIVATE	READWRITE
28	u32	0x00000289824c27d0	0	1	0x00000000	0x00000001		PRIVATE	READWRITE
28	u32	0x00000289824c2808	0	5	0x00000000	0x00000005		PRIVATE	READWRITE
28	u32	0x00000289824c2830	0	2	0x00000000	0x00000002		PRIVATE	READWRITE
28	u32	0x00000289824c2844	1	0	0x00000001	0x00000000		PRIVATE	READWRITE
28	u32	0x00000289824c28b0	0	2	0x00000000	0x00000002		PRIVATE	READWRITE
28	u32	0x00000289824c2908	0	2	0x00000000	0x00000002		PRIVATE	READWRITE
28	u32	0x00000289824c2940	0	2	0x00000000	0x00000002		PRIVATE	READWRITE
28	u32	0x00000289824c2968	0	3	0x00000000	0x00000003		PRIVATE	READWRITE
28	u32	0x00000289824c29c0	0	3	0x00000000	0x00000003		PRIVATE	READWRITE
28	u32	0x00000289824c2a18	0	2	0x00000000	0x00000002		PRIVATE	READWRITE
28	u32	0x00000289824c2a70	0	2	0x00000000	0x00000002		PRIVATE	READWRITE
28	u32	0x00000289824c2bf4	1	0	0x00000001	0x00000000		PRIVATE	READWRITE
28	u32	0x00000289824c2fa4	1	0	0x00000001	0x00000000		PRIVATE	READWRITE
28	u32	0x00000289824c3354	1	0	0x00000001	0x00000000		PRIVATE	READWRITE
28	u32	0x00000289824c3390	0	1	0x00000000	0x00000001		PRIVATE	READWRITE
28	u32	0x00000289824c3398	0	1	0x00000000	0x00000001		PRIVATE	READWRITE
28	u32	0x00000289824c33c8	0	4	0x00000000	0x00000004		PRIVATE	READWRITE
28	u32	0x00000289824c33f0	0	2	0x00000000	0x00000002		PRIVATE	READWRITE
28	u32	0x00000289824c3448	0	2	0x00000000	0x00000002		PRIVATE	READWRITE
28	u32	0x00000289824c3478	0	1	0x00000000	0x00000001		PRIVATE	READWRITE
28	u32	0x00000289824c3488	0	1	0x00000000	0x00000001		PRIVATE	READWRITE
28	u32	0x00000289824c34b0	0	2	0x00000000	0x00000002		PRIVATE	READWRITE
28	u32	0x00000289824c3508	0	2	0x00000000	0x00000002		PRIVATE	READWRITE
28	u32	0x00000289824c3538	0	1	0x00000000	0x00000001		PRIVATE	READWRITE
28	u32	0x00000289824c3548	0	1	0x00000000	0x00000001		PRIVATE	READWRITE
28	u32	0x00000289824c3570	0	1	0x00000000	0x00000001		PRIVATE	READWRITE
28	u32	0x00000289824c3578	0	2	0x00000000	0x00000002		PRIVATE	READWRITE
28	u32	0x00000289824c35d8	0	1	0x00000000	0x00000001		PRIVATE	READWRITE
28	u32	0x00000289824c35e0	0	3	0x00000000	0x00000003		PRIVATE	READWRITE
28	u32	0x00000289824c3658	0	1	0x00000000	0x00000001		PRIVATE	READWRITE
28	u32	0x00000289824c3660	0	4	0x00000000	0x00000004		PRIVATE	READWRITE
28	u32	0x00000289824c36d8	0	1	0x00000000	0x00000001		PRIVATE	READWRITE
28	u32	0x00000289824c36e0	0	5	0x00000000	0x00000005		PRIVATE	READWRITE
28	u32	0x00000289824c3704	1	0	0x00000001	0x00000000		PRIVATE	READWRITE
28	u32	0x00000289824c3718	0	1	0x00000000	0x00000001		PRIVATE	READWRITE
28	u32	0x00000289824c3740	0	1	0x00000000	0x00000001		PRIVATE	READWRITE
28	u32	0x00000289824c3798	0	1	0x00000000	0x00000001		PRIVATE	READWRITE
28	u32	0x00000289824c3800	0	1	0x00000000	0x00000001		PRIVATE	READWRITE
28	u32	0x00000289824c3838	0	3	0x00000000	0x00000003		PRIVATE	READWRITE
28	u32	0x00000289824c3860	0	2	0x00000000	0x00000002		PRIVATE	READWRITE
28	u32	0x00000289824c38c8	0	2	0x00000000	0x00000002		PRIVATE	READWRITE
28	u32	0x00000289824c3930	0	2	0x00000000	0x00000002		PRIVATE	READWRITE
28	u32	0x00000289824c3998	0	1	0x00000000	0x00000001		PRIVATE	READWRITE
28	u32	0x00000289824c39f8	0	1	0x00000000	0x00000001		PRIVATE	READWRITE
28	u32	0x00000289824c3a00	0	10	0x00000000	0x0000000a		PRIVATE	READWRITE
28	u32	0x00000289824c3a30	0	1	0x00000000	0x00000001		PRIVATE	READWRITE
28	u32	0x00000289824c3a58	0	2	0x00000000	0x00000002		PRIVATE	READWRITE
28	u32	0x00000289824c3af0	0	2	0x00000000	0x00000002		PRIVATE	READWRITE
28	u32	0x00000289824c3b18	0	2	0x00000000	0x00000002		PRIVATE	READWRITE
28	u32	0x00000289824c3b70	0	2	0x00000000	0x00000002		PRIVATE	READWRITE
28	u32	0x00000289824c3bc8	0	1	0x00000000	0x00000001		PRIVATE	READWRITE
28	u32	0x00000289824c3c28	0	1	0x00000000	0x00000001		PRIVATE	READWRITE
28	u32	0x00000289824c3c80	0	1	0x00000000	0x00000001		PRIVATE	READWRITE
28	u32	0x00000289824c3cd8	0	1	0x00000000	0x00000001		PRIVATE	READWRITE
28	u32	0x00000289824c3d30	0	1	0x00000000	0x00000001		PRIVATE	READWRITE
28	u32	0x00000289824c3d88	0	1	0x00000000	0x00000001		PRIVATE	READWRITE
28	u32	0x00000289824c3dc8	0	1	0x00000000	0x00000001		PRIVATE	READWRITE
28	u32	0x00000289824c3e28	0	1	0x00000000	0x00000001		PRIVATE	READWRITE
28	u32	0x00000289824c3e64	1	0	0x00000001	0x00000000		PRIVATE	READWRITE
28	u32	0x00000289824c3e80	0	1	0x00000000	0x00000001		PRIVATE	READWRITE
28	u32	0x00000289824c3ee8	0	1	0x00000000	0x00000001		PRIVATE	READWRITE
28	u32	0x00000289824c3f48	0	1	0x00000000	0x00000001		PRIVATE	READWRITE
28	u32	0x00000289824c3fa8	0	1	0x00000000	0x00000001		PRIVATE	READWRITE
28	u32	0x00000289824c3fe0	0	2	0x00000000	0x00000002		PRIVATE	READWRITE
28	u32	0x00000289824c4008	0	2	0x00000000	0x00000002		PRIVATE	READWRITE
28	u32	0x00000289824c4060	0	2	0x00000000	0x00000002		PRIVATE	READWRITE
28	u32	0x00000289824c40f8	0	1	0x00000000	0x00000001		PRIVATE	READWRITE
28	u32	0x00000289824c4130	0	2	0x00000000	0x00000002		PRIVATE	READWRITE
28	u32	0x00000289824c4158	0	2	0x00000000	0x00000002		PRIVATE	READWRITE
28	u32	0x00000289824c41b0	0	2	0x00000000	0x00000002		PRIVATE	READWRITE
28	u32	0x00000289824c4208	0	1	0x00000000	0x00000001		PRIVATE	READWRITE
28	u32	0x00000289824c4214	1	0	0x00000001	0x00000000		PRIVATE	READWRITE
28	u32	0x00000289824c4240	0	4	0x00000000	0x00000004		PRIVATE	READWRITE
28	u32	0x00000289824c4268	0	2	0x00000000	0x00000002		PRIVATE	READWRITE
28	u32	0x00000289824c42c0	0	2	0x00000000	0x00000002		PRIVATE	READWRITE
28	u32	0x00000289824c4318	0	2	0x00000000	0x00000002		PRIVATE	READWRITE
28	u32	0x00000289824c4370	0	2	0x00000000	0x00000002		PRIVATE	READWRITE
28	u32	0x00000289824c43a0	0	1	0x00000000	0x00000001		PRIVATE	READWRITE
28	u32	0x00000289824c43d8	0	1	0x00000000	0x00000001		PRIVATE	READWRITE
28	u32	0x00000289824c4458	0	1	0x00000000	0x00000001		PRIVATE	READWRITE
28	u32	0x00000289824c44b8	0	1	0x00000000	0x00000001		PRIVATE	READWRITE
28	u32	0x00000289824c4518	0	1	0x00000000	0x00000001		PRIVATE	READWRITE
28	u32	0x00000289824c4578	0	1	0x00000000	0x00000001		PRIVATE	READWRITE
28	u32	0x00000289824c45b0	0	1	0x00000000	0x00000001		PRIVATE	READWRITE
28	u32	0x00000289824c45d0	0	1	0x00000000	0x00000001		PRIVATE	READWRITE
28	u32	0x00000289824c4638	0	1	0x00000000	0x00000001		PRIVATE	READWRITE
28	u32	0x00000289824c4698	0	1	0x00000000	0x00000001		PRIVATE	READWRITE
28	u32	0x00000289824c4700	0	1	0x00000000	0x00000001		PRIVATE	READWRITE
28	u32	0x00000289824c4760	0	1	0x00000000	0x00000001		PRIVATE	READWRITE
28	u32	0x00000289824c47c0	0	1	0x00000000	0x00000001		PRIVATE	READWRITE
28	u32	0x00000289824c47f8	0	3	0x00000000	0x00000003		PRIVATE	READWRITE
28	u32	0x00000289824c4820	0	2	0x00000000	0x00000002		PRIVATE	READWRITE
28	u32	0x00000289824c4880	0	2	0x00000000	0x00000002		PRIVATE	READWRITE
28	u32	0x00000289824c48d8	0	2	0x00000000	0x00000002		PRIVATE	READWRITE
28	u32	0x00000289824c4930	0	1	0x00000000	0x00000001		PRIVATE	READWRITE
28	u32	0x00000289824c4974	1	0	0x00000001	0x00000000		PRIVATE	READWRITE
28	u32	0x00000289824c4998	0	1	0x00000000	0x00000001		PRIVATE	READWRITE
28	u32	0x00000289824c49f8	0	1	0x00000000	0x00000001		PRIVATE	READWRITE
28	u32	0x00000289824c4a50	0	1	0x00000000	0x00000001		PRIVATE	READWRITE
28	u32	0x00000289824c4ab0	0	1	0x00000000	0x00000001		PRIVATE	READWRITE
28	u32	0x00000289824c4b08	0	1	0x00000000	0x00000001		PRIVATE	READWRITE
28	u32	0x00000289824c4b60	0	1	0x00000000	0x00000001		PRIVATE	READWRITE
28	u32	0x00000289824c4bb8	0	1	0x00000000	0x00000001		PRIVATE	READWRITE
28	u32	0x00000289824c4c20	0	1	0x00000000	0x00000001		PRIVATE	READWRITE
28	u32	0x00000289824c4ca0	0	1	0x00000000	0x00000001		PRIVATE	READWRITE
28	u32	0x00000289824c4d08	0	1	0x00000000	0x00000001		PRIVATE	READWRITE
28	u32	0x00000289824c4d24	1	0	0x00000001	0x00000000		PRIVATE	READWRITE
28	u32	0x00000289824c4d70	0	1	0x00000000	0x00000001		PRIVATE	READWRITE
28	u32	0x00000289824c4dc8	0	1	0x00000000	0x00000001		PRIVATE	READWRITE
28	u32	0x00000289824c4e00	0	3	0x00000000	0x00000003		PRIVATE	READWRITE
28	u32	0x00000289824c4e28	0	2	0x00000000	0x00000002		PRIVATE	READWRITE
28	u32	0x00000289824c4e80	0	2	0x00000000	0x00000002		PRIVATE	READWRITE
28	u32	0x00000289824c4ed8	0	2	0x00000000	0x00000002		PRIVATE	READWRITE
28	u32	0x00000289824c4f30	0	1	0x00000000	0x00000001		PRIVATE	READWRITE
28	u32	0x00000289824c4f98	0	1	0x00000000	0x00000001		PRIVATE	READWRITE
28	u32	0x00000289824c5000	0	1	0x00000000	0x00000001		PRIVATE	READWRITE
28	u32	0x00000289824c5038	0	5	0x00000000	0x00000005		PRIVATE	READWRITE
28	u32	0x00000289824c5060	0	2	0x00000000	0x00000002		PRIVATE	READWRITE
28	u32	0x00000289824c50e0	0	2	0x00000000	0x00000002		PRIVATE	READWRITE
28	u32	0x00000289824c5138	0	2	0x00000000	0x00000002		PRIVATE	READWRITE
28	u32	0x00000289824c5170	0	2	0x00000000	0x00000002		PRIVATE	READWRITE
28	u32	0x00000289824c5198	0	3	0x00000000	0x00000003		PRIVATE	READWRITE
28	u32	0x00000289824c51f0	0	3	0x00000000	0x00000003		PRIVATE	READWRITE
28	u32	0x00000289824c5248	0	2	0x00000000	0x00000002		PRIVATE	READWRITE
28	u32	0x00000289824c52a0	0	2	0x00000000	0x00000002		PRIVATE	READWRITE
28	u32	0x00000289824c5510	0	1	0x00000000	0x00000001		PRIVATE	READWRITE
28	u32	0x00000289824c5550	0	10	0x00000000	0x0000000a		PRIVATE	READWRITE
28	u32	0x00000289824c5558	0	1	0x00000000	0x00000001		PRIVATE	READWRITE
28	u32	0x00000289824c5790	0	4	0x00000000	0x00000004		PRIVATE	READWRITE
28	u32	0x00000289824c57d8	0	1	0x00000000	0x00000001		PRIVATE	READWRITE
28	u32	0x00000289824c5808	0	3	0x00000000	0x00000003		PRIVATE	READWRITE
28	u32	0x00000289824c5820	0	2	0x00000000	0x00000002		PRIVATE	READWRITE
28	u32	0x00000289824c58a8	0	1	0x00000000	0x00000001		PRIVATE	READWRITE
28	u32	0x00000289824c58d8	0	3	0x00000000	0x00000003		PRIVATE	READWRITE
28	u32	0x00000289824c58f0	0	2	0x00000000	0x00000002		PRIVATE	READWRITE
28	u32	0x00000289824c5978	0	1	0x00000000	0x00000001		PRIVATE	READWRITE
28	u32	0x00000289824c5a48	0	1	0x00000000	0x00000001		PRIVATE	READWRITE
28	u32	0x00000289824c5a90	0	2	0x00000000	0x00000002		PRIVATE	READWRITE
28	u32	0x00000289824c5b18	0	1	0x00000000	0x00000001		PRIVATE	READWRITE
28	u32	0x00000289824c5b60	0	2	0x00000000	0x00000002		PRIVATE	READWRITE
28	u32	0x00000289824c5be4	1	0	0x00000001	0x00000000		PRIVATE	READWRITE
28	u32	0x00000289824c5c30	0	2	0x00000000	0x00000002		PRIVATE	READWRITE
28	u32	0x00000289824c5c70	0	4	0x00000000	0x00000004		PRIVATE	READWRITE
28	u32	0x00000289824c5cb8	0	1	0x00000000	0x00000001		PRIVATE	READWRITE
28	u32	0x00000289824c5ce8	0	3	0x00000000	0x00000003		PRIVATE	READWRITE
28	u32	0x00000289824c5d00	0	2	0x00000000	0x00000002		PRIVATE	READWRITE
28	u32	0x00000289824c5d88	0	1	0x00000000	0x00000001		PRIVATE	READWRITE
28	u32	0x00000289824c5db8	0	3	0x00000000	0x00000003		PRIVATE	READWRITE
28	u32	0x00000289824c5dd0	0	2	0x00000000	0x00000002		PRIVATE	READWRITE
28	u32	0x00000289824c5e58	0	1	0x00000000	0x00000001		PRIVATE	READWRITE
28	u32	0x00000289824c5e88	0	3	0x00000000	0x00000003		PRIVATE	READWRITE
28	u32	0x00000289824c5ea0	0	2	0x00000000	0x00000002		PRIVATE	READWRITE
28	u32	0x00000289824c5f28	0	1	0x00000000	0x00000001		PRIVATE	READWRITE
28	u32	0x00000289824c5f70	0	2	0x00000000	0x00000002		PRIVATE	READWRITE
28	u32	0x00000289824c5f94	1	0	0x00000001	0x00000000		PRIVATE	READWRITE
28	u32	0x00000289824c5fb0	0	4	0x00000000	0x00000004		PRIVATE	READWRITE
28	u32	0x00000289824c5ff8	0	1	0x00000000	0x00000001		PRIVATE	READWRITE
28	u32	0x00000289824c6028	0	3	0x00000000	0x00000003		PRIVATE	READWRITE
28	u32	0x00000289824c6040	0	2	0x00000000	0x00000002		PRIVATE	READWRITE
28	u32	0x00000289824c60a0	0	2	0x00000000	0x00000002		PRIVATE	READWRITE
28	u32	0x00000289824c60c8	0	4	0x00000000	0x00000004		PRIVATE	READWRITE
28	u32	0x00000289824c60f0	0	4	0x00000000	0x00000004		PRIVATE	READWRITE
28	u32	0x00000289824c6140	0	5	0x00000000	0x00000005		PRIVATE	READWRITE
28	u32	0x00000289824c6158	0	4	0x00000000	0x00000004		PRIVATE	READWRITE
28	u32	0x00000289824c61c8	0	2	0x00000000	0x00000002		PRIVATE	READWRITE
28	u32	0x00000289824c6200	0	2	0x00000000	0x00000002		PRIVATE	READWRITE
28	u32	0x00000289824c6220	0	4	0x00000000	0x00000004		PRIVATE	READWRITE
28	u32	0x00000289824c6224	0	10	0x00000000	0x0000000a		PRIVATE	READWRITE
28	u32	0x00000289824c62a0	0	10	0x00000000	0x0000000a		PRIVATE	READWRITE
28	u32	0x00000289824c62a8	0	1	0x00000000	0x00000001		PRIVATE	READWRITE
28	u32	0x00000289824c62e0	0	3	0x00000000	0x00000003		PRIVATE	READWRITE
28	u32	0x00000289824c6410	0	1	0x00000000	0x00000001		PRIVATE	READWRITE
28	u32	0x00000289824c6520	0	10	0x00000000	0x0000000a		PRIVATE	READWRITE
28	u32	0x00000289824c6528	0	1	0x00000000	0x00000001		PRIVATE	READWRITE
28	u32	0x00000289824c6560	0	1	0x00000000	0x00000001		PRIVATE	READWRITE
28	u32	0x00000289824c6570	0	1	0x00000000	0x00000001		PRIVATE	READWRITE
28	u32	0x00000289824c6578	0	1	0x00000000	0x00000001		PRIVATE	READWRITE
28	u32	0x00000289824c65e0	0	1	0x00000000	0x00000001		PRIVATE	READWRITE
28	u32	0x00000289824c65f0	0	1	0x00000000	0x00000001		PRIVATE	READWRITE
28	u32	0x00000289824c6600	0	10	0x00000000	0x0000000a		PRIVATE	READWRITE
28	u32	0x00000289824c6608	0	1	0x00000000	0x00000001		PRIVATE	READWRITE
28	u32	0x00000289824c6680	0	10	0x00000000	0x0000000a		PRIVATE	READWRITE
28	u32	0x00000289824c6688	0	1	0x00000000	0x00000001		PRIVATE	READWRITE
28	u32	0x00000289824c6780	0	10	0x00000000	0x0000000a		PRIVATE	READWRITE
28	u32	0x00000289824c67f0	0	1	0x00000000	0x00000001		PRIVATE	READWRITE
28	u32	0x00000289824c67f8	0	1	0x00000000	0x00000001		PRIVATE	READWRITE
28	u32	0x00000289824c6840	0	1	0x00000000	0x00000001		PRIVATE	READWRITE
28	u32	0x00000289824c6870	0	1	0x00000000	0x00000001		PRIVATE	READWRITE
28	u32	0x00000289824c6880	0	10	0x00000000	0x0000000a		PRIVATE	READWRITE
28	u32	0x00000289824c6888	0	1	0x00000000	0x00000001		PRIVATE	READWRITE
28	u32	0x00000289824c68c0	0	1	0x00000000	0x00000001		PRIVATE	READWRITE
28	u32	0x00000289824c68e0	0	1	0x00000000	0x00000001		PRIVATE	READWRITE
28	u32	0x00000289824c6900	0	3	0x00000000	0x00000003		PRIVATE	READWRITE
28	u32	0x00000289824c6910	0	3	0x00000000	0x00000003		PRIVATE	READWRITE
28	u32	0x00000289824c6928	0	3	0x00000000	0x00000003		PRIVATE	READWRITE
28	u32	0x00000289824c6980	0	10	0x00000000	0x0000000a		PRIVATE	READWRITE
28	u32	0x00000289824c6988	0	1	0x00000000	0x00000001		PRIVATE	READWRITE
28	u32	0x00000289824c69c8	0	1	0x00000000	0x00000001		PRIVATE	READWRITE
28	u32	0x00000289824c69cc	0	1	0x00000000	0x00000001		PRIVATE	READWRITE
28	u32	0x00000289824c69d0	0	1	0x00000000	0x00000001		PRIVATE	READWRITE
28	u32	0x00000289824c6a48	0	1	0x00000000	0x00000001		PRIVATE	READWRITE
28	u32	0x00000289824c6a50	0	1	0x00000000	0x00000001		PRIVATE	READWRITE
28	u32	0x00000289824c6ac0	0	10	0x00000000	0x0000000a		PRIVATE	READWRITE
28	u32	0x00000289824c6ac8	0	1	0x00000000	0x00000001		PRIVATE	READWRITE
28	u32	0x00000289824c6b00	0	1	0x00000000	0x00000001		PRIVATE	READWRITE
28	u32	0x00000289824c6b60	0	10	0x00000000	0x0000000a		PRIVATE	READWRITE
28	u32	0x00000289824c6b68	0	1	0x00000000	0x00000001		PRIVATE	READWRITE
28	u32	0x00000289824c6be0	0	10	0x00000000	0x0000000a		PRIVATE	READWRITE
28	u32	0x00000289824c6c28	0	1	0x00000000	0x00000001		PRIVATE	READWRITE
28	u32	0x00000289824c6c2c	0	1	0x00000000	0x00000001		PRIVATE	READWRITE
28	u32	0x00000289824c6c30	0	1	0x00000000	0x00000001		PRIVATE	READWRITE
28	u32	0x00000289824c6cd0	0	3	0x00000000	0x00000003		PRIVATE	READWRITE
28	u32	0x00000289824c6ce0	0	3	0x00000000	0x00000003		PRIVATE	READWRITE
28	u32	0x00000289824c6cf8	0	3	0x00000000	0x00000003		PRIVATE	READWRITE
28	u32	0x00000289824c6de0	0	1	0x00000000	0x00000001		PRIVATE	READWRITE
28	u32	0x00000289824c6de8	0	1	0x00000000	0x00000001		PRIVATE	READWRITE
28	u32	0x00000289824c6df0	0	10	0x00000000	0x0000000a		PRIVATE	READWRITE
28	u32	0x00000289824c6ea0	0	4	0x00000000	0x00000004		PRIVATE	READWRITE
28	u32	0x00000289824c6ea8	0	4	0x00000000	0x00000004		PRIVATE	READWRITE
28	u32	0x00000289824c6eb0	0	10	0x00000000	0x0000000a		PRIVATE	READWRITE
28	u32	0x00000289824c6f00	0	1	0x00000000	0x00000001		PRIVATE	READWRITE
28	u32	0x00000289824c6f78	0	1	0x00000000	0x00000001		PRIVATE	READWRITE
28	u32	0x00000289824c6fa0	0	3	0x00000000	0x00000003		PRIVATE	READWRITE
28	u32	0x00000289824c6fc8	0	3	0x00000000	0x00000003		PRIVATE	READWRITE
28	u32	0x00000289824c6fe0	0	3	0x00000000	0x00000003		PRIVATE	READWRITE
28	u32	0x00000289824c7008	0	1	0x00000000	0x00000001		PRIVATE	READWRITE
28	u32	0x00000289824c700c	0	1	0x00000000	0x00000001		PRIVATE	READWRITE
28	u32	0x00000289824c7010	0	1	0x00000000	0x00000001		PRIVATE	READWRITE
28	u32	0x00000289824c7088	0	1	0x00000000	0x00000001		PRIVATE	READWRITE
28	u32	0x00000289824c7090	0	1	0x00000000	0x00000001		PRIVATE	READWRITE
28	u32	0x00000289824c70b0	0	3	0x00000000	0x00000003		PRIVATE	READWRITE
28	u32	0x00000289824c7138	0	1	0x00000000	0x00000001		PRIVATE	READWRITE
28	u32	0x00000289824c713c	0	1	0x00000000	0x00000001		PRIVATE	READWRITE
28	u32	0x00000289824c7140	0	1	0x00000000	0x00000001		PRIVATE	READWRITE
28	u32	0x00000289824c71c0	0	1	0x00000000	0x00000001		PRIVATE	READWRITE
28	u32	0x00000289824c9418	0	1	0x00000000	0x00000001		PRIVATE	READWRITE
28	u32	0x00000289824c9470	1	0	0x00000001	0x00000000		PRIVATE	READWRITE
28	u32	0x00000289824ca9f0	0	1	0x00000000	0x00000001		PRIVATE	READWRITE
28	u32	0x00000289824cf5b0	0	4	0x00000000	0x00000004		PRIVATE	READWRITE
28	u32	0x00000289824cf5b8	0	4	0x00000000	0x00000004		PRIVATE	READWRITE
28	u32	0x00000289824cf630	0	1	0x00000000	0x00000001		PRIVATE	READWRITE
28	u32	0x00000289824cf638	0	1	0x00000000	0x00000001		PRIVATE	READWRITE
28	u32	0x00000289824cf640	0	10	0x00000000	0x0000000a		PRIVATE	READWRITE
28	u32	0x00000289824cf648	0	1	0x00000000	0x00000001		PRIVATE	READWRITE
28	u32	0x00000289824cf6a0	0	4	0x00000000	0x00000004		PRIVATE	READWRITE
28	u32	0x00000289824cf6e8	0	1	0x00000000	0x00000001		PRIVATE	READWRITE
28	u32	0x00000289824cf718	0	3	0x00000000	0x00000003		PRIVATE	READWRITE
28	u32	0x00000289824cf730	0	2	0x00000000	0x00000002		PRIVATE	READWRITE
28	u32	0x00000289824cf760	0	1	0x00000000	0x00000001		PRIVATE	READWRITE
28	u32	0x00000289824cf768	0	1	0x00000000	0x00000001		PRIVATE	READWRITE
28	u32	0x00000289824cf770	0	1	0x00000000	0x00000001		PRIVATE	READWRITE
28	u32	0x00000289824cf790	0	1	0x00000000	0x00000001		PRIVATE	READWRITE
28	u32	0x00000289824cf7d0	0	10	0x00000000	0x0000000a		PRIVATE	READWRITE
28	u32	0x00000289824cf7d8	0	1	0x00000000	0x00000001		PRIVATE	READWRITE
28	u32	0x00000289824cf810	0	5	0x00000000	0x00000005		PRIVATE	READWRITE
28	u32	0x00000289824cf820	0	4	0x00000000	0x00000004		PRIVATE	READWRITE
28	u32	0x00000289824cf828	0	4	0x00000000	0x00000004		PRIVATE	READWRITE
28	u32	0x00000289824cf830	0	10	0x00000000	0x0000000a		PRIVATE	READWRITE
28	u32	0x00000289824cf838	0	1	0x00000000	0x00000001		PRIVATE	READWRITE
28	u32	0x00000289824cf930	0	1	0x00000000	0x00000001		PRIVATE	READWRITE
28	u32	0x00000289824cf938	0	1	0x00000000	0x00000001		PRIVATE	READWRITE
28	u32	0x00000289824cf940	0	10	0x00000000	0x0000000a		PRIVATE	READWRITE
28	u32	0x00000289824cf948	0	1	0x00000000	0x00000001		PRIVATE	READWRITE
28	u32	0x00000289824cf9c4	1	0	0x00000001	0x00000000		PRIVATE	READWRITE
28	u32	0x00000289824cfa20	0	5	0x00000000	0x00000005		PRIVATE	READWRITE
28	u32	0x00000289824cfa30	0	4	0x00000000	0x00000004		PRIVATE	READWRITE
28	u32	0x00000289824cfa38	0	4	0x00000000	0x00000004		PRIVATE	READWRITE
28	u32	0x00000289824cfa40	0	10	0x00000000	0x0000000a		PRIVATE	READWRITE
28	u32	0x00000289824cfa48	0	1	0x00000000	0x00000001		PRIVATE	READWRITE
28	u32	0x00000289824cfab0	0	1	0x00000000	0x00000001		PRIVATE	READWRITE
28	u32	0x00000289824cfab8	0	1	0x00000000	0x00000001		PRIVATE	READWRITE
28	u32	0x00000289824cfac0	0	10	0x00000000	0x0000000a		PRIVATE	READWRITE
28	u32	0x00000289824cfac8	0	1	0x00000000	0x00000001		PRIVATE	READWRITE
28	u32	0x00000289824cfd40	0	1	0x00000000	0x00000001		PRIVATE	READWRITE
28	u32	0x00000289824cfd48	0	1	0x00000000	0x00000001		PRIVATE	READWRITE
28	u32	0x00000289824cfd50	0	10	0x00000000	0x0000000a		PRIVATE	READWRITE
28	u32	0x00000289824cfd58	0	1	0x00000000	0x00000001		PRIVATE	READWRITE
28	u32	0x00000289824cfdb0	0	5	0x00000000	0x00000005		PRIVATE	READWRITE
28	u32	0x00000289824cfdc0	0	4	0x00000000	0x00000004		PRIVATE	READWRITE
28	u32	0x00000289824cfdc8	0	4	0x00000000	0x00000004		PRIVATE	READWRITE
28	u32	0x00000289824cfdd0	0	10	0x00000000	0x0000000a		PRIVATE	READWRITE
28	u32	0x00000289824cfdd8	0	1	0x00000000	0x00000001		PRIVATE	READWRITE
28	u32	0x00000289824cfe40	0	1	0x00000000	0x00000001		PRIVATE	READWRITE
28	u32	0x00000289824cfe48	0	1	0x00000000	0x00000001		PRIVATE	READWRITE
28	u32	0x00000289824cfe50	0	10	0x00000000	0x0000000a		PRIVATE	READWRITE
28	u32	0x00000289824cfe58	0	1	0x00000000	0x00000001		PRIVATE	READWRITE
28	u32	0x00000289824cff00	0	1	0x00000000	0x00000001		PRIVATE	READWRITE
28	u32	0x00000289824cff10	0	1	0x00000000	0x00000001		PRIVATE	READWRITE
28	u32	0x00000289824cff18	0	1	0x00000000	0x00000001		PRIVATE	READWRITE
28	u32	0x00000289824cff20	0	10	0x00000000	0x0000000a		PRIVATE	READWRITE
28	u32	0x00000289824cff28	0	1	0x00000000	0x00000001		PRIVATE	READWRITE
28	u32	0x00000289824cff60	0	2	0x00000000	0x00000002		PRIVATE	READWRITE
28	u32	0x00000289824d0124	1	0	0x00000001	0x00000000		PRIVATE	READWRITE
28	u32	0x00000289824d0168	0	1	0x00000000	0x00000001		PRIVATE	READWRITE
28	u32	0x00000289824d0198	0	3	0x00000000	0x00000003		PRIVATE	READWRITE
28	u32	0x00000289824d01b0	0	2	0x00000000	0x00000002		PRIVATE	READWRITE
28	u32	0x00000289824d0238	0	1	0x00000000	0x00000001		PRIVATE	READWRITE
28	u32	0x00000289824d0268	0	3	0x00000000	0x00000003		PRIVATE	READWRITE
28	u32	0x00000289824d0280	0	2	0x00000000	0x00000002		PRIVATE	READWRITE
28	u32	0x00000289824d0308	0	1	0x00000000	0x00000001		PRIVATE	READWRITE
28	u32	0x00000289824d03d8	0	1	0x00000000	0x00000001		PRIVATE	READWRITE
28	u32	0x00000289824d0420	0	2	0x00000000	0x00000002		PRIVATE	READWRITE
28	u32	0x00000289824d04a8	0	1	0x00000000	0x00000001		PRIVATE	READWRITE
28	u32	0x00000289824d04d4	1	0	0x00000001	0x00000000		PRIVATE	READWRITE
28	u32	0x00000289824d04f0	0	2	0x00000000	0x00000002		PRIVATE	READWRITE
28	u32	0x00000289824d0578	0	1	0x00000000	0x00000001		PRIVATE	READWRITE
28	u32	0x00000289824d05c0	0	2	0x00000000	0x00000002		PRIVATE	READWRITE
28	u32	0x00000289824d0600	0	4	0x00000000	0x00000004		PRIVATE	READWRITE
28	u32	0x00000289824d0648	0	1	0x00000000	0x00000001		PRIVATE	READWRITE
28	u32	0x00000289824d0678	0	3	0x00000000	0x00000003		PRIVATE	READWRITE
28	u32	0x00000289824d0690	0	2	0x00000000	0x00000002		PRIVATE	READWRITE
28	u32	0x00000289824d0718	0	1	0x00000000	0x00000001		PRIVATE	READWRITE
28	u32	0x00000289824d0748	0	3	0x00000000	0x00000003		PRIVATE	READWRITE
28	u32	0x00000289824d0760	0	2	0x00000000	0x00000002		PRIVATE	READWRITE
28	u32	0x00000289824d07e8	0	1	0x00000000	0x00000001		PRIVATE	READWRITE
28	u32	0x00000289824d0818	0	3	0x00000000	0x00000003		PRIVATE	READWRITE
28	u32	0x00000289824d0830	0	2	0x00000000	0x00000002		PRIVATE	READWRITE
28	u32	0x00000289824d08b8	0	1	0x00000000	0x00000001		PRIVATE	READWRITE
28	u32	0x00000289824d0900	0	2	0x00000000	0x00000002		PRIVATE	READWRITE
28	u32	0x00000289824d0928	0	5	0x00000000	0x00000005		PRIVATE	READWRITE
28	u32	0x00000289824d0940	0	4	0x00000000	0x00000004		PRIVATE	READWRITE
28	u32	0x00000289824d0988	0	1	0x00000000	0x00000001		PRIVATE	READWRITE
28	u32	0x00000289824d09b8	0	3	0x00000000	0x00000003		PRIVATE	READWRITE
28	u32	0x00000289824d09d0	0	2	0x00000000	0x00000002		PRIVATE	READWRITE
28	u32	0x00000289824d0a10	0	10	0x00000000	0x0000000a		PRIVATE	READWRITE
28	u32	0x00000289824d0a18	0	1	0x00000000	0x00000001		PRIVATE	READWRITE
28	u32	0x00000289824d0a50	0	1	0x00000000	0x00000001		PRIVATE	READWRITE
28	u32	0x00000289824d0a70	0	1	0x00000000	0x00000001		PRIVATE	READWRITE
28	u32	0x00000289824d0a80	0	1	0x00000000	0x00000001		PRIVATE	READWRITE
28	u32	0x00000289824d0a88	0	1	0x00000000	0x00000001		PRIVATE	READWRITE
28	u32	0x00000289824d0a90	0	10	0x00000000	0x0000000a		PRIVATE	READWRITE
28	u32	0x00000289824d0a98	0	1	0x00000000	0x00000001		PRIVATE	READWRITE
28	u32	0x00000289824d0af0	0	1	0x00000000	0x00000001		PRIVATE	READWRITE
28	u32	0x00000289824d0b00	0	1	0x00000000	0x00000001		PRIVATE	READWRITE
28	u32	0x00000289824d0b08	0	1	0x00000000	0x00000001		PRIVATE	READWRITE
28	u32	0x00000289824d0b10	0	10	0x00000000	0x0000000a		PRIVATE	READWRITE
28	u32	0x00000289824d0b18	0	1	0x00000000	0x00000001		PRIVATE	READWRITE
28	u32	0x00000289824d0b70	0	1	0x00000000	0x00000001		PRIVATE	READWRITE
28	u32	0x00000289824d0bb0	0	10	0x00000000	0x0000000a		PRIVATE	READWRITE
28	u32	0x00000289824d0bb8	0	1	0x00000000	0x00000001		PRIVATE	READWRITE
28	u32	0x00000289824d0c34	1	0	0x00000001	0x00000000		PRIVATE	READWRITE
28	u32	0x00000289824d0c90	0	10	0x00000000	0x0000000a		PRIVATE	READWRITE
28	u32	0x00000289824d0c98	0	1	0x00000000	0x00000001		PRIVATE	READWRITE
28	u32	0x00000289824d0d90	0	5	0x00000000	0x00000005		PRIVATE	READWRITE
28	u32	0x00000289824d0d98	0	1	0x00000000	0x00000001		PRIVATE	READWRITE
28	u32	0x00000289824d0dd0	0	1	0x00000000	0x00000001		PRIVATE	READWRITE
28	u32	0x00000289824d0dd8	0	1	0x00000000	0x00000001		PRIVATE	READWRITE
28	u32	0x00000289824d0de0	0	10	0x00000000	0x0000000a		PRIVATE	READWRITE
28	u32	0x00000289824d0de8	0	1	0x00000000	0x00000001		PRIVATE	READWRITE
28	u32	0x00000289824d0e30	0	4	0x00000000	0x00000004		PRIVATE	READWRITE
28	u32	0x00000289824d0e38	0	4	0x00000000	0x00000004		PRIVATE	READWRITE
28	u32	0x00000289824d0e40	0	10	0x00000000	0x0000000a		PRIVATE	READWRITE
28	u32	0x00000289824d0e48	0	1	0x00000000	0x00000001		PRIVATE	READWRITE
28	u32	0x00000289824d0e90	0	1	0x00000000	0x00000001		PRIVATE	READWRITE
28	u32	0x00000289824d0e98	0	1	0x00000000	0x00000001		PRIVATE	READWRITE
28	u32	0x00000289824d0ea0	0	10	0x00000000	0x0000000a		PRIVATE	READWRITE
28	u32	0x00000289824d0ea8	0	1	0x00000000	0x00000001		PRIVATE	READWRITE
28	u32	0x00000289824d0f00	0	10	0x00000000	0x0000000a		PRIVATE	READWRITE
28	u32	0x00000289824d0f08	0	1	0x00000000	0x00000001		PRIVATE	READWRITE
28	u32	0x00000289824d0fa0	0	10	0x00000000	0x0000000a		PRIVATE	READWRITE
28	u32	0x00000289824d0fa8	0	1	0x00000000	0x00000001		PRIVATE	READWRITE
28	u32	0x00000289824d1010	0	10	0x00000000	0x0000000a		PRIVATE	READWRITE
28	u32	0x00000289824d1018	0	1	0x00000000	0x00000001		PRIVATE	READWRITE
28	u32	0x00000289824d1060	0	3	0x00000000	0x00000003		PRIVATE	READWRITE
28	u32	0x00000289824d1100	0	4	0x00000000	0x00000004		PRIVATE	READWRITE
28	u32	0x00000289824d1108	0	4	0x00000000	0x00000004		PRIVATE	READWRITE
28	u32	0x00000289824d1110	0	10	0x00000000	0x0000000a		PRIVATE	READWRITE
28	u32	0x00000289824d1180	0	1	0x00000000	0x00000001		PRIVATE	READWRITE
28	u32	0x00000289824d1210	0	10	0x00000000	0x0000000a		PRIVATE	READWRITE
28	u32	0x00000289824d1218	0	1	0x00000000	0x00000001		PRIVATE	READWRITE
28	u32	0x00000289824d5758	0	3	0x00000000	0x00000003		PRIVATE	READWRITE
28	u32	0x00000289824d5a70	0	2	0x00000000	0x00000002		PRIVATE	READWRITE
28	u32	0x00000289824d5b30	0	10	0x00000000	0x0000000a		PRIVATE	READWRITE
28	u32	0x00000289824d5cc4	1	0	0x00000001	0x00000000		PRIVATE	READWRITE
28	u32	0x00000289824d5d28	0	1	0x00000000	0x00000001		PRIVATE	READWRITE
28	u32	0x00000289824d5fe0	0	4	0x00000000	0x00000004		PRIVATE	READWRITE
28	u32	0x00000289824d6338	0	1	0x00000000	0x00000001		PRIVATE	READWRITE
28	u32	0x00000289824d6360	1	0	0x00000001	0x00000000		PRIVATE	READWRITE
28	u32	0x00000289824d63a8	0	5	0x00000000	0x00000005		PRIVATE	READWRITE
28	u32	0x00000289824d6450	0	2	0x00000000	0x00000002		PRIVATE	READWRITE
28	u32	0x00000289824d6520	0	10	0x00000000	0x0000000a		PRIVATE	READWRITE
28	u32	0x00000289824d65e0	0	10	0x00000000	0x0000000a		PRIVATE	READWRITE
28	u32	0x00000289824d6640	0	10	0x00000000	0x0000000a		PRIVATE	READWRITE
28	u32	0x00000289824d6648	0	1	0x00000000	0x00000001		PRIVATE	READWRITE
28	u32	0x00000289824d66b0	0	10	0x00000000	0x0000000a		PRIVATE	READWRITE
28	u32	0x00000289824d66b8	0	1	0x00000000	0x00000001		PRIVATE	READWRITE
28	u32	0x00000289824d6700	1	0	0x00000001	0x00000000		PRIVATE	READWRITE
28	u32	0x00000289824d67c0	0	1	0x00000000	0x00000001		PRIVATE	READWRITE
28	u32	0x00000289824d6820	0	1	0x00000000	0x00000001		PRIVATE	READWRITE
28	u32	0x00000289824d68c8	1	0	0x00000001	0x00000000		PRIVATE	READWRITE
28	u32	0x00000289824d69dc	0	3	0x00000000	0x00000003		PRIVATE	READWRITE
28	u32	0x00000289824d69e4	0	3	0x00000000	0x00000003		PRIVATE	READWRITE
28	u32	0x00000289824d69ec	0	3	0x00000000	0x00000003		PRIVATE	READWRITE
28	u32	0x00000289824d69f4	0	3	0x00000000	0x00000003		PRIVATE	READWRITE
28	u32	0x00000289824d69fc	0	3	0x00000000	0x00000003		PRIVATE	READWRITE
28	u32	0x00000289824d6a00	0	10	0x00000000	0x0000000a		PRIVATE	READWRITE
28	u32	0x00000289824d6a04	0	3	0x00000000	0x00000003		PRIVATE	READWRITE
28	u32	0x00000289824d6a0c	0	3	0x00000000	0x00000003		PRIVATE	READWRITE
28	u32	0x00000289824d6a14	0	3	0x00000000	0x00000003		PRIVATE	READWRITE
28	u32	0x00000289824d6a1c	0	3	0x00000000	0x00000003		PRIVATE	READWRITE
28	u32	0x00000289824d6a24	0	3	0x00000000	0x00000003		PRIVATE	READWRITE
28	u32	0x00000289824d6aa0	1	0	0x00000001	0x00000000		PRIVATE	READWRITE
28	u32	0x00000289824d6af0	1	0	0x00000001	0x00000000		PRIVATE	READWRITE
28	u32	0x00000289824d6c68	1	0	0x00000001	0x00000000		PRIVATE	READWRITE
28	u32	0x00000289824d6dc0	0	1	0x00000000	0x00000001		PRIVATE	READWRITE
28	u32	0x00000289824d6e00	0	10	0x00000000	0x0000000a		PRIVATE	READWRITE
28	u32	0x00000289824d6e08	0	1	0x00000000	0x00000001		PRIVATE	READWRITE
28	u32	0x00000289824d6e68	0	1	0x00000000	0x00000001		PRIVATE	READWRITE
28	u32	0x00000289824d6e90	1	0	0x00000001	0x00000000		PRIVATE	READWRITE
28	u32	0x00000289824e08ac	0	3	0x00000000	0x00000003		PRIVATE	READWRITE
28	u32	0x00000289824e08f0	0	10	0x00000000	0x0000000a		PRIVATE	READWRITE
28	u32	0x00000289824e08f8	0	1	0x00000000	0x00000001		PRIVATE	READWRITE
28	u32	0x00000289824e0940	0	1	0x00000000	0x00000001		PRIVATE	READWRITE
28	u32	0x00000289824e0948	0	1	0x00000000	0x00000001		PRIVATE	READWRITE
28	u32	0x00000289824e0950	0	10	0x00000000	0x0000000a		PRIVATE	READWRITE
28	u32	0x00000289824e0958	0	1	0x00000000	0x00000001		PRIVATE	READWRITE
28	u32	0x00000289824e09b0	0	10	0x00000000	0x0000000a		PRIVATE	READWRITE
28	u32	0x00000289824e09b8	0	1	0x00000000	0x00000001		PRIVATE	READWRITE
28	u32	0x00000289824e0a00	0	4	0x00000000	0x00000004		PRIVATE	READWRITE
28	u32	0x00000289824e0a08	0	4	0x00000000	0x00000004		PRIVATE	READWRITE
28	u32	0x00000289824e0aa8	1	0	0x00000001	0x00000000		PRIVATE	READWRITE
28	u32	0x00000289824e0ab0	1	0	0x00000001	0x00000000		PRIVATE	READWRITE
28	u32	0x00000289824e0ad8	1	0	0x00000001	0x00000000		PRIVATE	READWRITE
28	u32	0x00000289824e0b30	0	1	0x00000000	0x00000001		PRIVATE	READWRITE
28	u32	0x00000289824e0b90	0	1	0x00000000	0x00000001		PRIVATE	READWRITE
28	u32	0x00000289824e0d00	0	4	0x00000000	0x00000004		PRIVATE	READWRITE
28	u32	0x00000289824e0d48	0	1	0x00000000	0x00000001		PRIVATE	READWRITE
28	u32	0x00000289824e0d78	0	3	0x00000000	0x00000003		PRIVATE	READWRITE
28	u32	0x00000289824e0d90	0	2	0x00000000	0x00000002		PRIVATE	READWRITE
28	u32	0x00000289824e0ee8	0	3	0x00000000	0x00000003		PRIVATE	READWRITE
28	u32	0x00000289824e1054	1	0	0x00000001	0x00000000		PRIVATE	READWRITE
28	u32	0x00000289824e12c0	0	10	0x00000000	0x0000000a		PRIVATE	READWRITE
28	u32	0x00000289824e1458	0	5	0x00000000	0x00000005		PRIVATE	READWRITE
28	u32	0x00000289824e14b8	0	1	0x00000000	0x00000001		PRIVATE	READWRITE
28	u32	0x00000289824e1770	0	4	0x00000000	0x00000004		PRIVATE	READWRITE
28	u32	0x00000289824e1a70	0	1	0x00000000	0x00000001		PRIVATE	READWRITE
28	u32	0x00000289824e1a78	0	1	0x00000000	0x00000001		PRIVATE	READWRITE
28	u32	0x00000289824e1a80	0	10	0x00000000	0x0000000a		PRIVATE	READWRITE
28	u32	0x00000289824e1a88	0	1	0x00000000	0x00000001		PRIVATE	READWRITE
28	u32	0x00000289824e1b00	0	10	0x00000000	0x0000000a		PRIVATE	READWRITE
28	u32	0x00000289824e1b08	0	1	0x00000000	0x00000001		PRIVATE	READWRITE
28	u32	0x00000289824e1b70	0	1	0x00000000	0x00000001		PRIVATE	READWRITE
28	u32	0x00000289824e1b78	0	1	0x00000000	0x00000001		PRIVATE	READWRITE
28	u32	0x00000289824e1b80	0	10	0x00000000	0x0000000a		PRIVATE	READWRITE
28	u32	0x00000289824e1b88	0	1	0x00000000	0x00000001		PRIVATE	READWRITE
28	u32	0x00000289824e1e00	0	1	0x00000000	0x00000001		PRIVATE	READWRITE
28	u32	0x00000289824e1e08	0	1	0x00000000	0x00000001		PRIVATE	READWRITE
28	u32	0x00000289824e1e10	0	10	0x00000000	0x0000000a		PRIVATE	READWRITE
28	u32	0x00000289824e1e18	0	1	0x00000000	0x00000001		PRIVATE	READWRITE
28	u32	0x00000289824e1e70	0	5	0x00000000	0x00000005		PRIVATE	READWRITE
28	u32	0x00000289824e1e80	0	4	0x00000000	0x00000004		PRIVATE	READWRITE
28	u32	0x00000289824e1e88	0	4	0x00000000	0x00000004		PRIVATE	READWRITE
28	u32	0x00000289824e1e90	0	10	0x00000000	0x0000000a		PRIVATE	READWRITE
28	u32	0x00000289824e1e98	0	1	0x00000000	0x00000001		PRIVATE	READWRITE
28	u32	0x00000289824e1ef8	0	2	0x00000000	0x00000002		PRIVATE	READWRITE
28	u32	0x00000289824e1efc	0	1	0x00000000	0x00000001		PRIVATE	READWRITE
28	u32	0x00000289824e1f00	0	1	0x00000000	0x00000001		PRIVATE	READWRITE
28	u32	0x00000289824e1f10	0	2	0x00000000	0x00000002		PRIVATE	READWRITE
28	u32	0x00000289824e1f78	0	1	0x00000000	0x00000001		PRIVATE	READWRITE
28	u32	0x00000289824e1f80	0	1	0x00000000	0x00000001		PRIVATE	READWRITE
28	u32	0x00000289824e2110	0	4	0x00000000	0x00000004		PRIVATE	READWRITE
28	u32	0x00000289824e2130	1	0	0x00000001	0x00000000		PRIVATE	READWRITE
28	u32	0x00000289824e2158	0	1	0x00000000	0x00000001		PRIVATE	READWRITE
28	u32	0x00000289824e2188	0	3	0x00000000	0x00000003		PRIVATE	READWRITE
28	u32	0x00000289824e21e0	0	10	0x00000000	0x0000000a		PRIVATE	READWRITE
28	u32	0x00000289824e21e8	0	1	0x00000000	0x00000001		PRIVATE	READWRITE
28	u32	0x00000289824e2240	0	1	0x00000000	0x00000001		PRIVATE	READWRITE
28	u32	0x00000289824e90b0	0	1	0x00000000	0x00000001		PRIVATE	READWRITE
28	u32	0x00000289824f8c2c	0	2	0x00000000	0x00000002		PRIVATE	READWRITE
28	u32	0x00000289824f8e48	0	1	0x00000000	0x00000001		PRIVATE	READWRITE
28	u32	0x00000289824f8e90	0	2	0x00000000	0x00000002		PRIVATE	READWRITE
28	u32	0x00000289824f8ec0	0	1	0x00000000	0x00000001		PRIVATE	READWRITE
28	u32	0x00000289824f8ec8	0	1	0x00000000	0x00000001		PRIVATE	READWRITE
28	u32	0x00000289824f8ed0	0	10	0x00000000	0x0000000a		PRIVATE	READWRITE
28	u32	0x00000289824f8ed8	0	1	0x00000000	0x00000001		PRIVATE	READWRITE
28	u32	0x00000289824f8f10	0	1	0x00000000	0x00000001		PRIVATE	READWRITE
28	u32	0x00000289824f8f50	0	10	0x00000000	0x0000000a		PRIVATE	READWRITE
28	u32	0x00000289824f8f58	0	1	0x00000000	0x00000001		PRIVATE	READWRITE
28	u32	0x00000289824f8f90	0	5	0x00000000	0x00000005		PRIVATE	READWRITE
28	u32	0x00000289824f8f98	0	1	0x00000000	0x00000001		PRIVATE	READWRITE
28	u32	0x0000028988582d4c	1	3	0x00000001	0x00000003		PRIVATE	READWRITE
28	u32	0x000002898859f42c	1	3	0x00000001	0x00000003		PRIVATE	READWRITE
28	u32	0x000002898859f62c	1	3	0x00000001	0x00000003		PRIVATE	READWRITE
28	u32	0x00000289885b5b68	1	0	0x00000001	0x00000000		PRIVATE	READWRITE
28	u32	0x00000289885b5b6c	1	0	0x00000001	0x00000000		PRIVATE	READWRITE
28	u32	0x00000289885c15a4	1	0	0x00000001	0x00000000		PRIVATE	READWRITE
28	u32	0x00000289886722e4	1	0	0x00000001	0x00000000		PRIVATE	READWRITE
28	u32	0x000002898adae188	0	2	0x00000000	0x00000002		PRIVATE	READWRITE
28	u32	0x000002898adae388	0	2	0x00000000	0x00000002		PRIVATE	READWRITE
28	u32	0x000002898adae3e8	0	2	0x00000000	0x00000002		PRIVATE	READWRITE
28	u32	0x000002898b5e19d8	1	0	0x00000001	0x00000000		PRIVATE	READWRITE
28	u32	0x000002898b5e19dc	1	0	0x00000001	0x00000000		PRIVATE	READWRITE
28	u32	0x000002898b7274e8	1	0	0x00000001	0x00000000		PRIVATE	READWRITE
28	u32	0x000002898b727530	1	0	0x00000001	0x00000000		PRIVATE	READWRITE
28	u32	0x000002898b7276e0	0	1	0x00000000	0x00000001		PRIVATE	READWRITE
28	u32	0x000002898b7276e4	0	3	0x00000000	0x00000003		PRIVATE	READWRITE
28	u32	0x000002898b7276e8	0	5	0x00000000	0x00000005		PRIVATE	READWRITE
28	u32	0x000002898b727728	0	1	0x00000000	0x00000001		PRIVATE	READWRITE
28	u32	0x000002898b727730	0	3	0x00000000	0x00000003		PRIVATE	READWRITE
28	u32	0x000002898b782c68	0	2	0x00000000	0x00000002		PRIVATE	READWRITE
28	u32	0x000002898b7b2704	1	2	0x00000001	0x00000002		PRIVATE	READWRITE
28	u32	0x000002898bfa6084	0	2	0x00000000	0x00000002		PRIVATE	READWRITE
28	u32	0x000002898bfa60a8	0	3	0x00000000	0x00000003		PRIVATE	READWRITE
28	u32	0x000002898bfa60b0	1	0	0x00000001	0x00000000		PRIVATE	READWRITE
28	u32	0x000002898bfa60b8	1	0	0x00000001	0x00000000		PRIVATE	READWRITE
28	u32	0x000002898bfa60ec	1	0	0x00000001	0x00000000		PRIVATE	READWRITE
28	u32	0x000002898bfa9408	0	1	0x00000000	0x00000001		PRIVATE	READWRITE
28	u32	0x000002898bfaa514	1	0	0x00000001	0x00000000		PRIVATE	READWRITE
28	u32	0x000002898bfaa528	1	0	0x00000001	0x00000000		PRIVATE	READWRITE
28	u32	0x000002898bfae928	1	3	0x00000001	0x00000003		PRIVATE	READWRITE
28	u32	0x000002898bfae930	0	4	0x00000000	0x00000004		PRIVATE	READWRITE
28	u32	0x000002898bfaeb00	0	3	0x00000000	0x00000003		PRIVATE	READWRITE
28	u32	0x000002898bfcb64c	1	0	0x00000001	0x00000000		PRIVATE	READWRITE
28	u32	0x000002898bfcb6dc	1	0	0x00000001	0x00000000		PRIVATE	READWRITE
28	u32	0x000002898bfcb6e0	1	0	0x00000001	0x00000000		PRIVATE	READWRITE
28	u32	0x000002898bfcb70c	1	0	0x00000001	0x00000000		PRIVATE	READWRITE
28	u32	0x000002898bfcb758	0	3	0x00000000	0x00000003		PRIVATE	READWRITE
28	u32	0x000002898bfcb76c	1	0	0x00000001	0x00000000		PRIVATE	READWRITE
28	u32	0x000002898bfcb770	1	0	0x00000001	0x00000000		PRIVATE	READWRITE
28	u32	0x000002898bfcb7cc	1	0	0x00000001	0x00000000		PRIVATE	READWRITE
28	u32	0x000002898bfcb7d0	1	0	0x00000001	0x00000000		PRIVATE	READWRITE
28	u32	0x000002898bfcc6c4	0	2	0x00000000	0x00000002		PRIVATE	READWRITE
28	u32	0x000002898bfcc6e8	0	3	0x00000000	0x00000003		PRIVATE	READWRITE
28	u32	0x000002898c1455c0	1	2	0x00000001	0x00000002		PRIVATE	READWRITE
28	u32	0x000002898c1455e0	0	1	0x00000000	0x00000001		PRIVATE	READWRITE
28	u32	0x000002898c1c95a8	1	0	0x00000001	0x00000000		PRIVATE	READWRITE
28	u32	0x000002898c1c95ac	1	0	0x00000001	0x00000000		PRIVATE	READWRITE
28	u32	0x000002898c1c9f44	0	1	0x00000000	0x00000001		PRIVATE	READWRITE
28	u32	0x000002898c2980d8	1	0	0x00000001	0x00000000		PRIVATE	READWRITE
28	u32	0x000002898c2980dc	1	0	0x00000001	0x00000000		PRIVATE	READWRITE
28	u32	0x000002898c298a74	0	1	0x00000000	0x00000001		PRIVATE	READWRITE
28	u32	0x000002898d116168	0	4	0x00000000	0x00000004		PRIVATE	READWRITE
28	u32	0x000002898d12466c	0	1	0x00000000	0x00000001		PRIVATE	READWRITE
28	u32	0x000002898d124684	0	1	0x00000000	0x00000001		PRIVATE	READWRITE
28	u32	0x000002898d15fc58	0	2	0x00000000	0x00000002		PRIVATE	READWRITE
28	u32	0x000002898d16afe8	0	2	0x00000000	0x00000002		PRIVATE	READWRITE
28	u32	0x000002898dbfc5d0	0	1	0x00000000	0x00000001		PRIVATE	READWRITE
28	u32	0x000002898dc82230	0	4	0x00000000	0x00000004		PRIVATE	READWRITE
28	u32	0x000002898dc82408	0	5	0x00000000	0x00000005		PRIVATE	READWRITE
28	u32	0x000002898dc8310c	0	4	0x00000000	0x00000004		PRIVATE	READWRITE
28	u32	0x000002898dc8323c	0	5	0x00000000	0x00000005		PRIVATE	READWRITE
28	u32	0x000002898dc832f0	0	4	0x00000000	0x00000004		PRIVATE	READWRITE
28	u32	0x000002898dc8333c	0	5	0x00000000	0x00000005		PRIVATE	READWRITE
28	u32	0x000002898dc8421c	0	4	0x00000000	0x00000004		PRIVATE	READWRITE
28	u32	0x000002898dc84254	0	5	0x00000000	0x00000005		PRIVATE	READWRITE
28	u32	0x000002898dc84308	0	4	0x00000000	0x00000004		PRIVATE	READWRITE
28	u32	0x000002898dc84400	0	4	0x00000000	0x00000004		PRIVATE	READWRITE
28	u32	0x000002898dc84490	0	1	0x00000000	0x00000001		PRIVATE	READWRITE
28	u32	0x000002898dc84718	0	5	0x00000000	0x00000005		PRIVATE	READWRITE
28	u32	0x000002898dc84854	0	4	0x00000000	0x00000004		PRIVATE	READWRITE
28	u32	0x000002898dc849f8	0	4	0x00000000	0x00000004		PRIVATE	READWRITE
28	u32	0x000002898dc84c20	0	5	0x00000000	0x00000005		PRIVATE	READWRITE
28	u32	0x000002898dc84d0c	0	5	0x00000000	0x00000005		PRIVATE	READWRITE
28	u32	0x000002898dc84dcc	0	4	0x00000000	0x00000004		PRIVATE	READWRITE
28	u32	0x000002898dc8532c	0	5	0x00000000	0x00000005		PRIVATE	READWRITE
28	u32	0x000002898dc853ec	0	4	0x00000000	0x00000004		PRIVATE	READWRITE
28	u32	0x000002898dc85514	0	5	0x00000000	0x00000005		PRIVATE	READWRITE
28	u32	0x000002898dc857bc	0	4	0x00000000	0x00000004		PRIVATE	READWRITE
28	u32	0x000002898dc85ba0	0	5	0x00000000	0x00000005		PRIVATE	READWRITE
28	u32	0x000002898dc87d70	0	4	0x00000000	0x00000004		PRIVATE	READWRITE
28	u32	0x000002898dc88590	0	5	0x00000000	0x00000005		PRIVATE	READWRITE
28	u32	0x000002898dc8890c	0	4	0x00000000	0x00000004		PRIVATE	READWRITE
28	u32	0x000002898dc88a0c	0	4	0x00000000	0x00000004		PRIVATE	READWRITE
28	u32	0x000002898dc893e0	0	5	0x00000000	0x00000005		PRIVATE	READWRITE
28	u32	0x000002898dc898f4	1	0	0x00000001	0x00000000		PRIVATE	READWRITE
28	u32	0x000002898dc8ac08	0	4	0x00000000	0x00000004		PRIVATE	READWRITE
28	u32	0x000002898dc8accc	0	4	0x00000000	0x00000004		PRIVATE	READWRITE
28	u32	0x000002898dc8add4	0	4	0x00000000	0x00000004		PRIVATE	READWRITE
28	u32	0x000002898dc8ae20	0	5	0x00000000	0x00000005		PRIVATE	READWRITE
28	u32	0x000002898dc8b3d0	0	4	0x00000000	0x00000004		PRIVATE	READWRITE
28	u32	0x000002898dc8b3e0	0	4	0x00000000	0x00000004		PRIVATE	READWRITE
28	u32	0x000002898dc8b43c	0	5	0x00000000	0x00000005		PRIVATE	READWRITE
28	u32	0x000002898dc8b988	0	4	0x00000000	0x00000004		PRIVATE	READWRITE
28	u32	0x000002898dc8d5e8	0	4	0x00000000	0x00000004		PRIVATE	READWRITE
28	u32	0x000002898dc8feb0	1	0	0x00000001	0x00000000		PRIVATE	READWRITE
28	u32	0x000002898dc8fed4	1	0	0x00000001	0x00000000		PRIVATE	READWRITE
28	u32	0x000002898dc8fee0	0	4	0x00000000	0x00000004		PRIVATE	READWRITE
28	u32	0x000002898dc906f4	0	4	0x00000000	0x00000004		PRIVATE	READWRITE
28	u32	0x000002898dc90704	0	1	0x00000000	0x00000001		PRIVATE	READWRITE
28	u32	0x000002898dc9075c	0	5	0x00000000	0x00000005		PRIVATE	READWRITE
28	u32	0x000002898dc907e4	0	4	0x00000000	0x00000004		PRIVATE	READWRITE
28	u32	0x000002898dc908e8	0	5	0x00000000	0x00000005		PRIVATE	READWRITE
28	u32	0x000002898dc90bb8	0	4	0x00000000	0x00000004		PRIVATE	READWRITE
28	u32	0x000002898dc90c74	0	5	0x00000000	0x00000005		PRIVATE	READWRITE
28	u32	0x000002898dc90da8	0	4	0x00000000	0x00000004		PRIVATE	READWRITE
28	u32	0x000002898dc91460	0	1	0x00000000	0x00000001		PRIVATE	READWRITE
28	u32	0x000002898dc91474	0	5	0x00000000	0x00000005		PRIVATE	READWRITE
28	u32	0x000002898dc9166c	0	5	0x00000000	0x00000005		PRIVATE	READWRITE
28	u32	0x000002898dc919f4	0	4	0x00000000	0x00000004		PRIVATE	READWRITE
28	u32	0x000002898dc91b34	0	4	0x00000000	0x00000004		PRIVATE	READWRITE
28	u32	0x000002898de59f28	1	0	0x00000001	0x00000000		PRIVATE	READWRITE
28	u32	0x000002898de5ab28	0	1	0x00000000	0x00000001		PRIVATE	READWRITE
28	u32	0x000002898dff1c3c	1	0	0x00000001	0x00000000		PRIVATE	READWRITE
28	u32	0x000002898dff334c	0	1	0x00000000	0x00000001		PRIVATE	READWRITE
28	u32	0x000002898e0157ac	1	3	0x00000001	0x00000003		PRIVATE	READWRITE
28	u32	0x000002898e1295a8	1	2	0x00000001	0x00000002		PRIVATE	READWRITE
28	u32	0x000002898e15e81c	1	3	0x00000001	0x00000003		PRIVATE	READWRITE
28	u32	0x000002898e1b74f0	1	0	0x00000001	0x00000000		PRIVATE	READWRITE
28	u32	0x000002898e202ec8	1	0	0x00000001	0x00000000		PRIVATE	READWRITE
28	u32	0x000002898e202ee8	1	0	0x00000001	0x00000000		PRIVATE	READWRITE
28	u32	0x000002898e203cc0	1	0	0x00000001	0x00000000		PRIVATE	READWRITE
28	u32	0x000002898e228b78	1	4	0x00000001	0x00000004		PRIVATE	READWRITE
28	u32	0x000002898e22970c	0	10	0x00000000	0x0000000a		PRIVATE	READWRITE
28	u32	0x000002898e22cbf0	1	3	0x00000001	0x00000003		PRIVATE	READWRITE
28	u32	0x000002898e22ce18	1	2	0x00000001	0x00000002		PRIVATE	READWRITE
28	u32	0x000002898e22d0fc	0	1	0x00000000	0x00000001		PRIVATE	READWRITE
28	u32	0x000002898e2b5d88	0	1	0x00000000	0x00000001		PRIVATE	READWRITE
28	u32	0x000002898e2c7f08	1	0	0x00000001	0x00000000		PRIVATE	READWRITE
28	u32	0x000002898e2caf48	0	1	0x00000000	0x00000001		PRIVATE	READWRITE
28	u32	0x000002898e2cbb58	1	0	0x00000001	0x00000000		PRIVATE	READWRITE
28	u32	0x000002898e2cd378	0	1	0x00000000	0x00000001		PRIVATE	READWRITE
28	u32	0x000002898e2d19b0	0	1	0x00000000	0x00000001		PRIVATE	READWRITE
28	u32	0x000002898e2d19b4	0	1	0x00000000	0x00000001		PRIVATE	READWRITE
28	u32	0x000002898e2d19c4	0	1	0x00000000	0x00000001		PRIVATE	READWRITE
28	u32	0x000002898e2d33f8	1	0	0x00000001	0x00000000		PRIVATE	READWRITE
28	u32	0x000002898e2d33fc	1	0	0x00000001	0x00000000		PRIVATE	READWRITE
28	u32	0x000002898e2d3d94	0	1	0x00000000	0x00000001		PRIVATE	READWRITE
28	u32	0x00000289984e0100	1	2	0x00000001	0x00000002		PRIVATE	READWRITE
28	u32	0x00000289984e0120	1	2	0x00000001	0x00000002		PRIVATE	READWRITE
28	u32	0x00000289984e0168	1	3	0x00000001	0x00000003		PRIVATE	READWRITE
28	u32	0x00000289984e01e8	0	2	0x00000000	0x00000002		PRIVATE	READWRITE
28	u32	0x00000289984e0200	1	2	0x00000001	0x00000002		PRIVATE	READWRITE
28	u32	0x00000289984e0220	1	2	0x00000001	0x00000002		PRIVATE	READWRITE
28	u32	0x00000289984e0248	1	2	0x00000001	0x00000002		PRIVATE	READWRITE
28	u32	0x00000289984e02a0	1	2	0x00000001	0x00000002		PRIVATE	READWRITE
28	u32	0x00000289984e02c8	1	0	0x00000001	0x00000000		PRIVATE	READWRITE
28	u32	0x00000289984e0308	1	5	0x00000001	0x00000005		PRIVATE	READWRITE
28	u32	0x00000289987810e8	0	4	0x00000000	0x00000004		PRIVATE	READWRITE
28	u32	0x00000289987810f8	0	3	0x00000000	0x00000003		PRIVATE	READWRITE
28	u32	0x0000028998781108	0	3	0x00000000	0x00000003		PRIVATE	READWRITE
28	u32	0x0000028998781118	0	3	0x00000000	0x00000003		PRIVATE	READWRITE
28	u32	0x0000028998781128	0	3	0x00000000	0x00000003		PRIVATE	READWRITE
28	u32	0x0000028998781138	0	3	0x00000000	0x00000003		PRIVATE	READWRITE
28	u32	0x0000028998781148	0	3	0x00000000	0x00000003		PRIVATE	READWRITE
28	u32	0x0000028998781158	0	3	0x00000000	0x00000003		PRIVATE	READWRITE
28	u32	0x0000028998781168	0	3	0x00000000	0x00000003		PRIVATE	READWRITE
28	u32	0x0000028998781178	0	3	0x00000000	0x00000003		PRIVATE	READWRITE
28	u32	0x0000028998781188	0	3	0x00000000	0x00000003		PRIVATE	READWRITE
28	u32	0x0000028998781198	0	3	0x00000000	0x00000003		PRIVATE	READWRITE
28	u32	0x00000289987811a8	0	3	0x00000000	0x00000003		PRIVATE	READWRITE
28	u32	0x00000289987811b8	0	4	0x00000000	0x00000004		PRIVATE	READWRITE
28	u32	0x000002899a9bc6a8	0	1	0x00000000	0x00000001		PRIVATE	READWRITE
28	u32	0x000002899a9c6c48	0	4	0x00000000	0x00000004		PRIVATE	READWRITE
28	u32	0x000002899a9ce1a8	0	4	0x00000000	0x00000004		PRIVATE	READWRITE
28	u32	0x000002899a9ce268	0	4	0x00000000	0x00000004		PRIVATE	READWRITE
28	u32	0x000002899a9cf848	0	2	0x00000000	0x00000002		PRIVATE	READWRITE
28	u32	0x000002899b1468e8	0	5	0x00000000	0x00000005		PRIVATE	READWRITE
28	u32	0x000002899b146920	0	3	0x00000000	0x00000003		PRIVATE	READWRITE
28	u32	0x000002899b146948	1	2	0x00000001	0x00000002		PRIVATE	READWRITE
28	u32	0x000002899b14694c	0	1	0x00000000	0x00000001		PRIVATE	READWRITE
28	u32	0x000002899b14695c	0	5	0x00000000	0x00000005		PRIVATE	READWRITE
28	u32	0x000002899b1469a8	1	2	0x00000001	0x00000002		PRIVATE	READWRITE
28	u32	0x000002899b1469b8	0	1	0x00000000	0x00000001		PRIVATE	READWRITE
28	u32	0x000002899b161128	0	5	0x00000000	0x00000005		PRIVATE	READWRITE
28	u32	0x000002899b16c520	0	10	0x00000000	0x0000000a		PRIVATE	READWRITE
28	u32	0x000002899b16ce10	1	0	0x00000001	0x00000000		PRIVATE	READWRITE
28	u32	0x000002899b16ce28	1	0	0x00000001	0x00000000		PRIVATE	READWRITE
28	u32	0x000002899b16cef0	1	0	0x00000001	0x00000000		PRIVATE	READWRITE
28	u32	0x000002899b16cf08	0	4	0x00000000	0x00000004		PRIVATE	READWRITE
28	u32	0x000002899ccc799c	0	4	0x00000000	0x00000004		PRIVATE	READWRITE
28	u32	0x000002899ccc79ac	0	4	0x00000000	0x00000004		PRIVATE	READWRITE
28	u32	0x000002899ccc7a08	0	5	0x00000000	0x00000005		PRIVATE	READWRITE
28	u32	0x000002899ccc99ec	0	4	0x00000000	0x00000004		PRIVATE	READWRITE
28	u32	0x000002899ccc9bb4	0	4	0x00000000	0x00000004		PRIVATE	READWRITE
28	u32	0x000002899cccbd14	0	4	0x00000000	0x00000004		PRIVATE	READWRITE
28	u32	0x000002899cccccd0	0	1	0x00000000	0x00000001		PRIVATE	READWRITE
28	u32	0x000002899ccccd28	0	5	0x00000000	0x00000005		PRIVATE	READWRITE
28	u32	0x000002899ccccdb0	0	4	0x00000000	0x00000004		PRIVATE	READWRITE
28	u32	0x000002899cccceb4	0	5	0x00000000	0x00000005		PRIVATE	READWRITE
28	u32	0x000002899cccd130	0	4	0x00000000	0x00000004		PRIVATE	READWRITE
28	u32	0x000002899cccd1d8	0	2	0x00000000	0x00000002		PRIVATE	READWRITE
28	u32	0x000002899cccd1e8	0	1	0x00000000	0x00000001		PRIVATE	READWRITE
28	u32	0x000002899cccd22c	0	5	0x00000000	0x00000005		PRIVATE	READWRITE
28	u32	0x000002899cccd40c	0	4	0x00000000	0x00000004		PRIVATE	READWRITE
28	u32	0x000002899cccd514	0	4	0x00000000	0x00000004		PRIVATE	READWRITE
28	u32	0x000002899cccdb10	0	4	0x00000000	0x00000004		PRIVATE	READWRITE
28	u32	0x000002899cccdb20	0	4	0x00000000	0x00000004		PRIVATE	READWRITE
28	u32	0x000002899cccdb7c	0	5	0x00000000	0x00000005		PRIVATE	READWRITE
28	u32	0x000002899ccce0c8	0	4	0x00000000	0x00000004		PRIVATE	READWRITE
28	u32	0x000002899cccf128	0	4	0x00000000	0x00000004		PRIVATE	READWRITE
28	u32	0x000002899cccf138	0	4	0x00000000	0x00000004		PRIVATE	READWRITE
28	u32	0x000002899cccf194	0	5	0x00000000	0x00000005		PRIVATE	READWRITE
28	u32	0x000002899cccf1d0	0	5	0x00000000	0x00000005		PRIVATE	READWRITE
28	u32	0x000002899ced6c30	1	0	0x00000001	0x00000000		PRIVATE	READWRITE
28	u32	0x000002899ced6cc0	0	4	0x00000000	0x00000004		PRIVATE	READWRITE
28	u32	0x000002899ced6f90	1	0	0x00000001	0x00000000		PRIVATE	READWRITE
28	u32	0x000002899ced7020	0	4	0x00000000	0x00000004		PRIVATE	READWRITE
28	u32	0x000002899ced72f0	1	0	0x00000001	0x00000000		PRIVATE	READWRITE
28	u32	0x000002899ced7380	0	4	0x00000000	0x00000004		PRIVATE	READWRITE
28	u32	0x000002899ced7650	1	0	0x00000001	0x00000000		PRIVATE	READWRITE
28	u32	0x000002899ced76e0	0	4	0x00000000	0x00000004		PRIVATE	READWRITE
28	u32	0x000002899ced79b0	1	0	0x00000001	0x00000000		PRIVATE	READWRITE
28	u32	0x000002899ced7a40	0	4	0x00000000	0x00000004		PRIVATE	READWRITE
28	u32	0x000002899ced7d10	1	0	0x00000001	0x00000000		PRIVATE	READWRITE
28	u32	0x000002899ced7da0	0	4	0x00000000	0x00000004		PRIVATE	READWRITE
28	u32	0x000002899ced8070	1	0	0x00000001	0x00000000		PRIVATE	READWRITE
28	u32	0x000002899ced8100	0	4	0x00000000	0x00000004		PRIVATE	READWRITE
28	u32	0x000002899ced83d0	1	0	0x00000001	0x00000000		PRIVATE	READWRITE
28	u32	0x000002899ced8460	0	4	0x00000000	0x00000004		PRIVATE	READWRITE
28	u32	0x000002899ced8730	1	0	0x00000001	0x00000000		PRIVATE	READWRITE
28	u32	0x000002899ced87c0	0	4	0x00000000	0x00000004		PRIVATE	READWRITE
28	u32	0x000002899ced8a90	1	0	0x00000001	0x00000000		PRIVATE	READWRITE
28	u32	0x000002899ced8b20	0	4	0x00000000	0x00000004		PRIVATE	READWRITE
28	u32	0x000002899ced8df0	1	0	0x00000001	0x00000000		PRIVATE	READWRITE
28	u32	0x000002899ced8e80	0	4	0x00000000	0x00000004		PRIVATE	READWRITE
28	u32	0x000002899ced9150	1	0	0x00000001	0x00000000		PRIVATE	READWRITE
28	u32	0x000002899ced91e0	0	4	0x00000000	0x00000004		PRIVATE	READWRITE
28	u32	0x000002899ced94b0	1	0	0x00000001	0x00000000		PRIVATE	READWRITE
28	u32	0x000002899ced9540	0	4	0x00000000	0x00000004		PRIVATE	READWRITE
28	u32	0x000002899ced9810	1	0	0x00000001	0x00000000		PRIVATE	READWRITE
28	u32	0x000002899ced98a0	0	4	0x00000000	0x00000004		PRIVATE	READWRITE
28	u32	0x000002899ced9b70	1	0	0x00000001	0x00000000		PRIVATE	READWRITE
28	u32	0x000002899ced9c00	0	4	0x00000000	0x00000004		PRIVATE	READWRITE
28	u32	0x000002899ced9ed0	1	0	0x00000001	0x00000000		PRIVATE	READWRITE
28	u32	0x000002899ced9f60	0	4	0x00000000	0x00000004		PRIVATE	READWRITE
28	u32	0x000002899ceda230	1	0	0x00000001	0x00000000		PRIVATE	READWRITE
28	u32	0x000002899ceda2c0	0	4	0x00000000	0x00000004		PRIVATE	READWRITE
28	u32	0x000002899ceda590	1	0	0x00000001	0x00000000		PRIVATE	READWRITE
28	u32	0x000002899ceda620	0	4	0x00000000	0x00000004		PRIVATE	READWRITE
28	u32	0x000002899ceda8f0	1	0	0x00000001	0x00000000		PRIVATE	READWRITE
28	u32	0x000002899ceda980	0	4	0x00000000	0x00000004		PRIVATE	READWRITE
28	u32	0x000002899cedac50	1	0	0x00000001	0x00000000		PRIVATE	READWRITE
28	u32	0x000002899cedace0	0	4	0x00000000	0x00000004		PRIVATE	READWRITE
28	u32	0x000002899cedafb0	1	0	0x00000001	0x00000000		PRIVATE	READWRITE
28	u32	0x000002899cedb040	0	4	0x00000000	0x00000004		PRIVATE	READWRITE
28	u32	0x000002899cedb310	1	0	0x00000001	0x00000000		PRIVATE	READWRITE
28	u32	0x000002899cedb3a0	0	4	0x00000000	0x00000004		PRIVATE	READWRITE
28	u32	0x000002899cedb670	1	0	0x00000001	0x00000000		PRIVATE	READWRITE
28	u32	0x000002899cedb700	0	4	0x00000000	0x00000004		PRIVATE	READWRITE
28	u32	0x000002899cedba60	1	4	0x00000001	0x00000004		PRIVATE	READWRITE
28	u32	0x000002899cedbaf0	0	4	0x00000000	0x00000004		PRIVATE	READWRITE
28	u32	0x000002899cedbdc0	1	4	0x00000001	0x00000004		PRIVATE	READWRITE
28	u32	0x000002899cedbe50	0	4	0x00000000	0x00000004		PRIVATE	READWRITE
28	u32	0x000002899cedc120	1	4	0x00000001	0x00000004		PRIVATE	READWRITE
28	u32	0x000002899cedc1b0	0	4	0x00000000	0x00000004		PRIVATE	READWRITE
28	u32	0x000002899cedc510	1	4	0x00000001	0x00000004		PRIVATE	READWRITE
28	u32	0x000002899cedc5a0	0	4	0x00000000	0x00000004		PRIVATE	READWRITE
28	u32	0x000002899cedc870	1	4	0x00000001	0x00000004		PRIVATE	READWRITE
28	u32	0x000002899cedc900	0	4	0x00000000	0x00000004		PRIVATE	READWRITE
28	u32	0x000002899cedcbd0	1	4	0x00000001	0x00000004		PRIVATE	READWRITE
28	u32	0x000002899cedcc60	0	4	0x00000000	0x00000004		PRIVATE	READWRITE
28	u32	0x000002899cedcf30	1	4	0x00000001	0x00000004		PRIVATE	READWRITE
28	u32	0x000002899cedcfc0	0	4	0x00000000	0x00000004		PRIVATE	READWRITE
28	u32	0x000002899cedd290	1	4	0x00000001	0x00000004		PRIVATE	READWRITE
28	u32	0x000002899cedd320	0	4	0x00000000	0x00000004		PRIVATE	READWRITE
28	u32	0x000002899cedd5f0	1	4	0x00000001	0x00000004		PRIVATE	READWRITE
28	u32	0x000002899cedd680	0	4	0x00000000	0x00000004		PRIVATE	READWRITE
28	u32	0x000002899cedd950	1	4	0x00000001	0x00000004		PRIVATE	READWRITE
28	u32	0x000002899cedd9e0	0	4	0x00000000	0x00000004		PRIVATE	READWRITE
28	u32	0x000002899ceddcb0	1	4	0x00000001	0x00000004		PRIVATE	READWRITE
28	u32	0x000002899ceddd40	0	4	0x00000000	0x00000004		PRIVATE	READWRITE
28	u32	0x000002899cede010	1	4	0x00000001	0x00000004		PRIVATE	READWRITE
28	u32	0x000002899cede0a0	0	4	0x00000000	0x00000004		PRIVATE	READWRITE
28	u32	0x000002899cede370	1	4	0x00000001	0x00000004		PRIVATE	READWRITE
28	u32	0x000002899cede400	0	4	0x00000000	0x00000004		PRIVATE	READWRITE
28	u32	0x000002899cede6d0	1	4	0x00000001	0x00000004		PRIVATE	READWRITE
28	u32	0x000002899cede760	0	4	0x00000000	0x00000004		PRIVATE	READWRITE
28	u32	0x000002899cedea30	1	4	0x00000001	0x00000004		PRIVATE	READWRITE
28	u32	0x000002899cedeac0	0	4	0x00000000	0x00000004		PRIVATE	READWRITE
28	u32	0x000002899ceded90	1	4	0x00000001	0x00000004		PRIVATE	READWRITE
28	u32	0x000002899cedee20	0	4	0x00000000	0x00000004		PRIVATE	READWRITE
28	u32	0x000002899cedf0f0	1	4	0x00000001	0x00000004		PRIVATE	READWRITE
28	u32	0x000002899cedf180	0	4	0x00000000	0x00000004		PRIVATE	READWRITE
28	u32	0x000002899cedf450	1	4	0x00000001	0x00000004		PRIVATE	READWRITE
28	u32	0x000002899cedf4e0	0	4	0x00000000	0x00000004		PRIVATE	READWRITE
28	u32	0x000002899cedf7b0	1	4	0x00000001	0x00000004		PRIVATE	READWRITE
28	u32	0x000002899cedf840	0	4	0x00000000	0x00000004		PRIVATE	READWRITE
28	u32	0x000002899cedfb10	1	4	0x00000001	0x00000004		PRIVATE	READWRITE
28	u32	0x000002899cedfba0	0	4	0x00000000	0x00000004		PRIVATE	READWRITE
28	u32	0x000002899cedfe70	1	4	0x00000001	0x00000004		PRIVATE	READWRITE
28	u32	0x000002899cedff00	0	4	0x00000000	0x00000004		PRIVATE	READWRITE
28	u32	0x000002899cee01d0	1	4	0x00000001	0x00000004		PRIVATE	READWRITE
28	u32	0x000002899cee0260	0	4	0x00000000	0x00000004		PRIVATE	READWRITE
28	u32	0x000002899cee0530	1	4	0x00000001	0x00000004		PRIVATE	READWRITE
28	u32	0x000002899cee05c0	0	4	0x00000000	0x00000004		PRIVATE	READWRITE
28	u32	0x000002899cee0890	1	4	0x00000001	0x00000004		PRIVATE	READWRITE
28	u32	0x000002899cee0920	0	4	0x00000000	0x00000004		PRIVATE	READWRITE
28	u32	0x000002899cee0bf0	1	4	0x00000001	0x00000004		PRIVATE	READWRITE
28	u32	0x000002899cee0c80	0	4	0x00000000	0x00000004		PRIVATE	READWRITE
28	u32	0x000002899cee0f50	1	4	0x00000001	0x00000004		PRIVATE	READWRITE
28	u32	0x000002899cee0fe0	0	4	0x00000000	0x00000004		PRIVATE	READWRITE
28	u32	0x000002899cee12b0	1	4	0x00000001	0x00000004		PRIVATE	READWRITE
28	u32	0x000002899cee1340	0	4	0x00000000	0x00000004		PRIVATE	READWRITE
28	u32	0x000002899cee1610	1	4	0x00000001	0x00000004		PRIVATE	READWRITE
28	u32	0x000002899cee16a0	0	4	0x00000000	0x00000004		PRIVATE	READWRITE
28	u32	0x000002899cee1970	1	4	0x00000001	0x00000004		PRIVATE	READWRITE
28	u32	0x000002899cee1a00	0	4	0x00000000	0x00000004		PRIVATE	READWRITE
28	u32	0x000002899cee1bb0	1	0	0x00000001	0x00000000		PRIVATE	READWRITE
28	u32	0x000002899cee1c40	0	4	0x00000000	0x00000004		PRIVATE	READWRITE
28	u32	0x000002899cee1df0	1	4	0x00000001	0x00000004		PRIVATE	READWRITE
28	u32	0x000002899cee1e80	0	1	0x00000000	0x00000001		PRIVATE	READWRITE
28	u32	0x000002899cee2030	1	4	0x00000001	0x00000004		PRIVATE	READWRITE
28	u32	0x000002899cee20c0	0	4	0x00000000	0x00000004		PRIVATE	READWRITE
28	u32	0x000002899cee2270	1	0	0x00000001	0x00000000		PRIVATE	READWRITE
28	u32	0x000002899cee2300	0	4	0x00000000	0x00000004		PRIVATE	READWRITE
28	u32	0x000002899cee24b0	1	4	0x00000001	0x00000004		PRIVATE	READWRITE
28	u32	0x000002899cee2540	0	1	0x00000000	0x00000001		PRIVATE	READWRITE
28	u32	0x000002899cee26f0	1	4	0x00000001	0x00000004		PRIVATE	READWRITE
28	u32	0x000002899cee2780	0	4	0x00000000	0x00000004		PRIVATE	READWRITE
28	u32	0x000002899cee2930	1	0	0x00000001	0x00000000		PRIVATE	READWRITE
28	u32	0x000002899cee29c0	0	4	0x00000000	0x00000004		PRIVATE	READWRITE
28	u32	0x000002899cee2b70	1	4	0x00000001	0x00000004		PRIVATE	READWRITE
28	u32	0x000002899cee2c00	0	1	0x00000000	0x00000001		PRIVATE	READWRITE
28	u32	0x000002899cee2db0	1	4	0x00000001	0x00000004		PRIVATE	READWRITE
28	u32	0x000002899cee2e40	0	4	0x00000000	0x00000004		PRIVATE	READWRITE
28	u32	0x000002899cee2ff0	1	0	0x00000001	0x00000000		PRIVATE	READWRITE
28	u32	0x000002899cee3080	0	4	0x00000000	0x00000004		PRIVATE	READWRITE
28	u32	0x000002899cee3740	1	4	0x00000001	0x00000004		PRIVATE	READWRITE
28	u32	0x000002899cee37d0	0	4	0x00000000	0x00000004		PRIVATE	READWRITE
28	u32	0x000002899cee3e00	1	4	0x00000001	0x00000004		PRIVATE	READWRITE
28	u32	0x000002899cee3e90	0	4	0x00000000	0x00000004		PRIVATE	READWRITE
28	u32	0x000002899cee44c0	1	4	0x00000001	0x00000004		PRIVATE	READWRITE
28	u32	0x000002899cee4550	0	4	0x00000000	0x00000004		PRIVATE	READWRITE
28	u32	0x000002899cee7490	1	0	0x00000001	0x00000000		PRIVATE	READWRITE
28	u32	0x000002899cee7520	0	4	0x00000000	0x00000004		PRIVATE	READWRITE
28	u32	0x000002899cee77f0	1	0	0x00000001	0x00000000		PRIVATE	READWRITE
28	u32	0x000002899cee7880	0	4	0x00000000	0x00000004		PRIVATE	READWRITE
28	u32	0x000002899cee7b50	1	0	0x00000001	0x00000000		PRIVATE	READWRITE
28	u32	0x000002899cee7be0	0	4	0x00000000	0x00000004		PRIVATE	READWRITE
28	u32	0x000002899cee7eb0	1	0	0x00000001	0x00000000		PRIVATE	READWRITE
28	u32	0x000002899cee7f40	0	4	0x00000000	0x00000004		PRIVATE	READWRITE
28	u32	0x000002899cee8210	1	0	0x00000001	0x00000000		PRIVATE	READWRITE
28	u32	0x000002899cee82a0	0	4	0x00000000	0x00000004		PRIVATE	READWRITE
28	u32	0x000002899cee8570	1	0	0x00000001	0x00000000		PRIVATE	READWRITE
28	u32	0x000002899cee8600	0	4	0x00000000	0x00000004		PRIVATE	READWRITE
28	u32	0x000002899cee88d0	1	0	0x00000001	0x00000000		PRIVATE	READWRITE
28	u32	0x000002899cee8960	0	4	0x00000000	0x00000004		PRIVATE	READWRITE
28	u32	0x000002899d256570	0	1	0x00000000	0x00000001		PRIVATE	READWRITE
28	u32	0x000002899d256738	0	1	0x00000000	0x00000001		PRIVATE	READWRITE
28	u32	0x000002899d256758	0	1	0x00000000	0x00000001		PRIVATE	READWRITE
28	u32	0x000002899d47aa20	0	1	0x00000000	0x00000001		PRIVATE	READWRITE
28	u32	0x000002899d47be98	0	2	0x00000000	0x00000002		PRIVATE	READWRITE
28	u32	0x000002899d5be5a0	0	1	0x00000000	0x00000001		PRIVATE	READWRITE
28	u32	0x000002899d5be800	0	1	0x00000000	0x00000001		PRIVATE	READWRITE
28	u32	0x000002899d5be804	0	2	0x00000000	0x00000002		PRIVATE	READWRITE
28	u32	0x000002899d5be82c	0	4	0x00000000	0x00000004		PRIVATE	READWRITE
28	u32	0x000002899d5beab0	0	1	0x00000000	0x00000001		PRIVATE	READWRITE
28	u32	0x000002899d5beac8	0	2	0x00000000	0x00000002		PRIVATE	READWRITE
28	u32	0x000002899d5bebb0	0	1	0x00000000	0x00000001		PRIVATE	READWRITE
28	u32	0x000002899d5bebf0	0	1	0x00000000	0x00000001		PRIVATE	READWRITE
28	u32	0x000002899d68fb48	1	0	0x00000001	0x00000000		PRIVATE	READWRITE
28	u32	0x000002899d68fd74	1	0	0x00000001	0x00000000		PRIVATE	READWRITE
28	u32	0x000002899d68fd84	1	0	0x00000001	0x00000000		PRIVATE	READWRITE
28	u32	0x000002899d68fde0	1	0	0x00000001	0x00000000		PRIVATE	READWRITE
28	u32	0x000002899d69017c	0	4	0x00000000	0x00000004		PRIVATE	READWRITE
28	u32	0x000002899d6901e4	0	5	0x00000000	0x00000005		PRIVATE	READWRITE
28	u32	0x000002899d690628	0	2	0x00000000	0x00000002		PRIVATE	READWRITE
28	u32	0x000002899d6906a0	0	2	0x00000000	0x00000002		PRIVATE	READWRITE
28	u32	0x000002899d6906d4	0	2	0x00000000	0x00000002		PRIVATE	READWRITE
28	u32	0x000002899d6906fc	0	2	0x00000000	0x00000002		PRIVATE	READWRITE
28	u32	0x000002899d690730	0	1	0x00000000	0x00000001		PRIVATE	READWRITE
28	u32	0x000002899d6907bc	0	1	0x00000000	0x00000001		PRIVATE	READWRITE
28	u32	0x000002899d6917e0	0	4	0x00000000	0x00000004		PRIVATE	READWRITE
28	u32	0x000002899d69240c	0	4	0x00000000	0x00000004		PRIVATE	READWRITE
28	u32	0x000002899d6924b8	0	4	0x00000000	0x00000004		PRIVATE	READWRITE
28	u32	0x000002899d692cf4	1	0	0x00000001	0x00000000		PRIVATE	READWRITE
28	u32	0x000002899d692d04	1	0	0x00000001	0x00000000		PRIVATE	READWRITE
28	u32	0x000002899d692d08	0	5	0x00000000	0x00000005		PRIVATE	READWRITE
28	u32	0x000002899d693e24	0	5	0x00000000	0x00000005		PRIVATE	READWRITE
28	u32	0x000002899d694060	0	4	0x00000000	0x00000004		PRIVATE	READWRITE
28	u32	0x000002899d6943c4	0	5	0x00000000	0x00000005		PRIVATE	READWRITE
28	u32	0x000002899d7b1620	0	4	0x00000000	0x00000004		PRIVATE	READWRITE
28	u32	0x000002899d7b26d0	0	4	0x00000000	0x00000004		PRIVATE	READWRITE
28	u32	0x000002899d7b3ae0	0	4	0x00000000	0x00000004		PRIVATE	READWRITE
28	u32	0x000002899d7b4278	0	4	0x00000000	0x00000004		PRIVATE	READWRITE
28	u32	0x000002899d7b44e8	0	5	0x00000000	0x00000005		PRIVATE	READWRITE
28	u32	0x000002899d7b471c	0	4	0x00000000	0x00000004		PRIVATE	READWRITE
28	u32	0x000002899d7b47b8	0	4	0x00000000	0x00000004		PRIVATE	READWRITE
28	u32	0x000002899d7b494c	1	0	0x00000001	0x00000000		PRIVATE	READWRITE
28	u32	0x000002899d7b4954	1	0	0x00000001	0x00000000		PRIVATE	READWRITE
28	u32	0x000002899d7b4b40	0	4	0x00000000	0x00000004		PRIVATE	READWRITE
28	u32	0x000002899d7b4cdc	0	5	0x00000000	0x00000005		PRIVATE	READWRITE
28	u32	0x000002899d7b4da8	0	4	0x00000000	0x00000004		PRIVATE	READWRITE
28	u32	0x000002899d7b4ff4	0	1	0x00000000	0x00000001		PRIVATE	READWRITE
28	u32	0x000002899d7b50b0	1	0	0x00000001	0x00000000		PRIVATE	READWRITE
28	u32	0x000002899d7b5130	1	4	0x00000001	0x00000004		PRIVATE	READWRITE
28	u32	0x000002899d7b554c	0	4	0x00000000	0x00000004		PRIVATE	READWRITE
28	u32	0x000002899d7b5684	0	5	0x00000000	0x00000005		PRIVATE	READWRITE
28	u32	0x000002899d7b59d4	0	4	0x00000000	0x00000004		PRIVATE	READWRITE
28	u32	0x000002899d7b5a0c	0	5	0x00000000	0x00000005		PRIVATE	READWRITE
28	u32	0x000002899d7b5ac0	0	4	0x00000000	0x00000004		PRIVATE	READWRITE
28	u32	0x000002899d7b5b04	0	5	0x00000000	0x00000005		PRIVATE	READWRITE
28	u32	0x000002899d7b5e7c	0	5	0x00000000	0x00000005		PRIVATE	READWRITE
28	u32	0x000002899d7b6028	0	4	0x00000000	0x00000004		PRIVATE	READWRITE
28	u32	0x000002899d7b66c0	0	4	0x00000000	0x00000004		PRIVATE	READWRITE
28	u32	0x000002899d7b6704	0	5	0x00000000	0x00000005		PRIVATE	READWRITE
28	u32	0x000002899d7b67f0	0	5	0x00000000	0x00000005		PRIVATE	READWRITE
28	u32	0x000002899d7b68a4	0	4	0x00000000	0x00000004		PRIVATE	READWRITE
28	u32	0x000002899d7b69d4	0	5	0x00000000	0x00000005		PRIVATE	READWRITE
28	u32	0x000002899d7b6bb8	0	5	0x00000000	0x00000005		PRIVATE	READWRITE
28	u32	0x000002899d7b712c	0	4	0x00000000	0x00000004		PRIVATE	READWRITE
28	u32	0x000002899d7b7164	0	5	0x00000000	0x00000005		PRIVATE	READWRITE
28	u32	0x000002899d7b7218	0	4	0x00000000	0x00000004		PRIVATE	READWRITE
28	u32	0x000002899d7b7348	0	5	0x00000000	0x00000005		PRIVATE	READWRITE
28	u32	0x000002899d7b8044	0	4	0x00000000	0x00000004		PRIVATE	READWRITE
28	u32	0x000002899d97951c	1	3	0x00000001	0x00000003		PRIVATE	READWRITE
28	u32	0x000002899da77394	0	1	0x00000000	0x00000001		PRIVATE	READWRITE
28	u32	0x000002899da78c74	1	2	0x00000001	0x00000002		PRIVATE	READWRITE
28	u32	0x000002899da79d94	0	1	0x00000000	0x00000001		PRIVATE	READWRITE
28	u32	0x00000289addc02f8	1	3	0x00000001	0x00000003		PRIVATE	READWRITE
28	u32	0x00000289ae5c8ec0	1	2	0x00000001	0x00000002		PRIVATE	READWRITE
28	u32	0x00000289ae5cb4b8	0	1	0x00000000	0x00000001		PRIVATE	READWRITE
28	u32	0x00000289ae689980	0	1	0x00000000	0x00000001		PRIVATE	READWRITE
28	u32	0x00000289ae689998	0	3	0x00000000	0x00000003		PRIVATE	READWRITE
28	u32	0x00000289ae68999c	0	2	0x00000000	0x00000002		PRIVATE	READWRITE
28	u32	0x00000289ae6899a0	0	1	0x00000000	0x00000001		PRIVATE	READWRITE
28	u32	0x00000289ae6899c8	0	1	0x00000000	0x00000001		PRIVATE	READWRITE
28	u32	0x00000289ae689a20	0	2	0x00000000	0x00000002		PRIVATE	READWRITE
28	u32	0x00000289ae795ff4	0	3	0x00000000	0x00000003		PRIVATE	READWRITE
28	u32	0x00000289ae796028	0	1	0x00000000	0x00000001		PRIVATE	READWRITE
28	u32	0x00000289ae796050	1	3	0x00000001	0x00000003		PRIVATE	READWRITE
28	u32	0x00000289aebe0d20	0	3	0x00000000	0x00000003		PRIVATE	READWRITE
28	u32	0x00000289aebe0d70	0	3	0x00000000	0x00000003		PRIVATE	READWRITE
28	u32	0x00000289aebe0db0	0	3	0x00000000	0x00000003		PRIVATE	READWRITE
28	u32	0x00000289aed29ab0	1	0	0x00000001	0x00000000		PRIVATE	READWRITE
28	u32	0x00000289bb45c994	0	1	0x00000000	0x00000001		PRIVATE	READWRITE
28	u32	0x00000289bb473dc8	0	1	0x00000000	0x00000001		PRIVATE	READWRITE
28	u32	0x00000289bb473e58	1	0	0x00000001	0x00000000		PRIVATE	READWRITE
28	u32	0x00000289bb474530	0	1	0x00000000	0x00000001		PRIVATE	READWRITE
28	u32	0x00000289bb474540	0	10	0x00000000	0x0000000a		PRIVATE	READWRITE
28	u32	0x00000289bb474548	0	1	0x00000000	0x00000001		PRIVATE	READWRITE
28	u32	0x00000289bb474580	0	1	0x00000000	0x00000001		PRIVATE	READWRITE
28	u32	0x00000289ccc1e294	0	1	0x00000000	0x00000001		PRIVATE	READWRITE
28	u32	0x00000289cd43b508	0	1	0x00000000	0x00000001		PRIVATE	READWRITE
28	u32	0x00000289cd4c8f08	1	0	0x00000001	0x00000000		PRIVATE	READWRITE
28	u32	0x00000289d81f0440	0	1	0x00000000	0x00000001		PRIVATE	READWRITE
28	u32	0x00000289d81f8df0	0	1	0x00000000	0x00000001		PRIVATE	READWRITE
28	u32	0x00000289d81f8f6c	0	4	0x00000000	0x00000004		PRIVATE	READWRITE
28	u32	0x00000289da219d48	0	1	0x00000000	0x00000001		PRIVATE	READWRITE
28	u32	0x00000289da219d78	0	3	0x00000000	0x00000003		PRIVATE	READWRITE
28	u32	0x00000289da219d90	0	2	0x00000000	0x00000002		PRIVATE	READWRITE
28	u32	0x00000289da219dd0	0	10	0x00000000	0x0000000a		PRIVATE	READWRITE
28	u32	0x00000289da219dd8	0	1	0x00000000	0x00000001		PRIVATE	READWRITE
28	u32	0x00000289da219e70	0	10	0x00000000	0x0000000a		PRIVATE	READWRITE
28	u32	0x00000289da219e78	0	1	0x00000000	0x00000001		PRIVATE	READWRITE
28	u32	0x00000289da219eb0	0	5	0x00000000	0x00000005		PRIVATE	READWRITE
28	u32	0x00000289da219eb8	0	1	0x00000000	0x00000001		PRIVATE	READWRITE
28	u32	0x00000289da219f50	0	3	0x00000000	0x00000003		PRIVATE	READWRITE
28	u32	0x00000289da219f60	0	3	0x00000000	0x00000003		PRIVATE	READWRITE
28	u32	0x00000289da219f78	0	3	0x00000000	0x00000003		PRIVATE	READWRITE
28	u32	0x00000289da219f90	0	3	0x00000000	0x00000003		PRIVATE	READWRITE
28	u32	0x00000289da21a258	0	1	0x00000000	0x00000001		PRIVATE	READWRITE
28	u32	0x00000289da21a288	0	3	0x00000000	0x00000003		PRIVATE	READWRITE
28	u32	0x00000289da21a2a0	0	2	0x00000000	0x00000002		PRIVATE	READWRITE
28	u32	0x00000289da21a2d0	0	1	0x00000000	0x00000001		PRIVATE	READWRITE
28	u32	0x00000289da21a2d8	0	1	0x00000000	0x00000001		PRIVATE	READWRITE
28	u32	0x00000289da21a2e0	0	1	0x00000000	0x00000001		PRIVATE	READWRITE
28	u32	0x00000289da21a320	0	10	0x00000000	0x0000000a		PRIVATE	READWRITE
28	u32	0x00000289da21a328	0	1	0x00000000	0x00000001		PRIVATE	READWRITE
28	u32	0x00000289da21a400	0	4	0x00000000	0x00000004		PRIVATE	READWRITE
28	u32	0x00000289da21a408	0	4	0x00000000	0x00000004		PRIVATE	READWRITE
28	u32	0x00000289da21a410	0	10	0x00000000	0x0000000a		PRIVATE	READWRITE
28	u32	0x00000289da21a418	0	1	0x00000000	0x00000001		PRIVATE	READWRITE
28	u32	0x00000289da21a470	0	10	0x00000000	0x0000000a		PRIVATE	READWRITE
28	u32	0x00000289da21a478	0	1	0x00000000	0x00000001		PRIVATE	READWRITE
28	u32	0x00000289da21a4c0	0	1	0x00000000	0x00000001		PRIVATE	READWRITE
28	u32	0x00000289da21a4c8	0	1	0x00000000	0x00000001		PRIVATE	READWRITE
28	u32	0x00000289da21a4d0	0	10	0x00000000	0x0000000a		PRIVATE	READWRITE
28	u32	0x00000289da21a4d8	0	1	0x00000000	0x00000001		PRIVATE	READWRITE
28	u32	0x00000289da21a540	0	4	0x00000000	0x00000004		PRIVATE	READWRITE
28	u32	0x00000289da21a548	0	4	0x00000000	0x00000004		PRIVATE	READWRITE
28	u32	0x00000289da21a550	0	10	0x00000000	0x0000000a		PRIVATE	READWRITE
28	u32	0x00000289da21a558	0	1	0x00000000	0x00000001		PRIVATE	READWRITE
28	u32	0x00000289da21a5b0	0	4	0x00000000	0x00000004		PRIVATE	READWRITE
28	u32	0x00000289da21a5f8	0	1	0x00000000	0x00000001		PRIVATE	READWRITE
28	u32	0x00000289da21a628	0	3	0x00000000	0x00000003		PRIVATE	READWRITE
28	u32	0x00000289da21a640	0	2	0x00000000	0x00000002		PRIVATE	READWRITE
28	u32	0x00000289da21a660	0	3	0x00000000	0x00000003		PRIVATE	READWRITE
28	u32	0x00000289da21a670	0	3	0x00000000	0x00000003		PRIVATE	READWRITE
28	u32	0x00000289da21a688	0	3	0x00000000	0x00000003		PRIVATE	READWRITE
28	u32	0x00000289da21a6a0	0	3	0x00000000	0x00000003		PRIVATE	READWRITE
28	u32	0x00000289da21a6d0	0	1	0x00000000	0x00000001		PRIVATE	READWRITE
28	u32	0x00000289da21a6d8	0	1	0x00000000	0x00000001		PRIVATE	READWRITE
28	u32	0x00000289da21a6e0	0	10	0x00000000	0x0000000a		PRIVATE	READWRITE
28	u32	0x00000289da21a6e8	0	1	0x00000000	0x00000001		PRIVATE	READWRITE
28	u32	0x00000289da21a720	0	1	0x00000000	0x00000001		PRIVATE	READWRITE
28	u32	0x00000289da21a760	0	10	0x00000000	0x0000000a		PRIVATE	READWRITE
28	u32	0x00000289da21a768	0	1	0x00000000	0x00000001		PRIVATE	READWRITE
28	u32	0x00000289da21a7e8	1	0	0x00000001	0x00000000		PRIVATE	READWRITE
28	u32	0x00000289da21a808	1	0	0x00000001	0x00000000		PRIVATE	READWRITE
28	u32	0x00000289da21a838	0	1	0x00000000	0x00000001		PRIVATE	READWRITE
28	u32	0x00000289da21dd80	0	2	0x00000000	0x00000002		PRIVATE	READWRITE
28	u32	0x00000289da21dda8	0	4	0x00000000	0x00000004		PRIVATE	READWRITE
28	u32	0x00000289da21dee0	1	2	0x00000001	0x00000002		PRIVATE	READWRITE
28	u32	0x00000289da27ce08	0	4	0x00000000	0x00000004		PRIVATE	READWRITE
28	u32	0x00000289da27ce30	0	4	0x00000000	0x00000004		PRIVATE	READWRITE
28	u32	0x00000289da2a7cd0	0	1	0x00000000	0x00000001		PRIVATE	READWRITE
28	u32	0x00000289df4a0650	1	5	0x00000001	0x00000005		PRIVATE	READWRITE
28	u32	0x00000289df4a28f8	1	5	0x00000001	0x00000005		PRIVATE	READWRITE
28	u32	0x00000289e1febb58	1	0	0x00000001	0x00000000		PRIVATE	READWRITE
28	u32	0x00000289e1febb68	1	0	0x00000001	0x00000000		PRIVATE	READWRITE
28	u32	0x00000289e1fec2f0	0	4	0x00000000	0x00000004		PRIVATE	READWRITE
28	u32	0x00000289e1fec36c	0	5	0x00000000	0x00000005		PRIVATE	READWRITE
28	u32	0x00000289e1feeee4	0	4	0x00000000	0x00000004		PRIVATE	READWRITE
28	u32	0x00000289e1feef60	0	5	0x00000000	0x00000005		PRIVATE	READWRITE
28	u32	0x00000289e1fef918	0	4	0x00000000	0x00000004		PRIVATE	READWRITE
28	u32	0x00000289e1fefb2c	0	5	0x00000000	0x00000005		PRIVATE	READWRITE
28	u32	0x00000289e1fefd10	0	5	0x00000000	0x00000005		PRIVATE	READWRITE
28	u32	0x00000289e1fefdcc	0	5	0x00000000	0x00000005		PRIVATE	READWRITE
28	u32	0x00000289e1ff0d64	0	4	0x00000000	0x00000004		PRIVATE	READWRITE
28	u32	0x00000289e1ff0d74	0	4	0x00000000	0x00000004		PRIVATE	READWRITE
28	u32	0x00000289e1ff131c	0	4	0x00000000	0x00000004		PRIVATE	READWRITE
28	u32	0x00000289e1ff2db4	0	4	0x00000000	0x00000004		PRIVATE	READWRITE
28	u32	0x00000289e1ff33b4	0	4	0x00000000	0x00000004		PRIVATE	READWRITE
28	u32	0x00000289e200407c	0	10	0x00000000	0x0000000a		PRIVATE	READWRITE
28	u32	0x00000289e24f70f4	0	1	0x00000000	0x00000001		PRIVATE	READWRITE
28	u32	0x00000289e24f714c	1	0	0x00000001	0x00000000		PRIVATE	READWRITE
28	u32	0x00000289e24f7150	1	0	0x00000001	0x00000000		PRIVATE	READWRITE
28	u32	0x00000289e24fc564	1	0	0x00000001	0x00000000		PRIVATE	READWRITE
28	u32	0x00000289e24fc5bc	0	1	0x00000000	0x00000001		PRIVATE	READWRITE
28	u32	0x00000289e24fc5c0	0	1	0x00000000	0x00000001		PRIVATE	READWRITE
28	u32	0x00000289e2a2c440	0	1	0x00000000	0x00000001		PRIVATE	READWRITE
28	u32	0x00000289e2a2c5c0	0	3	0x00000000	0x00000003		PRIVATE	READWRITE
28	u32	0x00000289e2a2c780	0	3	0x00000000	0x00000003		PRIVATE	READWRITE
28	u32	0x00000289e2a690cc	0	1	0x00000000	0x00000001		PRIVATE	READWRITE
28	u32	0x00000289e2a690e8	1	0	0x00000001	0x00000000		PRIVATE	READWRITE
28	u32	0x00000289e2a69238	1	0	0x00000001	0x00000000		PRIVATE	READWRITE
28	u32	0x00000289e2a69250	1	0	0x00000001	0x00000000		PRIVATE	READWRITE
28	u32	0x00000289e2a69268	1	0	0x00000001	0x00000000		PRIVATE	READWRITE
28	u32	0x00000289e2a69478	1	0	0x00000001	0x00000000		PRIVATE	READWRITE
28	u32	0x00000289e2a6972c	0	1	0x00000000	0x00000001		PRIVATE	READWRITE
28	u32	0x00000289e2a6978c	0	1	0x00000000	0x00000001		PRIVATE	READWRITE
28	u32	0x00000289e2a697ec	0	1	0x00000000	0x00000001		PRIVATE	READWRITE
28	u32	0x00000289e2a6984c	0	1	0x00000000	0x00000001		PRIVATE	READWRITE
28	u32	0x00000289e2a69a8c	0	1	0x00000000	0x00000001		PRIVATE	READWRITE
28	u32	0x00000289e2a69bac	0	1	0x00000000	0x00000001		PRIVATE	READWRITE
28	u32	0x00000289e2a69ccc	0	1	0x00000000	0x00000001		PRIVATE	READWRITE
28	u32	0x00000289e2a69e4c	0	1	0x00000000	0x00000001		PRIVATE	READWRITE
28	u32	0x00000289e2a69eac	0	1	0x00000000	0x00000001		PRIVATE	READWRITE
28	u32	0x00000289e2a69f6c	0	1	0x00000000	0x00000001		PRIVATE	READWRITE
28	u32	0x00000289e2a6a4ac	0	1	0x00000000	0x00000001		PRIVATE	READWRITE
28	u32	0x00000289e2a6a50c	0	1	0x00000000	0x00000001		PRIVATE	READWRITE
28	u32	0x00000289e2a6a6f0	1	0	0x00000001	0x00000000		PRIVATE	READWRITE
28	u32	0x00000289e2c9b4d8	0	1	0x00000000	0x00000001		PRIVATE	READWRITE
28	u32	0x00000289e2c9e5d8	1	0	0x00000001	0x00000000		PRIVATE	READWRITE
28	u32	0x00000289e2cd3090	0	1	0x00000000	0x00000001		PRIVATE	READWRITE
28	u32	0x00000289e2cd3094	0	1	0x00000000	0x00000001		PRIVATE	READWRITE
28	u32	0x00000289e2cd30a4	0	1	0x00000000	0x00000001		PRIVATE	READWRITE
28	u32	0x00000289e2cdc150	1	0	0x00000001	0x00000000		PRIVATE	READWRITE
28	u32	0x00000289e2cdc154	1	0	0x00000001	0x00000000		PRIVATE	READWRITE
28	u32	0x00000289e2cdc164	1	0	0x00000001	0x00000000		PRIVATE	READWRITE
28	u32	0x00000289e2d02aa8	1	0	0x00000001	0x00000000		PRIVATE	READWRITE
28	u32	0x00000289e2d03490	1	0	0x00000001	0x00000000		PRIVATE	READWRITE
28	u32	0x00000289e2d03494	1	0	0x00000001	0x00000000		PRIVATE	READWRITE
28	u32	0x00000289e2d034a4	1	0	0x00000001	0x00000000		PRIVATE	READWRITE
28	u32	0x00000289e2e7add4	0	1	0x00000000	0x00000001		PRIVATE	READWRITE
28	u32	0x00000289e2f278a0	1	0	0x00000001	0x00000000		PRIVATE	READWRITE
28	u32	0x00000289e2f28a30	1	0	0x00000001	0x00000000		PRIVATE	READWRITE
28	u32	0x00000289e2f28a80	1	0	0x00000001	0x00000000		PRIVATE	READWRITE
28	u32	0x00000289e2fe6338	0	4	0x00000000	0x00000004		PRIVATE	READWRITE
28	u32	0x00000289e2fe6360	0	4	0x00000000	0x00000004		PRIVATE	READWRITE
28	u32	0x00000289e2feb0c0	0	1	0x00000000	0x00000001		PRIVATE	READWRITE
28	u32	0x00000289e3079a18	1	3	0x00000001	0x00000003		PRIVATE	READWRITE
28	u32	0x00000289e3079b64	0	1	0x00000000	0x00000001		PRIVATE	READWRITE
28	u32	0x00000289e515f784	0	1	0x00000000	0x00000001		PRIVATE	READWRITE
28	u32	0x00000289e515f7d0	0	1	0x00000000	0x00000001		PRIVATE	READWRITE
28	u32	0x00000289e515f7d8	0	1	0x00000000	0x00000001		PRIVATE	READWRITE
28	u32	0x00000289e5183104	0	5	0x00000000	0x00000005		PRIVATE	READWRITE
28	u32	0x00000289e518312c	0	1	0x00000000	0x00000001		PRIVATE	READWRITE
28	u32	0x00000289e5183198	0	5	0x00000000	0x00000005		PRIVATE	READWRITE
28	u32	0x00000289e51831c0	0	1	0x00000000	0x00000001		PRIVATE	READWRITE
28	u32	0x00000289e51832a8	0	1	0x00000000	0x00000001		PRIVATE	READWRITE
28	u32	0x00000289e5183378	0	1	0x00000000	0x00000001		PRIVATE	READWRITE
28	u32	0x00000289e51833c0	0	2	0x00000000	0x00000002		PRIVATE	READWRITE
28	u32	0x00000289e5183448	0	1	0x00000000	0x00000001		PRIVATE	READWRITE
28	u32	0x00000289e5183490	0	2	0x00000000	0x00000002		PRIVATE	READWRITE
28	u32	0x00000289e5183518	0	1	0x00000000	0x00000001		PRIVATE	READWRITE
28	u32	0x00000289e5183548	1	0	0x00000001	0x00000000		PRIVATE	READWRITE
28	u32	0x00000289e518354c	1	0	0x00000001	0x00000000		PRIVATE	READWRITE
28	u32	0x00000289e5183560	0	2	0x00000000	0x00000002		PRIVATE	READWRITE
28	u32	0x00000289e51835a0	0	4	0x00000000	0x00000004		PRIVATE	READWRITE
28	u32	0x00000289e51835e8	0	1	0x00000000	0x00000001		PRIVATE	READWRITE
28	u32	0x00000289e5183618	0	3	0x00000000	0x00000003		PRIVATE	READWRITE
28	u32	0x00000289e5183630	0	2	0x00000000	0x00000002		PRIVATE	READWRITE
28	u32	0x00000289e51836b8	0	1	0x00000000	0x00000001		PRIVATE	READWRITE
28	u32	0x00000289e51836e8	0	3	0x00000000	0x00000003		PRIVATE	READWRITE
28	u32	0x00000289e5183700	0	2	0x00000000	0x00000002		PRIVATE	READWRITE
28	u32	0x00000289e5183788	0	1	0x00000000	0x00000001		PRIVATE	READWRITE
28	u32	0x00000289e51837b8	0	3	0x00000000	0x00000003		PRIVATE	READWRITE
28	u32	0x00000289e51837d0	0	2	0x00000000	0x00000002		PRIVATE	READWRITE
28	u32	0x00000289e5183858	0	1	0x00000000	0x00000001		PRIVATE	READWRITE
28	u32	0x00000289e51838a0	0	2	0x00000000	0x00000002		PRIVATE	READWRITE
28	u32	0x00000289e51838c8	0	5	0x00000000	0x00000005		PRIVATE	READWRITE
28	u32	0x00000289e51838e0	0	4	0x00000000	0x00000004		PRIVATE	READWRITE
28	u32	0x00000289e5183928	0	1	0x00000000	0x00000001		PRIVATE	READWRITE
28	u32	0x00000289e5183958	0	3	0x00000000	0x00000003		PRIVATE	READWRITE
28	u32	0x00000289e5183970	0	2	0x00000000	0x00000002		PRIVATE	READWRITE
28	u32	0x00000289e5183990	0	1	0x00000000	0x00000001		PRIVATE	READWRITE
28	u32	0x00000289e51839a0	0	1	0x00000000	0x00000001		PRIVATE	READWRITE
28	u32	0x00000289e51839a8	0	1	0x00000000	0x00000001		PRIVATE	READWRITE
28	u32	0x00000289e51839b0	0	10	0x00000000	0x0000000a		PRIVATE	READWRITE
28	u32	0x00000289e51839b8	0	1	0x00000000	0x00000001		PRIVATE	READWRITE
28	u32	0x00000289e5183a10	0	1	0x00000000	0x00000001		PRIVATE	READWRITE
28	u32	0x00000289e5183a20	0	1	0x00000000	0x00000001		PRIVATE	READWRITE
28	u32	0x00000289e5183a28	0	1	0x00000000	0x00000001		PRIVATE	READWRITE
28	u32	0x00000289e5183a30	0	10	0x00000000	0x0000000a		PRIVATE	READWRITE
28	u32	0x00000289e5183a38	0	1	0x00000000	0x00000001		PRIVATE	READWRITE
28	u32	0x00000289e5183aa0	0	4	0x00000000	0x00000004		PRIVATE	READWRITE
28	u32	0x00000289e5183aa8	0	4	0x00000000	0x00000004		PRIVATE	READWRITE
28	u32	0x00000289e5183ab0	0	10	0x00000000	0x0000000a		PRIVATE	READWRITE
28	u32	0x00000289e5183ab8	0	1	0x00000000	0x00000001		PRIVATE	READWRITE
28	u32	0x00000289e5183b10	0	1	0x00000000	0x00000001		PRIVATE	READWRITE
28	u32	0x00000289e5183b20	0	1	0x00000000	0x00000001		PRIVATE	READWRITE
28	u32	0x00000289e5183b28	0	1	0x00000000	0x00000001		PRIVATE	READWRITE
28	u32	0x00000289e5183b30	0	10	0x00000000	0x0000000a		PRIVATE	READWRITE
28	u32	0x00000289e5183b38	0	1	0x00000000	0x00000001		PRIVATE	READWRITE
28	u32	0x00000289e5183b70	0	5	0x00000000	0x00000005		PRIVATE	READWRITE
28	u32	0x00000289e5183b80	0	4	0x00000000	0x00000004		PRIVATE	READWRITE
28	u32	0x00000289e5183b88	0	4	0x00000000	0x00000004		PRIVATE	READWRITE
28	u32	0x00000289e5183b90	0	10	0x00000000	0x0000000a		PRIVATE	READWRITE
28	u32	0x00000289e5183b98	0	1	0x00000000	0x00000001		PRIVATE	READWRITE
28	u32	0x00000289e5183bd0	0	2	0x00000000	0x00000002		PRIVATE	READWRITE
28	u32	0x00000289e5183c00	0	1	0x00000000	0x00000001		PRIVATE	READWRITE
28	u32	0x00000289e5183c30	0	3	0x00000000	0x00000003		PRIVATE	READWRITE
28	u32	0x00000289e5183c38	0	3	0x00000000	0x00000003		PRIVATE	READWRITE
28	u32	0x00000289e5183ce0	0	10	0x00000000	0x0000000a		PRIVATE	READWRITE
28	u32	0x00000289e5183ce8	0	1	0x00000000	0x00000001		PRIVATE	READWRITE
28	u32	0x00000289e5183d20	0	5	0x00000000	0x00000005		PRIVATE	READWRITE
28	u32	0x00000289e5183d28	0	1	0x00000000	0x00000001		PRIVATE	READWRITE
28	u32	0x00000289e5183dc8	0	2	0x00000000	0x00000002		PRIVATE	READWRITE
28	u32	0x00000289e5183dcc	0	1	0x00000000	0x00000001		PRIVATE	READWRITE
28	u32	0x00000289e5183dd0	0	1	0x00000000	0x00000001		PRIVATE	READWRITE
28	u32	0x00000289e5183de0	0	2	0x00000000	0x00000002		PRIVATE	READWRITE
28	u32	0x00000289e5183e48	0	1	0x00000000	0x00000001		PRIVATE	READWRITE
28	u32	0x00000289e5183e50	0	1	0x00000000	0x00000001		PRIVATE	READWRITE
28	u32	0x00000289e5183e70	0	1	0x00000000	0x00000001		PRIVATE	READWRITE
28	u32	0x00000289e5183e80	0	1	0x00000000	0x00000001		PRIVATE	READWRITE
28	u32	0x00000289e5183e88	0	1	0x00000000	0x00000001		PRIVATE	READWRITE
28	u32	0x00000289e5183e90	0	10	0x00000000	0x0000000a		PRIVATE	READWRITE
28	u32	0x00000289e5183e98	0	1	0x00000000	0x00000001		PRIVATE	READWRITE
28	u32	0x00000289e5183ee0	0	1	0x00000000	0x00000001		PRIVATE	READWRITE
28	u32	0x00000289e5183ee8	0	1	0x00000000	0x00000001		PRIVATE	READWRITE
28	u32	0x00000289e5183ef0	0	10	0x00000000	0x0000000a		PRIVATE	READWRITE
28	u32	0x00000289e5183ef8	0	1	0x00000000	0x00000001		PRIVATE	READWRITE
28	u32	0x00000289e5183f30	0	1	0x00000000	0x00000001		PRIVATE	READWRITE
28	u32	0x00000289e5183f60	0	1	0x00000000	0x00000001		PRIVATE	READWRITE
28	u32	0x00000289e5183fa0	0	10	0x00000000	0x0000000a		PRIVATE	READWRITE
28	u32	0x00000289e5183fa8	0	1	0x00000000	0x00000001		PRIVATE	READWRITE
28	u32	0x00000289e5183fe0	0	5	0x00000000	0x00000005		PRIVATE	READWRITE
28	u32	0x00000289e5183fe8	0	1	0x00000000	0x00000001		PRIVATE	READWRITE
28	u32	0x00000289e5183ff8	0	10	0x00000000	0x0000000a		PRIVATE	READWRITE
28	u32	0x00000289e5184090	0	3	0x00000000	0x00000003		PRIVATE	READWRITE
28	u32	0x00000289e5184098	0	3	0x00000000	0x00000003		PRIVATE	READWRITE
28	u32	0x00000289e5184140	0	10	0x00000000	0x0000000a		PRIVATE	READWRITE
28	u32	0x00000289e5184148	0	1	0x00000000	0x00000001		PRIVATE	READWRITE
28	u32	0x00000289e5184180	0	5	0x00000000	0x00000005		PRIVATE	READWRITE
28	u32	0x00000289e5184188	0	1	0x00000000	0x00000001		PRIVATE	READWRITE
28	u32	0x00000289e5184240	0	5	0x00000000	0x00000005		PRIVATE	READWRITE
28	u32	0x00000289e5184250	0	4	0x00000000	0x00000004		PRIVATE	READWRITE
28	u32	0x00000289e5184258	0	4	0x00000000	0x00000004		PRIVATE	READWRITE
28	u32	0x00000289e5184260	0	10	0x00000000	0x0000000a		PRIVATE	READWRITE
28	u32	0x00000289e5184268	0	1	0x00000000	0x00000001		PRIVATE	READWRITE
28	u32	0x00000289e51842a0	0	2	0x00000000	0x00000002		PRIVATE	READWRITE
28	u32	0x00000289e5184380	0	10	0x00000000	0x0000000a		PRIVATE	READWRITE
28	u32	0x00000289e5184388	0	1	0x00000000	0x00000001		PRIVATE	READWRITE
28	u32	0x00000289e51847b8	1	0	0x00000001	0x00000000		PRIVATE	READWRITE
28	u32	0x00000289e51847c0	1	0	0x00000001	0x00000000		PRIVATE	READWRITE
28	u32	0x00000289e51847d0	1	0	0x00000001	0x00000000		PRIVATE	READWRITE
28	u32	0x00000289e51847d8	1	0	0x00000001	0x00000000		PRIVATE	READWRITE
28	u32	0x00000289e51847e0	1	0	0x00000001	0x00000000		PRIVATE	READWRITE
28	u32	0x00000289e5184808	0	4	0x00000000	0x00000004		PRIVATE	READWRITE
28	u32	0x00000289e518480c	1	0	0x00000001	0x00000000		PRIVATE	READWRITE
28	u32	0x00000289e5184988	1	0	0x00000001	0x00000000		PRIVATE	READWRITE
28	u32	0x00000289e5184a68	1	0	0x00000001	0x00000000		PRIVATE	READWRITE
28	u32	0x00000289e5185700	0	4	0x00000000	0x00000004		PRIVATE	READWRITE
28	u32	0x00000289e5185708	0	4	0x00000000	0x00000004		PRIVATE	READWRITE
28	u32	0x00000289e5186b98	0	1	0x00000000	0x00000001		PRIVATE	READWRITE
28	u32	0x00000289e5186cd4	1	0	0x00000001	0x00000000		PRIVATE	READWRITE
28	u32	0x00000289e51871b8	0	5	0x00000000	0x00000005		PRIVATE	READWRITE
28	u32	0x00000289e519cc58	0	3	0x00000000	0x00000003		PRIVATE	READWRITE
28	u32	0x00000289e519d050	0	1	0x00000000	0x00000001		PRIVATE	READWRITE
28	u32	0x00000289e519d1fc	1	0	0x00000001	0x00000000		PRIVATE	READWRITE
28	u32	0x00000289e746d408	0	4	0x00000000	0x00000004		PRIVATE	READWRITE
28	u32	0x00000289e746d430	0	4	0x00000000	0x00000004		PRIVATE	READWRITE
28	u32	0x00000289e76a9748	1	3	0x00000001	0x00000003		PRIVATE	READWRITE
28	u32	0x00000289ea817d94	0	1	0x00000000	0x00000001		PRIVATE	READWRITE
28	u32	0x00000289f40fcfd8	0	3	0x00000000	0x00000003		PRIVATE	READWRITE
28	u32	0x00000289f40fd4a0	0	3	0x00000000	0x00000003		PRIVATE	READWRITE
28	u32	0x00000289f40ffc78	0	3	0x00000000	0x00000003		PRIVATE	READWRITE
28	u32	0x00000289f4100470	0	3	0x00000000	0x00000003		PRIVATE	READWRITE
28	u32	0x00000289f41012c8	0	3	0x00000000	0x00000003		PRIVATE	READWRITE
28	u32	0x00000289f4103f68	0	3	0x00000000	0x00000003		PRIVATE	READWRITE
28	u32	0x00000289f4107598	0	3	0x00000000	0x00000003		PRIVATE	READWRITE
28	u32	0x00000289f4109248	0	3	0x00000000	0x00000003		PRIVATE	READWRITE
28	u32	0x00000289f410a700	0	3	0x00000000	0x00000003		PRIVATE	READWRITE
28	u32	0x00000289f84b1950	0	1	0x00000000	0x00000001		PRIVATE	READWRITE
28	u32	0x00000289f8509568	0	2	0x00000000	0x00000002		PRIVATE	READWRITE
28	u32	0x00000289f85bca84	0	1	0x00000000	0x00000001		PRIVATE	READWRITE
28	u32	0x00000289f85bd894	0	1	0x00000000	0x00000001		PRIVATE	READWRITE
28	u32	0x00000289f85bd8a4	0	1	0x00000000	0x00000001		PRIVATE	READWRITE
28	u32	0x00000289f85bd8ac	0	1	0x00000000	0x00000001		PRIVATE	READWRITE
28	u32	0x00000289f85bd8bc	0	1	0x00000000	0x00000001		PRIVATE	READWRITE
28	u32	0x00000289f85bd8c4	0	1	0x00000000	0x00000001		PRIVATE	READWRITE
28	u32	0x00000289f85bd8c8	0	1	0x00000000	0x00000001		PRIVATE	READWRITE
28	u32	0x00000289f85e20c8	0	4	0x00000000	0x00000004		PRIVATE	READWRITE
28	u32	0x00000289f85e20f0	0	4	0x00000000	0x00000004		PRIVATE	READWRITE
28	u32	0x00000289f85e75d4	0	1	0x00000000	0x00000001		PRIVATE	READWRITE
28	u32	0x00000289f85f6580	0	1	0x00000000	0x00000001		PRIVATE	READWRITE
28	u32	0x00000289f862d5b8	0	4	0x00000000	0x00000004		PRIVATE	READWRITE
28	u32	0x00000289f862d5e0	0	4	0x00000000	0x00000004		PRIVATE	READWRITE
28	u32	0x00000289f863d1b0	0	1	0x00000000	0x00000001		PRIVATE	READWRITE
28	u32	0x00000289f86471c4	0	1	0x00000000	0x00000001		PRIVATE	READWRITE
28	u32	0x00000289f8669560	0	1	0x00000000	0x00000001		PRIVATE	READWRITE
28	u32	0x00000289f866e790	0	1	0x00000000	0x00000001		PRIVATE	READWRITE
28	u32	0x00000289f8687e98	1	3	0x00000001	0x00000003		PRIVATE	READWRITE
28	u32	0x00000289ff650b48	0	1	0x00000000	0x00000001		PRIVATE	READWRITE
28	u32	0x00000289ff650b98	0	1	0x00000000	0x00000001		PRIVATE	READWRITE
28	u32	0x00000289ff650bb0	1	0	0x00000001	0x00000000		PRIVATE	READWRITE
28	u32	0x00000289ff650be8	0	3	0x00000000	0x00000003		PRIVATE	READWRITE
28	u32	0x00000289ff650c00	0	3	0x00000000	0x00000003		PRIVATE	READWRITE
28	u32	0x00000289ff650c10	1	0	0x00000001	0x00000000		PRIVATE	READWRITE
28	u32	0x00000289ff650cb0	0	1	0x00000000	0x00000001		PRIVATE	READWRITE
28	u32	0x00000289ff650cf0	0	1	0x00000000	0x00000001		PRIVATE	READWRITE
28	u32	0x00000289ff651664	0	1	0x00000000	0x00000001		PRIVATE	READWRITE
28	u32	0x00000289ff65166c	0	1	0x00000000	0x00000001		PRIVATE	READWRITE
28	u32	0x00000289ff65167c	0	1	0x00000000	0x00000001		PRIVATE	READWRITE
28	u32	0x00000289ff651684	0	1	0x00000000	0x00000001		PRIVATE	READWRITE
28	u32	0x00000289ff651688	0	1	0x00000000	0x00000001		PRIVATE	READWRITE
28	u32	0x00000289ff6583a0	0	3	0x00000000	0x00000003		PRIVATE	READWRITE
28	u32	0x00000289ff6583b8	0	3	0x00000000	0x00000003		PRIVATE	READWRITE
28	u32	0x00000289ff658400	0	1	0x00000000	0x00000001		PRIVATE	READWRITE
28	u32	0x00000289ff658408	0	1	0x00000000	0x00000001		PRIVATE	READWRITE
28	u32	0x00000289ff658410	0	10	0x00000000	0x0000000a		PRIVATE	READWRITE
28	u32	0x00000289ff658418	0	1	0x00000000	0x00000001		PRIVATE	READWRITE
28	u32	0x00000289ff6c18a0	0	1	0x00000000	0x00000001		PRIVATE	READWRITE
28	u32	0x00000289ff769564	0	1	0x00000000	0x00000001		PRIVATE	READWRITE
28	u32	0x00000289ff7cf188	1	3	0x00000001	0x00000003		PRIVATE	READWRITE
28	u32	0x00000289ff7eecb8	0	4	0x00000000	0x00000004		PRIVATE	READWRITE
28	u32	0x00000289ff7eece0	0	4	0x00000000	0x00000004		PRIVATE	READWRITE
28	u32	0x00000289ff8152b8	1	3	0x00000001	0x00000003		PRIVATE	READWRITE
28	u32	0x00000289ff816af0	0	2	0x00000000	0x00000002		PRIVATE	READWRITE
28	u32	0x00000289ff816b18	0	4	0x00000000	0x00000004		PRIVATE	READWRITE
28	u32	0x00000289ff816c50	1	2	0x00000001	0x00000002		PRIVATE	READWRITE
28	u32	0x00000289ff823d08	1	3	0x00000001	0x00000003		PRIVATE	READWRITE
28	u32	0x00000289ff828658	0	4	0x00000000	0x00000004		PRIVATE	READWRITE
28	u32	0x00000289ff828680	0	4	0x00000000	0x00000004		PRIVATE	READWRITE
28	u32	0x00000289ff9310a8	1	3	0x00000001	0x00000003		PRIVATE	READWRITE
28	u32	0x00000289ff935a08	0	4	0x00000000	0x00000004		PRIVATE	READWRITE
28	u32	0x00000289ff935a30	0	4	0x00000000	0x00000004		PRIVATE	READWRITE
28	u32	0x00000289ff9a4a64	0	1	0x00000000	0x00000001		PRIVATE	READWRITE
28	u32	0x00000289ff9aa508	1	3	0x00000001	0x00000003		PRIVATE	READWRITE
28	u32	0x00000289ff9abc0c	1	0	0x00000001	0x00000000		PRIVATE	READWRITE
28	u32	0x00000289ff9abc40	0	1	0x00000000	0x00000001		PRIVATE	READWRITE
28	u32	0x00000289ff9c72a8	0	4	0x00000000	0x00000004		PRIVATE	READWRITE
28	u32	0x00000289ff9c72d0	0	4	0x00000000	0x00000004		PRIVATE	READWRITE
28	u32	0x00000289ffa45d30	0	3	0x00000000	0x00000003		PRIVATE	READWRITE
28	u32	0x00000289ffa45d90	0	3	0x00000000	0x00000003		PRIVATE	READWRITE
28	u32	0x00000289ffa45da8	0	3	0x00000000	0x00000003		PRIVATE	READWRITE
28	u32	0x00000289ffa45dc0	0	3	0x00000000	0x00000003		PRIVATE	READWRITE
28	u32	0x00000289ffa45eb0	0	1	0x00000000	0x00000001		PRIVATE	READWRITE
28	u32	0x00000289ffa45f00	0	10	0x00000000	0x0000000a		PRIVATE	READWRITE
28	u32	0x00000289ffa45f08	0	1	0x00000000	0x00000001		PRIVATE	READWRITE
28	u32	0x00000289ffa72d14	0	1	0x00000000	0x00000001		PRIVATE	READWRITE
28	u32	0x00000289ffa85090	0	1	0x00000000	0x00000001		PRIVATE	READWRITE
28	u32	0x00000289ffa85098	0	1	0x00000000	0x00000001		PRIVATE	READWRITE
28	u32	0x00000289ffa850a0	0	1	0x00000000	0x00000001		PRIVATE	READWRITE
28	u32	0x00000289ffaad3c4	0	1	0x00000000	0x00000001		PRIVATE	READWRITE
28	u32	0x00000289ffab0924	1	0	0x00000001	0x00000000		PRIVATE	READWRITE
28	u32	0x00000289ffab092c	1	0	0x00000001	0x00000000		PRIVATE	READWRITE
28	u32	0x00000289ffab0cd4	1	0	0x00000001	0x00000000		PRIVATE	READWRITE
28	u32	0x00000289ffab0cdc	1	0	0x00000001	0x00000000		PRIVATE	READWRITE
28	u32	0x00000289ffab0e30	0	1	0x00000000	0x00000001		PRIVATE	READWRITE
28	u32	0x00000289ffab0e38	0	1	0x00000000	0x00000001		PRIVATE	READWRITE
28	u32	0x00000289ffab0e68	0	4	0x00000000	0x00000004		PRIVATE	READWRITE
28	u32	0x00000289ffab0e90	0	2	0x00000000	0x00000002		PRIVATE	READWRITE
28	u32	0x00000289ffab0ee8	0	2	0x00000000	0x00000002		PRIVATE	READWRITE
28	u32	0x00000289ffab0f18	0	1	0x00000000	0x00000001		PRIVATE	READWRITE
28	u32	0x00000289ffab0f28	0	1	0x00000000	0x00000001		PRIVATE	READWRITE
28	u32	0x00000289ffab0f50	0	2	0x00000000	0x00000002		PRIVATE	READWRITE
28	u32	0x00000289ffab0fa8	0	2	0x00000000	0x00000002		PRIVATE	READWRITE
28	u32	0x00000289ffab0fd8	0	1	0x00000000	0x00000001		PRIVATE	READWRITE
28	u32	0x00000289ffab0fe8	0	1	0x00000000	0x00000001		PRIVATE	READWRITE
28	u32	0x00000289ffab1010	0	1	0x00000000	0x00000001		PRIVATE	READWRITE
28	u32	0x00000289ffab1018	0	2	0x00000000	0x00000002		PRIVATE	READWRITE
28	u32	0x00000289ffab1078	0	1	0x00000000	0x00000001		PRIVATE	READWRITE
28	u32	0x00000289ffab1084	1	0	0x00000001	0x00000000		PRIVATE	READWRITE
28	u32	0x00000289ffab108c	1	0	0x00000001	0x00000000		PRIVATE	READWRITE
28	u32	0x00000289ffab10f8	0	1	0x00000000	0x00000001		PRIVATE	READWRITE
28	u32	0x00000289ffab1100	0	4	0x00000000	0x00000004		PRIVATE	READWRITE
28	u32	0x00000289ffab1178	0	1	0x00000000	0x00000001		PRIVATE	READWRITE
28	u32	0x00000289ffab1180	0	5	0x00000000	0x00000005		PRIVATE	READWRITE
28	u32	0x00000289ffab11a8	0	1	0x00000000	0x00000001		PRIVATE	READWRITE
28	u32	0x00000289ffab11b8	0	1	0x00000000	0x00000001		PRIVATE	READWRITE
28	u32	0x00000289ffab11e0	0	1	0x00000000	0x00000001		PRIVATE	READWRITE
28	u32	0x00000289ffab1238	0	1	0x00000000	0x00000001		PRIVATE	READWRITE
28	u32	0x00000289ffab12a0	0	1	0x00000000	0x00000001		PRIVATE	READWRITE
28	u32	0x00000289ffab12d8	0	3	0x00000000	0x00000003		PRIVATE	READWRITE
28	u32	0x00000289ffab1300	0	2	0x00000000	0x00000002		PRIVATE	READWRITE
28	u32	0x00000289ffab1368	0	2	0x00000000	0x00000002		PRIVATE	READWRITE
28	u32	0x00000289ffab13d0	0	2	0x00000000	0x00000002		PRIVATE	READWRITE
28	u32	0x00000289ffab143c	1	0	0x00000001	0x00000000		PRIVATE	READWRITE
28	u32	0x00000289ffab1498	0	1	0x00000000	0x00000001		PRIVATE	READWRITE
28	u32	0x00000289ffab14a0	0	10	0x00000000	0x0000000a		PRIVATE	READWRITE
28	u32	0x00000289ffab14d0	0	1	0x00000000	0x00000001		PRIVATE	READWRITE
28	u32	0x00000289ffab14f8	0	2	0x00000000	0x00000002		PRIVATE	READWRITE
28	u32	0x00000289ffab1558	0	1	0x00000000	0x00000001		PRIVATE	READWRITE
28	u32	0x00000289ffab1590	0	2	0x00000000	0x00000002		PRIVATE	READWRITE
28	u32	0x00000289ffab15b8	0	2	0x00000000	0x00000002		PRIVATE	READWRITE
28	u32	0x00000289ffab1610	0	2	0x00000000	0x00000002		PRIVATE	READWRITE
28	u32	0x00000289ffab1668	0	1	0x00000000	0x00000001		PRIVATE	READWRITE
28	u32	0x00000289ffab16c8	0	1	0x00000000	0x00000001		PRIVATE	READWRITE
28	u32	0x00000289ffab1720	0	1	0x00000000	0x00000001		PRIVATE	READWRITE
28	u32	0x00000289ffab1778	0	1	0x00000000	0x00000001		PRIVATE	READWRITE
28	u32	0x00000289ffab17d0	0	1	0x00000000	0x00000001		PRIVATE	READWRITE
28	u32	0x00000289ffab17e4	1	0	0x00000001	0x00000000		PRIVATE	READWRITE
28	u32	0x00000289ffab17ec	1	0	0x00000001	0x00000000		PRIVATE	READWRITE
28	u32	0x00000289ffab1828	0	1	0x00000000	0x00000001		PRIVATE	READWRITE
28	u32	0x00000289ffab1868	0	1	0x00000000	0x00000001		PRIVATE	READWRITE
28	u32	0x00000289ffab18c8	0	1	0x00000000	0x00000001		PRIVATE	READWRITE
28	u32	0x00000289ffab1920	0	1	0x00000000	0x00000001		PRIVATE	READWRITE
28	u32	0x00000289ffab1988	0	1	0x00000000	0x00000001		PRIVATE	READWRITE
28	u32	0x00000289ffab19e8	0	1	0x00000000	0x00000001		PRIVATE	READWRITE
28	u32	0x00000289ffab1a48	0	1	0x00000000	0x00000001		PRIVATE	READWRITE
28	u32	0x00000289ffab1a80	0	2	0x00000000	0x00000002		PRIVATE	READWRITE
28	u32	0x00000289ffab1aa8	0	2	0x00000000	0x00000002		PRIVATE	READWRITE
28	u32	0x00000289ffab1b00	0	2	0x00000000	0x00000002		PRIVATE	READWRITE
28	u32	0x00000289ffab1b9c	1	0	0x00000001	0x00000000		PRIVATE	READWRITE
28	u32	0x00000289ffab1bd0	0	2	0x00000000	0x00000002		PRIVATE	READWRITE
28	u32	0x00000289ffab1bf8	0	2	0x00000000	0x00000002		PRIVATE	READWRITE
28	u32	0x00000289ffab1c50	0	2	0x00000000	0x00000002		PRIVATE	READWRITE
28	u32	0x00000289ffab1ca8	0	1	0x00000000	0x00000001		PRIVATE	READWRITE
28	u32	0x00000289ffab1ce0	0	4	0x00000000	0x00000004		PRIVATE	READWRITE
28	u32	0x00000289ffab1d08	0	2	0x00000000	0x00000002		PRIVATE	READWRITE
28	u32	0x00000289ffab1d60	0	2	0x00000000	0x00000002		PRIVATE	READWRITE
28	u32	0x00000289ffab1db8	0	2	0x00000000	0x00000002		PRIVATE	READWRITE
28	u32	0x00000289ffab1e10	0	2	0x00000000	0x00000002		PRIVATE	READWRITE
28	u32	0x00000289ffab1e40	0	1	0x00000000	0x00000001		PRIVATE	READWRITE
28	u32	0x00000289ffab1e78	0	1	0x00000000	0x00000001		PRIVATE	READWRITE
28	u32	0x00000289ffab1ef8	0	1	0x00000000	0x00000001		PRIVATE	READWRITE
28	u32	0x00000289ffab1f44	1	0	0x00000001	0x00000000		PRIVATE	READWRITE
28	u32	0x00000289ffab1f58	0	1	0x00000000	0x00000001		PRIVATE	READWRITE
28	u32	0x00000289ffab1fb8	0	1	0x00000000	0x00000001		PRIVATE	READWRITE
28	u32	0x00000289ffab2018	0	1	0x00000000	0x00000001		PRIVATE	READWRITE
28	u32	0x00000289ffab2050	0	1	0x00000000	0x00000001		PRIVATE	READWRITE
28	u32	0x00000289ffab2070	0	1	0x00000000	0x00000001		PRIVATE	READWRITE
28	u32	0x00000289ffab20d8	0	1	0x00000000	0x00000001		PRIVATE	READWRITE
28	u32	0x00000289ffab2138	0	1	0x00000000	0x00000001		PRIVATE	READWRITE
28	u32	0x00000289ffab21a0	0	1	0x00000000	0x00000001		PRIVATE	READWRITE
28	u32	0x00000289ffab2200	0	1	0x00000000	0x00000001		PRIVATE	READWRITE
28	u32	0x00000289ffab2260	0	1	0x00000000	0x00000001		PRIVATE	READWRITE
28	u32	0x00000289ffab2298	0	3	0x00000000	0x00000003		PRIVATE	READWRITE
28	u32	0x00000289ffab22c0	0	2	0x00000000	0x00000002		PRIVATE	READWRITE
28	u32	0x00000289ffab22f4	1	0	0x00000001	0x00000000		PRIVATE	READWRITE
28	u32	0x00000289ffab22fc	1	0	0x00000001	0x00000000		PRIVATE	READWRITE
28	u32	0x00000289ffab2320	0	2	0x00000000	0x00000002		PRIVATE	READWRITE
28	u32	0x00000289ffab2378	0	2	0x00000000	0x00000002		PRIVATE	READWRITE
28	u32	0x00000289ffab23d0	0	1	0x00000000	0x00000001		PRIVATE	READWRITE
28	u32	0x00000289ffab2438	0	1	0x00000000	0x00000001		PRIVATE	READWRITE
28	u32	0x00000289ffab2498	0	1	0x00000000	0x00000001		PRIVATE	READWRITE
28	u32	0x00000289ffab24f0	0	1	0x00000000	0x00000001		PRIVATE	READWRITE
28	u32	0x00000289ffab2550	0	1	0x00000000	0x00000001		PRIVATE	READWRITE
28	u32	0x00000289ffab25a8	0	1	0x00000000	0x00000001		PRIVATE	READWRITE
28	u32	0x00000289ffab2600	0	1	0x00000000	0x00000001		PRIVATE	READWRITE
28	u32	0x00000289ffab2658	0	1	0x00000000	0x00000001		PRIVATE	READWRITE
28	u32	0x00000289ffab26a4	1	0	0x00000001	0x00000000		PRIVATE	READWRITE
28	u32	0x00000289ffab26ac	1	0	0x00000001	0x00000000		PRIVATE	READWRITE
28	u32	0x00000289ffab26c0	0	1	0x00000000	0x00000001		PRIVATE	READWRITE
28	u32	0x00000289ffab2740	0	1	0x00000000	0x00000001		PRIVATE	READWRITE
28	u32	0x00000289ffab27a8	0	1	0x00000000	0x00000001		PRIVATE	READWRITE
28	u32	0x00000289ffab2810	0	1	0x00000000	0x00000001		PRIVATE	READWRITE
28	u32	0x00000289ffab2868	0	1	0x00000000	0x00000001		PRIVATE	READWRITE
28	u32	0x00000289ffab28a0	0	3	0x00000000	0x00000003		PRIVATE	READWRITE
28	u32	0x00000289ffab28c8	0	2	0x00000000	0x00000002		PRIVATE	READWRITE
28	u32	0x00000289ffab2920	0	2	0x00000000	0x00000002		PRIVATE	READWRITE
28	u32	0x00000289ffab2978	0	2	0x00000000	0x00000002		PRIVATE	READWRITE
28	u32	0x00000289ffab29d0	0	1	0x00000000	0x00000001		PRIVATE	READWRITE
28	u32	0x00000289ffab2a38	0	1	0x00000000	0x00000001		PRIVATE	READWRITE
28	u32	0x00000289ffab2a54	1	0	0x00000001	0x00000000		PRIVATE	READWRITE
28	u32	0x00000289ffab2a5c	1	0	0x00000001	0x00000000		PRIVATE	READWRITE
28	u32	0x00000289ffab2aa0	0	1	0x00000000	0x00000001		PRIVATE	READWRITE
28	u32	0x00000289ffab2ad8	0	5	0x00000000	0x00000005		PRIVATE	READWRITE
28	u32	0x00000289ffab2b00	0	2	0x00000000	0x00000002		PRIVATE	READWRITE
28	u32	0x00000289ffab2b80	0	2	0x00000000	0x00000002		PRIVATE	READWRITE
28	u32	0x00000289ffab2bd8	0	2	0x00000000	0x00000002		PRIVATE	READWRITE
28	u32	0x00000289ffab2c10	0	2	0x00000000	0x00000002		PRIVATE	READWRITE
28	u32	0x00000289ffab2c38	0	3	0x00000000	0x00000003		PRIVATE	READWRITE
28	u32	0x00000289ffab2c90	0	3	0x00000000	0x00000003		PRIVATE	READWRITE
28	u32	0x00000289ffab2ce8	0	2	0x00000000	0x00000002		PRIVATE	READWRITE
28	u32	0x00000289ffab2d40	0	2	0x00000000	0x00000002		PRIVATE	READWRITE
28	u32	0x00000289ffab2e04	1	0	0x00000001	0x00000000		PRIVATE	READWRITE
28	u32	0x00000289ffab2e0c	1	0	0x00000001	0x00000000		PRIVATE	READWRITE
28	u32	0x00000289ffab31b4	1	0	0x00000001	0x00000000		PRIVATE	READWRITE
28	u32	0x00000289ffab31bc	1	0	0x00000001	0x00000000		PRIVATE	READWRITE
28	u32	0x00000289ffab3564	1	0	0x00000001	0x00000000		PRIVATE	READWRITE
28	u32	0x00000289ffab356c	1	0	0x00000001	0x00000000		PRIVATE	READWRITE
28	u32	0x00000289ffab3660	0	1	0x00000000	0x00000001		PRIVATE	READWRITE
28	u32	0x00000289ffab3668	0	1	0x00000000	0x00000001		PRIVATE	READWRITE
28	u32	0x00000289ffab3698	0	4	0x00000000	0x00000004		PRIVATE	READWRITE
28	u32	0x00000289ffab36c0	0	2	0x00000000	0x00000002		PRIVATE	READWRITE
28	u32	0x00000289ffab3718	0	2	0x00000000	0x00000002		PRIVATE	READWRITE
28	u32	0x00000289ffab3748	0	1	0x00000000	0x00000001		PRIVATE	READWRITE
28	u32	0x00000289ffab3758	0	1	0x00000000	0x00000001		PRIVATE	READWRITE
28	u32	0x00000289ffab3780	0	2	0x00000000	0x00000002		PRIVATE	READWRITE
28	u32	0x00000289ffab37d8	0	2	0x00000000	0x00000002		PRIVATE	READWRITE
28	u32	0x00000289ffab3808	0	1	0x00000000	0x00000001		PRIVATE	READWRITE
28	u32	0x00000289ffab3818	0	1	0x00000000	0x00000001		PRIVATE	READWRITE
28	u32	0x00000289ffab3840	0	1	0x00000000	0x00000001		PRIVATE	READWRITE
28	u32	0x00000289ffab3848	0	2	0x00000000	0x00000002		PRIVATE	READWRITE
28	u32	0x00000289ffab38a8	0	1	0x00000000	0x00000001		PRIVATE	READWRITE
28	u32	0x00000289ffab38b0	0	3	0x00000000	0x00000003		PRIVATE	READWRITE
28	u32	0x00000289ffab3928	0	1	0x00000000	0x00000001		PRIVATE	READWRITE
28	u32	0x00000289ffab3930	0	4	0x00000000	0x00000004		PRIVATE	READWRITE
28	u32	0x00000289ffab39a8	0	1	0x00000000	0x00000001		PRIVATE	READWRITE
28	u32	0x00000289ffab39b0	0	5	0x00000000	0x00000005		PRIVATE	READWRITE
28	u32	0x00000289ffab39d8	0	1	0x00000000	0x00000001		PRIVATE	READWRITE
28	u32	0x00000289ffab39e8	0	1	0x00000000	0x00000001		PRIVATE	READWRITE
28	u32	0x00000289ffab3a10	0	1	0x00000000	0x00000001		PRIVATE	READWRITE
28	u32	0x00000289ffab3a68	0	1	0x00000000	0x00000001		PRIVATE	READWRITE
28	u32	0x00000289ffab3ad0	0	1	0x00000000	0x00000001		PRIVATE	READWRITE
28	u32	0x00000289ffab3b08	0	3	0x00000000	0x00000003		PRIVATE	READWRITE
28	u32	0x00000289ffab3b30	0	2	0x00000000	0x00000002		PRIVATE	READWRITE
28	u32	0x00000289ffab3b98	0	2	0x00000000	0x00000002		PRIVATE	READWRITE
28	u32	0x00000289ffab3c00	0	2	0x00000000	0x00000002		PRIVATE	READWRITE
28	u32	0x00000289ffab3c68	0	1	0x00000000	0x00000001		PRIVATE	READWRITE
28	u32	0x00000289ffab3ccc	1	0	0x00000001	0x00000000		PRIVATE	READWRITE
28	u32	0x00000289ffab3cd0	0	10	0x00000000	0x0000000a		PRIVATE	READWRITE
28	u32	0x00000289ffab3d00	0	1	0x00000000	0x00000001		PRIVATE	READWRITE
28	u32	0x00000289ffab3d28	0	2	0x00000000	0x00000002		PRIVATE	READWRITE
28	u32	0x00000289ffab3d88	0	1	0x00000000	0x00000001		PRIVATE	READWRITE
28	u32	0x00000289ffab3dc0	0	2	0x00000000	0x00000002		PRIVATE	READWRITE
28	u32	0x00000289ffab3de8	0	2	0x00000000	0x00000002		PRIVATE	READWRITE
28	u32	0x00000289ffab3e40	0	2	0x00000000	0x00000002		PRIVATE	READWRITE
28	u32	0x00000289ffab3e98	0	1	0x00000000	0x00000001		PRIVATE	READWRITE
28	u32	0x00000289ffab3ef8	0	1	0x00000000	0x00000001		PRIVATE	READWRITE
28	u32	0x00000289ffab3f50	0	1	0x00000000	0x00000001		PRIVATE	READWRITE
28	u32	0x00000289ffab3fa8	0	1	0x00000000	0x00000001		PRIVATE	READWRITE
28	u32	0x00000289ffab4000	0	1	0x00000000	0x00000001		PRIVATE	READWRITE
28	u32	0x00000289ffab4058	0	1	0x00000000	0x00000001		PRIVATE	READWRITE
28	u32	0x00000289ffab4074	1	0	0x00000001	0x00000000		PRIVATE	READWRITE
28	u32	0x00000289ffab407c	1	0	0x00000001	0x00000000		PRIVATE	READWRITE
28	u32	0x00000289ffab4098	0	1	0x00000000	0x00000001		PRIVATE	READWRITE
28	u32	0x00000289ffab40f8	0	1	0x00000000	0x00000001		PRIVATE	READWRITE
28	u32	0x00000289ffab4150	0	1	0x00000000	0x00000001		PRIVATE	READWRITE
28	u32	0x00000289ffab41b8	0	1	0x00000000	0x00000001		PRIVATE	READWRITE
28	u32	0x00000289ffab4218	0	1	0x00000000	0x00000001		PRIVATE	READWRITE
28	u32	0x00000289ffab4278	0	1	0x00000000	0x00000001		PRIVATE	READWRITE
28	u32	0x00000289ffab42b0	0	2	0x00000000	0x00000002		PRIVATE	READWRITE
28	u32	0x00000289ffab42d8	0	2	0x00000000	0x00000002		PRIVATE	READWRITE
28	u32	0x00000289ffab4330	0	2	0x00000000	0x00000002		PRIVATE	READWRITE
28	u32	0x00000289ffab43c8	0	1	0x00000000	0x00000001		PRIVATE	READWRITE
28	u32	0x00000289ffab4400	0	2	0x00000000	0x00000002		PRIVATE	READWRITE
28	u32	0x00000289ffab4434	1	0	0x00000001	0x00000000		PRIVATE	READWRITE
28	u32	0x00000289ffab443c	1	0	0x00000001	0x00000000		PRIVATE	READWRITE
28	u32	0x00000289ffab4480	0	2	0x00000000	0x00000002		PRIVATE	READWRITE
28	u32	0x00000289ffab44d8	0	1	0x00000000	0x00000001		PRIVATE	READWRITE
28	u32	0x00000289ffab4510	0	4	0x00000000	0x00000004		PRIVATE	READWRITE
28	u32	0x00000289ffab4538	0	2	0x00000000	0x00000002		PRIVATE	READWRITE
28	u32	0x00000289ffab4590	0	2	0x00000000	0x00000002		PRIVATE	READWRITE
28	u32	0x00000289ffab45e8	0	2	0x00000000	0x00000002		PRIVATE	READWRITE
28	u32	0x00000289ffab4640	0	2	0x00000000	0x00000002		PRIVATE	READWRITE
28	u32	0x00000289ffab4670	0	1	0x00000000	0x00000001		PRIVATE	READWRITE
28	u32	0x00000289ffab46a8	0	1	0x00000000	0x00000001		PRIVATE	READWRITE
28	u32	0x00000289ffab4728	0	1	0x00000000	0x00000001		PRIVATE	READWRITE
28	u32	0x00000289ffab4788	0	1	0x00000000	0x00000001		PRIVATE	READWRITE
28	u32	0x00000289ffab47ec	1	0	0x00000001	0x00000000		PRIVATE	READWRITE
28	u32	0x00000289ffab4848	0	1	0x00000000	0x00000001		PRIVATE	READWRITE
28	u32	0x00000289ffab4880	0	1	0x00000000	0x00000001		PRIVATE	READWRITE
28	u32	0x00000289ffab48a0	0	1	0x00000000	0x00000001		PRIVATE	READWRITE
28	u32	0x00000289ffab4908	0	1	0x00000000	0x00000001		PRIVATE	READWRITE
28	u32	0x00000289ffab4968	0	1	0x00000000	0x00000001		PRIVATE	READWRITE
28	u32	0x00000289ffab49d0	0	1	0x00000000	0x00000001		PRIVATE	READWRITE
28	u32	0x00000289ffab4a30	0	1	0x00000000	0x00000001		PRIVATE	READWRITE
28	u32	0x00000289ffab4a90	0	1	0x00000000	0x00000001		PRIVATE	READWRITE
28	u32	0x00000289ffab4ac8	0	3	0x00000000	0x00000003		PRIVATE	READWRITE
28	u32	0x00000289ffab4af0	0	2	0x00000000	0x00000002		PRIVATE	READWRITE
28	u32	0x00000289ffab4b50	0	2	0x00000000	0x00000002		PRIVATE	READWRITE
28	u32	0x00000289ffab4bac	1	0	0x00000001	0x00000000		PRIVATE	READWRITE
28	u32	0x00000289ffab4c00	0	1	0x00000000	0x00000001		PRIVATE	READWRITE
28	u32	0x00000289ffab4c68	0	1	0x00000000	0x00000001		PRIVATE	READWRITE
28	u32	0x00000289ffab4cc8	0	1	0x00000000	0x00000001		PRIVATE	READWRITE
28	u32	0x00000289ffab4d20	0	1	0x00000000	0x00000001		PRIVATE	READWRITE
28	u32	0x00000289ffab4d80	0	1	0x00000000	0x00000001		PRIVATE	READWRITE
28	u32	0x00000289ffab4dd8	0	1	0x00000000	0x00000001		PRIVATE	READWRITE
28	u32	0x00000289ffab4e30	0	1	0x00000000	0x00000001		PRIVATE	READWRITE
28	u32	0x00000289ffab4e88	0	1	0x00000000	0x00000001		PRIVATE	READWRITE
28	u32	0x00000289ffab4ef0	0	1	0x00000000	0x00000001		PRIVATE	READWRITE
28	u32	0x00000289ffab4f54	1	0	0x00000001	0x00000000		PRIVATE	READWRITE
28	u32	0x00000289ffab4f70	0	1	0x00000000	0x00000001		PRIVATE	READWRITE
28	u32	0x00000289ffab4fd8	0	1	0x00000000	0x00000001		PRIVATE	READWRITE
28	u32	0x00000289ffab5040	0	1	0x00000000	0x00000001		PRIVATE	READWRITE
28	u32	0x00000289ffab5098	0	1	0x00000000	0x00000001		PRIVATE	READWRITE
28	u32	0x00000289ffab50d0	0	3	0x00000000	0x00000003		PRIVATE	READWRITE
28	u32	0x00000289ffab50f8	0	2	0x00000000	0x00000002		PRIVATE	READWRITE
28	u32	0x00000289ffab5150	0	2	0x00000000	0x00000002		PRIVATE	READWRITE
28	u32	0x00000289ffab51a8	0	2	0x00000000	0x00000002		PRIVATE	READWRITE
28	u32	0x00000289ffab5200	0	1	0x00000000	0x00000001		PRIVATE	READWRITE
28	u32	0x00000289ffab5268	0	1	0x00000000	0x00000001		PRIVATE	READWRITE
28	u32	0x00000289ffab52d0	0	1	0x00000000	0x00000001		PRIVATE	READWRITE
28	u32	0x00000289ffab530c	1	0	0x00000001	0x00000000		PRIVATE	READWRITE
28	u32	0x00000289ffab5330	0	2	0x00000000	0x00000002		PRIVATE	READWRITE
28	u32	0x00000289ffab53b0	0	2	0x00000000	0x00000002		PRIVATE	READWRITE
28	u32	0x00000289ffab5408	0	2	0x00000000	0x00000002		PRIVATE	READWRITE
28	u32	0x00000289ffab5440	0	2	0x00000000	0x00000002		PRIVATE	READWRITE
28	u32	0x00000289ffab5468	0	3	0x00000000	0x00000003		PRIVATE	READWRITE
28	u32	0x00000289ffab54c0	0	3	0x00000000	0x00000003		PRIVATE	READWRITE
28	u32	0x00000289ffab5518	0	2	0x00000000	0x00000002		PRIVATE	READWRITE
28	u32	0x00000289ffab5570	0	2	0x00000000	0x00000002		PRIVATE	READWRITE
28	u32	0x00000289ffab56b4	1	0	0x00000001	0x00000000		PRIVATE	READWRITE
28	u32	0x00000289ffab56bc	1	0	0x00000001	0x00000000		PRIVATE	READWRITE
28	u32	0x00000289ffab5a64	1	0	0x00000001	0x00000000		PRIVATE	READWRITE
28	u32	0x00000289ffab5a6c	1	0	0x00000001	0x00000000		PRIVATE	READWRITE
28	u32	0x00000289ffab5e14	1	0	0x00000001	0x00000000		PRIVATE	READWRITE
28	u32	0x00000289ffab5e1c	1	0	0x00000001	0x00000000		PRIVATE	READWRITE
28	u32	0x00000289ffab5e90	0	1	0x00000000	0x00000001		PRIVATE	READWRITE
28	u32	0x00000289ffab5e98	0	1	0x00000000	0x00000001		PRIVATE	READWRITE
28	u32	0x00000289ffab5ec8	0	4	0x00000000	0x00000004		PRIVATE	READWRITE
28	u32	0x00000289ffab5ef0	0	2	0x00000000	0x00000002		PRIVATE	READWRITE
28	u32	0x00000289ffab5f48	0	2	0x00000000	0x00000002		PRIVATE	READWRITE
28	u32	0x00000289ffab5f78	0	1	0x00000000	0x00000001		PRIVATE	READWRITE
28	u32	0x00000289ffab5f88	0	1	0x00000000	0x00000001		PRIVATE	READWRITE
28	u32	0x00000289ffab5fb0	0	2	0x00000000	0x00000002		PRIVATE	READWRITE
28	u32	0x00000289ffab6008	0	2	0x00000000	0x00000002		PRIVATE	READWRITE
28	u32	0x00000289ffab6038	0	1	0x00000000	0x00000001		PRIVATE	READWRITE
28	u32	0x00000289ffab6048	0	1	0x00000000	0x00000001		PRIVATE	READWRITE
28	u32	0x00000289ffab6070	0	1	0x00000000	0x00000001		PRIVATE	READWRITE
28	u32	0x00000289ffab6078	0	2	0x00000000	0x00000002		PRIVATE	READWRITE
28	u32	0x00000289ffab60d8	0	1	0x00000000	0x00000001		PRIVATE	READWRITE
28	u32	0x00000289ffab60e0	0	3	0x00000000	0x00000003		PRIVATE	READWRITE
28	u32	0x00000289ffab6158	0	1	0x00000000	0x00000001		PRIVATE	READWRITE
28	u32	0x00000289ffab6160	0	4	0x00000000	0x00000004		PRIVATE	READWRITE
28	u32	0x00000289ffab61d8	0	1	0x00000000	0x00000001		PRIVATE	READWRITE
28	u32	0x00000289ffab61e0	0	5	0x00000000	0x00000005		PRIVATE	READWRITE
28	u32	0x00000289ffab6208	0	1	0x00000000	0x00000001		PRIVATE	READWRITE
28	u32	0x00000289ffab6218	0	1	0x00000000	0x00000001		PRIVATE	READWRITE
28	u32	0x00000289ffab6240	0	1	0x00000000	0x00000001		PRIVATE	READWRITE
28	u32	0x00000289ffab6298	0	1	0x00000000	0x00000001		PRIVATE	READWRITE
28	u32	0x00000289ffab6300	0	1	0x00000000	0x00000001		PRIVATE	READWRITE
28	u32	0x00000289ffab6338	0	3	0x00000000	0x00000003		PRIVATE	READWRITE
28	u32	0x00000289ffab6360	0	2	0x00000000	0x00000002		PRIVATE	READWRITE
28	u32	0x00000289ffab63c8	0	2	0x00000000	0x00000002		PRIVATE	READWRITE
28	u32	0x00000289ffab6430	0	2	0x00000000	0x00000002		PRIVATE	READWRITE
28	u32	0x00000289ffab6498	0	1	0x00000000	0x00000001		PRIVATE	READWRITE
28	u32	0x00000289ffab64f8	0	1	0x00000000	0x00000001		PRIVATE	READWRITE
28	u32	0x00000289ffab6500	0	10	0x00000000	0x0000000a		PRIVATE	READWRITE
28	u32	0x00000289ffab6530	0	1	0x00000000	0x00000001		PRIVATE	READWRITE
28	u32	0x00000289ffab6558	0	2	0x00000000	0x00000002		PRIVATE	READWRITE
28	u32	0x00000289ffab6574	1	0	0x00000001	0x00000000		PRIVATE	READWRITE
28	u32	0x00000289ffab657c	1	0	0x00000001	0x00000000		PRIVATE	READWRITE
28	u32	0x00000289ffab65b8	0	1	0x00000000	0x00000001		PRIVATE	READWRITE
28	u32	0x00000289ffab65f0	0	2	0x00000000	0x00000002		PRIVATE	READWRITE
28	u32	0x00000289ffab6618	0	2	0x00000000	0x00000002		PRIVATE	READWRITE
28	u32	0x00000289ffab6670	0	2	0x00000000	0x00000002		PRIVATE	READWRITE
28	u32	0x00000289ffab66c8	0	1	0x00000000	0x00000001		PRIVATE	READWRITE
28	u32	0x00000289ffab6728	0	1	0x00000000	0x00000001		PRIVATE	READWRITE
28	u32	0x00000289ffab6780	0	1	0x00000000	0x00000001		PRIVATE	READWRITE
28	u32	0x00000289ffab67d8	0	1	0x00000000	0x00000001		PRIVATE	READWRITE
28	u32	0x00000289ffab6830	0	1	0x00000000	0x00000001		PRIVATE	READWRITE
28	u32	0x00000289ffab6888	0	1	0x00000000	0x00000001		PRIVATE	READWRITE
28	u32	0x00000289ffab68c8	0	1	0x00000000	0x00000001		PRIVATE	READWRITE
28	u32	0x00000289ffab692c	1	0	0x00000001	0x00000000		PRIVATE	READWRITE
28	u32	0x00000289ffab6980	0	1	0x00000000	0x00000001		PRIVATE	READWRITE
28	u32	0x00000289ffab69e8	0	1	0x00000000	0x00000001		PRIVATE	READWRITE
28	u32	0x00000289ffab6a48	0	1	0x00000000	0x00000001		PRIVATE	READWRITE
28	u32	0x00000289ffab6aa8	0	1	0x00000000	0x00000001		PRIVATE	READWRITE
28	u32	0x00000289ffab6ae0	0	2	0x00000000	0x00000002		PRIVATE	READWRITE
28	u32	0x00000289ffab6b08	0	2	0x00000000	0x00000002		PRIVATE	READWRITE
28	u32	0x00000289ffab6b60	0	2	0x00000000	0x00000002		PRIVATE	READWRITE
28	u32	0x00000289ffab6bf8	0	1	0x00000000	0x00000001		PRIVATE	READWRITE
28	u32	0x00000289ffab6c30	0	2	0x00000000	0x00000002		PRIVATE	READWRITE
28	u32	0x00000289ffab6c58	0	2	0x00000000	0x00000002		PRIVATE	READWRITE
28	u32	0x00000289ffab6cb0	0	2	0x00000000	0x00000002		PRIVATE	READWRITE
28	u32	0x00000289ffab6ce4	1	0	0x00000001	0x00000000		PRIVATE	READWRITE
28	u32	0x00000289ffab6cec	1	0	0x00000001	0x00000000		PRIVATE	READWRITE
28	u32	0x00000289ffab6d08	0	1	0x00000000	0x00000001		PRIVATE	READWRITE
28	u32	0x00000289ffab6d40	0	4	0x00000000	0x00000004		PRIVATE	READWRITE
28	u32	0x00000289ffab6d68	0	2	0x00000000	0x00000002		PRIVATE	READWRITE
28	u32	0x00000289ffab6dc0	0	2	0x00000000	0x00000002		PRIVATE	READWRITE
28	u32	0x00000289ffab6e18	0	2	0x00000000	0x00000002		PRIVATE	READWRITE
28	u32	0x00000289ffab6e70	0	2	0x00000000	0x00000002		PRIVATE	READWRITE
28	u32	0x00000289ffab6ea0	0	1	0x00000000	0x00000001		PRIVATE	READWRITE
28	u32	0x00000289ffab6ed8	0	1	0x00000000	0x00000001		PRIVATE	READWRITE
28	u32	0x00000289ffab6f58	0	1	0x00000000	0x00000001		PRIVATE	READWRITE
28	u32	0x00000289ffab6fb8	0	1	0x00000000	0x00000001		PRIVATE	READWRITE
28	u32	0x00000289ffab7018	0	1	0x00000000	0x00000001		PRIVATE	READWRITE
28	u32	0x00000289ffab7078	0	1	0x00000000	0x00000001		PRIVATE	READWRITE
28	u32	0x00000289ffab7094	1	0	0x00000001	0x00000000		PRIVATE	READWRITE
28	u32	0x00000289ffab709c	1	0	0x00000001	0x00000000		PRIVATE	READWRITE
28	u32	0x00000289ffab70b0	0	1	0x00000000	0x00000001		PRIVATE	READWRITE
28	u32	0x00000289ffab70d0	0	1	0x00000000	0x00000001		PRIVATE	READWRITE
28	u32	0x00000289ffab7138	0	1	0x00000000	0x00000001		PRIVATE	READWRITE
28	u32	0x00000289ffab7198	0	1	0x00000000	0x00000001		PRIVATE	READWRITE
28	u32	0x00000289ffab7200	0	1	0x00000000	0x00000001		PRIVATE	READWRITE
28	u32	0x00000289ffab7260	0	1	0x00000000	0x00000001		PRIVATE	READWRITE
28	u32	0x00000289ffab72c0	0	1	0x00000000	0x00000001		PRIVATE	READWRITE
28	u32	0x00000289ffab72f8	0	3	0x00000000	0x00000003		PRIVATE	READWRITE
28	u32	0x00000289ffab7320	0	2	0x00000000	0x00000002		PRIVATE	READWRITE
28	u32	0x00000289ffab7380	0	2	0x00000000	0x00000002		PRIVATE	READWRITE
28	u32	0x00000289ffab73d8	0	2	0x00000000	0x00000002		PRIVATE	READWRITE
28	u32	0x00000289ffab7430	0	1	0x00000000	0x00000001		PRIVATE	READWRITE
28	u32	0x00000289ffab7444	1	0	0x00000001	0x00000000		PRIVATE	READWRITE
28	u32	0x00000289ffab744c	1	0	0x00000001	0x00000000		PRIVATE	READWRITE
28	u32	0x00000289ffab7498	0	1	0x00000000	0x00000001		PRIVATE	READWRITE
28	u32	0x00000289ffab74f8	0	1	0x00000000	0x00000001		PRIVATE	READWRITE
28	u32	0x00000289ffab7550	0	1	0x00000000	0x00000001		PRIVATE	READWRITE
28	u32	0x00000289ffab75b0	0	1	0x00000000	0x00000001		PRIVATE	READWRITE
28	u32	0x00000289ffab7608	0	1	0x00000000	0x00000001		PRIVATE	READWRITE
28	u32	0x00000289ffab7660	0	1	0x00000000	0x00000001		PRIVATE	READWRITE
28	u32	0x00000289ffab76b8	0	1	0x00000000	0x00000001		PRIVATE	READWRITE
28	u32	0x00000289ffab7720	0	1	0x00000000	0x00000001		PRIVATE	READWRITE
28	u32	0x00000289ffab77a0	0	1	0x00000000	0x00000001		PRIVATE	READWRITE
28	u32	0x00000289ffab77f4	1	0	0x00000001	0x00000000		PRIVATE	READWRITE
28	u32	0x00000289ffab7808	0	1	0x00000000	0x00000001		PRIVATE	READWRITE
28	u32	0x00000289ffab7870	0	1	0x00000000	0x00000001		PRIVATE	READWRITE
28	u32	0x00000289ffab78c8	0	1	0x00000000	0x00000001		PRIVATE	READWRITE
28	u32	0x00000289ffab7900	0	3	0x00000000	0x00000003		PRIVATE	READWRITE
28	u32	0x00000289ffab7928	0	2	0x00000000	0x00000002		PRIVATE	READWRITE
28	u32	0x00000289ffab7980	0	2	0x00000000	0x00000002		PRIVATE	READWRITE
28	u32	0x00000289ffab79d8	0	2	0x00000000	0x00000002		PRIVATE	READWRITE
28	u32	0x00000289ffab7a30	0	1	0x00000000	0x00000001		PRIVATE	READWRITE
28	u32	0x00000289ffab7a98	0	1	0x00000000	0x00000001		PRIVATE	READWRITE
28	u32	0x00000289ffab7b00	0	1	0x00000000	0x00000001		PRIVATE	READWRITE
28	u32	0x00000289ffab7b38	0	5	0x00000000	0x00000005		PRIVATE	READWRITE
28	u32	0x00000289ffab7b60	0	2	0x00000000	0x00000002		PRIVATE	READWRITE
28	u32	0x00000289ffab7ba4	1	0	0x00000001	0x00000000		PRIVATE	READWRITE
28	u32	0x00000289ffab7bac	1	0	0x00000001	0x00000000		PRIVATE	READWRITE
28	u32	0x00000289ffab7be0	0	2	0x00000000	0x00000002		PRIVATE	READWRITE
28	u32	0x00000289ffab7c38	0	2	0x00000000	0x00000002		PRIVATE	READWRITE
28	u32	0x00000289ffab7c70	0	2	0x00000000	0x00000002		PRIVATE	READWRITE
28	u32	0x00000289ffab7c98	0	3	0x00000000	0x00000003		PRIVATE	READWRITE
28	u32	0x00000289ffab7cf0	0	3	0x00000000	0x00000003		PRIVATE	READWRITE
28	u32	0x00000289ffab7d48	0	2	0x00000000	0x00000002		PRIVATE	READWRITE
28	u32	0x00000289ffab7da0	0	2	0x00000000	0x00000002		PRIVATE	READWRITE
28	u32	0x00000289ffab7f54	1	0	0x00000001	0x00000000		PRIVATE	READWRITE
28	u32	0x00000289ffab7f5c	1	0	0x00000001	0x00000000		PRIVATE	READWRITE
28	u32	0x00000289ffab8304	1	0	0x00000001	0x00000000		PRIVATE	READWRITE
28	u32	0x00000289ffab830c	1	0	0x00000001	0x00000000		PRIVATE	READWRITE
28	u32	0x00000289ffab86c4	1	0	0x00000001	0x00000000		PRIVATE	READWRITE
28	u32	0x00000289ffab86cc	1	0	0x00000001	0x00000000		PRIVATE	READWRITE
28	u32	0x00000289ffab86f8	0	4	0x00000000	0x00000004		PRIVATE	READWRITE
28	u32	0x00000289ffab8720	0	2	0x00000000	0x00000002		PRIVATE	READWRITE
28	u32	0x00000289ffab8778	0	2	0x00000000	0x00000002		PRIVATE	READWRITE
28	u32	0x00000289ffab87a8	0	1	0x00000000	0x00000001		PRIVATE	READWRITE
28	u32	0x00000289ffab87b8	0	1	0x00000000	0x00000001		PRIVATE	READWRITE
28	u32	0x00000289ffab87e0	0	2	0x00000000	0x00000002		PRIVATE	READWRITE
28	u32	0x00000289ffab8838	0	2	0x00000000	0x00000002		PRIVATE	READWRITE
28	u32	0x00000289ffab8868	0	1	0x00000000	0x00000001		PRIVATE	READWRITE
28	u32	0x00000289ffab8878	0	1	0x00000000	0x00000001		PRIVATE	READWRITE
28	u32	0x00000289ffab88a0	0	1	0x00000000	0x00000001		PRIVATE	READWRITE
28	u32	0x00000289ffab88a8	0	2	0x00000000	0x00000002		PRIVATE	READWRITE
28	u32	0x00000289ffab8908	0	1	0x00000000	0x00000001		PRIVATE	READWRITE
28	u32	0x00000289ffab8910	0	3	0x00000000	0x00000003		PRIVATE	READWRITE
28	u32	0x00000289ffab8988	0	1	0x00000000	0x00000001		PRIVATE	READWRITE
28	u32	0x00000289ffab8990	0	4	0x00000000	0x00000004		PRIVATE	READWRITE
28	u32	0x00000289ffab8a08	0	1	0x00000000	0x00000001		PRIVATE	READWRITE
28	u32	0x00000289ffab8a10	0	5	0x00000000	0x00000005		PRIVATE	READWRITE
28	u32	0x00000289ffab8a38	0	1	0x00000000	0x00000001		PRIVATE	READWRITE
28	u32	0x00000289ffab8a48	0	1	0x00000000	0x00000001		PRIVATE	READWRITE
28	u32	0x00000289ffab8a74	1	0	0x00000001	0x00000000		PRIVATE	READWRITE
28	u32	0x00000289ffab8a7c	1	0	0x00000001	0x00000000		PRIVATE	READWRITE
28	u32	0x00000289ffab8ac8	0	1	0x00000000	0x00000001		PRIVATE	READWRITE
28	u32	0x00000289ffab8b30	0	1	0x00000000	0x00000001		PRIVATE	READWRITE
28	u32	0x00000289ffab8b68	0	3	0x00000000	0x00000003		PRIVATE	READWRITE
28	u32	0x00000289ffab8b90	0	2	0x00000000	0x00000002		PRIVATE	READWRITE
28	u32	0x00000289ffab8bf8	0	2	0x00000000	0x00000002		PRIVATE	READWRITE
28	u32	0x00000289ffab8c60	0	2	0x00000000	0x00000002		PRIVATE	READWRITE
28	u32	0x00000289ffab8cc8	0	1	0x00000000	0x00000001		PRIVATE	READWRITE
28	u32	0x00000289ffab8d28	0	1	0x00000000	0x00000001		PRIVATE	READWRITE
28	u32	0x00000289ffab8d30	0	10	0x00000000	0x0000000a		PRIVATE	READWRITE
28	u32	0x00000289ffab8d60	0	1	0x00000000	0x00000001		PRIVATE	READWRITE
28	u32	0x00000289ffab8d88	0	2	0x00000000	0x00000002		PRIVATE	READWRITE
28	u32	0x00000289ffab8de8	0	1	0x00000000	0x00000001		PRIVATE	READWRITE
28	u32	0x00000289ffab8e34	1	0	0x00000001	0x00000000		PRIVATE	READWRITE
28	u32	0x00000289ffab8e48	0	2	0x00000000	0x00000002		PRIVATE	READWRITE
28	u32	0x00000289ffab8ea0	0	2	0x00000000	0x00000002		PRIVATE	READWRITE
28	u32	0x00000289ffab8ef8	0	1	0x00000000	0x00000001		PRIVATE	READWRITE
28	u32	0x00000289ffab8f58	0	1	0x00000000	0x00000001		PRIVATE	READWRITE
28	u32	0x00000289ffab8fb0	0	1	0x00000000	0x00000001		PRIVATE	READWRITE
28	u32	0x00000289ffab9008	0	1	0x00000000	0x00000001		PRIVATE	READWRITE
28	u32	0x00000289ffab9060	0	1	0x00000000	0x00000001		PRIVATE	READWRITE
28	u32	0x00000289ffab90b8	0	1	0x00000000	0x00000001		PRIVATE	READWRITE
28	u32	0x00000289ffab90f8	0	1	0x00000000	0x00000001		PRIVATE	READWRITE
28	u32	0x00000289ffab9158	0	1	0x00000000	0x00000001		PRIVATE	READWRITE
28	u32	0x00000289ffab91b0	0	1	0x00000000	0x00000001		PRIVATE	READWRITE
28	u32	0x00000289ffab91e4	1	0	0x00000001	0x00000000		PRIVATE	READWRITE
28	u32	0x00000289ffab91ec	1	0	0x00000001	0x00000000		PRIVATE	READWRITE
28	u32	0x00000289ffab9218	0	1	0x00000000	0x00000001		PRIVATE	READWRITE
28	u32	0x00000289ffab9278	0	1	0x00000000	0x00000001		PRIVATE	READWRITE
28	u32	0x00000289ffab92d8	0	1	0x00000000	0x00000001		PRIVATE	READWRITE
28	u32	0x00000289ffab9310	0	2	0x00000000	0x00000002		PRIVATE	READWRITE
28	u32	0x00000289ffab9338	0	2	0x00000000	0x00000002		PRIVATE	READWRITE
28	u32	0x00000289ffab9390	0	2	0x00000000	0x00000002		PRIVATE	READWRITE
28	u32	0x00000289ffab9428	0	1	0x00000000	0x00000001		PRIVATE	READWRITE
28	u32	0x00000289ffab9460	0	2	0x00000000	0x00000002		PRIVATE	READWRITE
28	u32	0x00000289ffab9488	0	2	0x00000000	0x00000002		PRIVATE	READWRITE
28	u32	0x00000289ffab94e0	0	2	0x00000000	0x00000002		PRIVATE	READWRITE
28	u32	0x00000289ffab9538	0	1	0x00000000	0x00000001		PRIVATE	READWRITE
28	u32	0x00000289ffab9570	0	4	0x00000000	0x00000004		PRIVATE	READWRITE
28	u32	0x00000289ffab959c	1	0	0x00000001	0x00000000		PRIVATE	READWRITE
28	u32	0x00000289ffab95f0	0	2	0x00000000	0x00000002		PRIVATE	READWRITE
28	u32	0x00000289ffab9648	0	2	0x00000000	0x00000002		PRIVATE	READWRITE
28	u32	0x00000289ffab96a0	0	2	0x00000000	0x00000002		PRIVATE	READWRITE
28	u32	0x00000289ffab96d0	0	1	0x00000000	0x00000001		PRIVATE	READWRITE
28	u32	0x00000289ffab9708	0	1	0x00000000	0x00000001		PRIVATE	READWRITE
28	u32	0x00000289ffab9788	0	1	0x00000000	0x00000001		PRIVATE	READWRITE
28	u32	0x00000289ffab97e8	0	1	0x00000000	0x00000001		PRIVATE	READWRITE
28	u32	0x00000289ffab9848	0	1	0x00000000	0x00000001		PRIVATE	READWRITE
28	u32	0x00000289ffab98a8	0	1	0x00000000	0x00000001		PRIVATE	READWRITE
28	u32	0x00000289ffab98e0	0	1	0x00000000	0x00000001		PRIVATE	READWRITE
28	u32	0x00000289ffab9900	0	1	0x00000000	0x00000001		PRIVATE	READWRITE
28	u32	0x00000289ffab9944	1	0	0x00000001	0x00000000		PRIVATE	READWRITE
28	u32	0x00000289ffab994c	1	0	0x00000001	0x00000000		PRIVATE	READWRITE
28	u32	0x00000289ffab9968	0	1	0x00000000	0x00000001		PRIVATE	READWRITE
28	u32	0x00000289ffab99c8	0	1	0x00000000	0x00000001		PRIVATE	READWRITE
28	u32	0x00000289ffab9a30	0	1	0x00000000	0x00000001		PRIVATE	READWRITE
28	u32	0x00000289ffab9a90	0	1	0x00000000	0x00000001		PRIVATE	READWRITE
28	u32	0x00000289ffab9af0	0	1	0x00000000	0x00000001		PRIVATE	READWRITE
28	u32	0x00000289ffab9b28	0	3	0x00000000	0x00000003		PRIVATE	READWRITE
28	u32	0x00000289ffab9b50	0	2	0x00000000	0x00000002		PRIVATE	READWRITE
28	u32	0x00000289ffab9bb0	0	2	0x00000000	0x00000002		PRIVATE	READWRITE
28	u32	0x00000289ffab9c08	0	2	0x00000000	0x00000002		PRIVATE	READWRITE
28	u32	0x00000289ffab9c60	0	1	0x00000000	0x00000001		PRIVATE	READWRITE
28	u32	0x00000289ffab9cc8	0	1	0x00000000	0x00000001		PRIVATE	READWRITE
28	u32	0x00000289ffab9d04	1	0	0x00000001	0x00000000		PRIVATE	READWRITE
28	u32	0x00000289ffab9d0c	1	0	0x00000001	0x00000000		PRIVATE	READWRITE
28	u32	0x00000289ffab9d28	0	1	0x00000000	0x00000001		PRIVATE	READWRITE
28	u32	0x00000289ffab9d80	0	1	0x00000000	0x00000001		PRIVATE	READWRITE
28	u32	0x00000289ffab9de0	0	1	0x00000000	0x00000001		PRIVATE	READWRITE
28	u32	0x00000289ffab9e38	0	1	0x00000000	0x00000001		PRIVATE	READWRITE
28	u32	0x00000289ffab9e90	0	1	0x00000000	0x00000001		PRIVATE	READWRITE
28	u32	0x00000289ffab9ee8	0	1	0x00000000	0x00000001		PRIVATE	READWRITE
28	u32	0x00000289ffab9f50	0	1	0x00000000	0x00000001		PRIVATE	READWRITE
28	u32	0x00000289ffab9fd0	0	1	0x00000000	0x00000001		PRIVATE	READWRITE
28	u32	0x00000289ffaba038	0	1	0x00000000	0x00000001		PRIVATE	READWRITE
28	u32	0x00000289ffaba0a0	0	1	0x00000000	0x00000001		PRIVATE	READWRITE
28	u32	0x00000289ffaba0b4	1	0	0x00000001	0x00000000		PRIVATE	READWRITE
28	u32	0x00000289ffaba0bc	1	0	0x00000001	0x00000000		PRIVATE	READWRITE
28	u32	0x00000289ffaba0f8	0	1	0x00000000	0x00000001		PRIVATE	READWRITE
28	u32	0x00000289ffaba130	0	3	0x00000000	0x00000003		PRIVATE	READWRITE
28	u32	0x00000289ffaba158	0	2	0x00000000	0x00000002		PRIVATE	READWRITE
28	u32	0x00000289ffaba1b0	0	2	0x00000000	0x00000002		PRIVATE	READWRITE
28	u32	0x00000289ffaba208	0	2	0x00000000	0x00000002		PRIVATE	READWRITE
28	u32	0x00000289ffaba260	0	1	0x00000000	0x00000001		PRIVATE	READWRITE
28	u32	0x00000289ffaba2c8	0	1	0x00000000	0x00000001		PRIVATE	READWRITE
28	u32	0x00000289ffaba330	0	1	0x00000000	0x00000001		PRIVATE	READWRITE
28	u32	0x00000289ffaba368	0	5	0x00000000	0x00000005		PRIVATE	READWRITE
28	u32	0x00000289ffaba390	0	2	0x00000000	0x00000002		PRIVATE	READWRITE
28	u32	0x00000289ffaba410	0	2	0x00000000	0x00000002		PRIVATE	READWRITE
28	u32	0x00000289ffaba46c	1	0	0x00000001	0x00000000		PRIVATE	READWRITE
28	u32	0x00000289ffaba4a0	0	2	0x00000000	0x00000002		PRIVATE	READWRITE
28	u32	0x00000289ffaba4c8	0	3	0x00000000	0x00000003		PRIVATE	READWRITE
28	u32	0x00000289ffaba520	0	3	0x00000000	0x00000003		PRIVATE	READWRITE
28	u32	0x00000289ffaba578	0	2	0x00000000	0x00000002		PRIVATE	READWRITE
28	u32	0x00000289ffaba5d0	0	2	0x00000000	0x00000002		PRIVATE	READWRITE
28	u32	0x00000289ffaba630	0	5	0x00000000	0x00000005		PRIVATE	READWRITE
28	u32	0x00000289ffaba640	0	4	0x00000000	0x00000004		PRIVATE	READWRITE
28	u32	0x00000289ffaba648	0	4	0x00000000	0x00000004		PRIVATE	READWRITE
28	u32	0x00000289ffaba650	0	10	0x00000000	0x0000000a		PRIVATE	READWRITE
28	u32	0x00000289ffaba658	0	1	0x00000000	0x00000001		PRIVATE	READWRITE
28	u32	0x00000289ffaba750	0	1	0x00000000	0x00000001		PRIVATE	READWRITE
28	u32	0x00000289ffaba758	0	1	0x00000000	0x00000001		PRIVATE	READWRITE
28	u32	0x00000289ffaba760	0	10	0x00000000	0x0000000a		PRIVATE	READWRITE
28	u32	0x00000289ffaba768	0	1	0x00000000	0x00000001		PRIVATE	READWRITE
28	u32	0x00000289ffaba7e0	0	10	0x00000000	0x0000000a		PRIVATE	READWRITE
28	u32	0x00000289ffaba7e8	0	1	0x00000000	0x00000001		PRIVATE	READWRITE
28	u32	0x00000289ffaba81c	1	0	0x00000001	0x00000000		PRIVATE	READWRITE
28	u32	0x00000289ffaba870	0	10	0x00000000	0x0000000a		PRIVATE	READWRITE
28	u32	0x00000289ffaba878	0	1	0x00000000	0x00000001		PRIVATE	READWRITE
28	u32	0x00000289ffaba8b0	0	2	0x00000000	0x00000002		PRIVATE	READWRITE
28	u32	0x00000289ffaba980	0	1	0x00000000	0x00000001		PRIVATE	READWRITE
28	u32	0x00000289ffaba9e0	0	1	0x00000000	0x00000001		PRIVATE	READWRITE
28	u32	0x00000289ffabaad0	0	1	0x00000000	0x00000001		PRIVATE	READWRITE
28	u32	0x00000289ffabaae0	0	1	0x00000000	0x00000001		PRIVATE	READWRITE
28	u32	0x00000289ffabaae8	0	1	0x00000000	0x00000001		PRIVATE	READWRITE
28	u32	0x00000289ffabaaf0	0	10	0x00000000	0x0000000a		PRIVATE	READWRITE
28	u32	0x00000289ffabaaf8	0	1	0x00000000	0x00000001		PRIVATE	READWRITE
28	u32	0x00000289ffabab70	0	10	0x00000000	0x0000000a		PRIVATE	READWRITE
28	u32	0x00000289ffabab78	0	1	0x00000000	0x00000001		PRIVATE	READWRITE
28	u32	0x00000289ffababb0	0	5	0x00000000	0x00000005		PRIVATE	READWRITE
28	u32	0x00000289ffababb8	0	1	0x00000000	0x00000001		PRIVATE	READWRITE
28	u32	0x00000289ffababc4	1	0	0x00000001	0x00000000		PRIVATE	READWRITE
28	u32	0x00000289ffababcc	1	0	0x00000001	0x00000000		PRIVATE	READWRITE
28	u32	0x00000289ffabac60	0	4	0x00000000	0x00000004		PRIVATE	READWRITE
28	u32	0x00000289ffabac68	0	4	0x00000000	0x00000004		PRIVATE	READWRITE
28	u32	0x00000289ffabac70	0	10	0x00000000	0x0000000a		PRIVATE	READWRITE
28	u32	0x00000289ffabac78	0	1	0x00000000	0x00000001		PRIVATE	READWRITE
28	u32	0x00000289ffabacd0	0	1	0x00000000	0x00000001		PRIVATE	READWRITE
28	u32	0x00000289ffabace0	0	1	0x00000000	0x00000001		PRIVATE	READWRITE
28	u32	0x00000289ffabace8	0	1	0x00000000	0x00000001		PRIVATE	READWRITE
28	u32	0x00000289ffabacf0	0	10	0x00000000	0x0000000a		PRIVATE	READWRITE
28	u32	0x00000289ffabacf8	0	1	0x00000000	0x00000001		PRIVATE	READWRITE
28	u32	0x00000289ffabadc0	0	1	0x00000000	0x00000001		PRIVATE	READWRITE
28	u32	0x00000289ffabae00	0	10	0x00000000	0x0000000a		PRIVATE	READWRITE
28	u32	0x00000289ffabae08	0	1	0x00000000	0x00000001		PRIVATE	READWRITE
28	u32	0x00000289ffabae40	0	5	0x00000000	0x00000005		PRIVATE	READWRITE
28	u32	0x00000289ffabae48	0	1	0x00000000	0x00000001		PRIVATE	READWRITE
28	u32	0x00000289ffabaee0	0	1	0x00000000	0x00000001		PRIVATE	READWRITE
28	u32	0x00000289ffabaef0	0	1	0x00000000	0x00000001		PRIVATE	READWRITE
28	u32	0x00000289ffabaef8	0	1	0x00000000	0x00000001		PRIVATE	READWRITE
28	u32	0x00000289ffabaf00	0	10	0x00000000	0x0000000a		PRIVATE	READWRITE
28	u32	0x00000289ffabaf08	0	1	0x00000000	0x00000001		PRIVATE	READWRITE
28	u32	0x00000289ffabaf74	1	0	0x00000001	0x00000000		PRIVATE	READWRITE
28	u32	0x00000289ffabaf7c	1	0	0x00000001	0x00000000		PRIVATE	READWRITE
28	u32	0x00000289ffabaf80	0	10	0x00000000	0x0000000a		PRIVATE	READWRITE
28	u32	0x00000289ffabaf88	0	1	0x00000000	0x00000001		PRIVATE	READWRITE
28	u32	0x00000289ffabafc0	0	5	0x00000000	0x00000005		PRIVATE	READWRITE
28	u32	0x00000289ffabafc8	0	1	0x00000000	0x00000001		PRIVATE	READWRITE
28	u32	0x00000289ffabafd8	0	10	0x00000000	0x0000000a		PRIVATE	READWRITE
28	u32	0x00000289ffabb060	0	1	0x00000000	0x00000001		PRIVATE	READWRITE
28	u32	0x00000289ffabb070	0	1	0x00000000	0x00000001		PRIVATE	READWRITE
28	u32	0x00000289ffabb078	0	1	0x00000000	0x00000001		PRIVATE	READWRITE
28	u32	0x00000289ffabb080	0	10	0x00000000	0x0000000a		PRIVATE	READWRITE
28	u32	0x00000289ffabb088	0	1	0x00000000	0x00000001		PRIVATE	READWRITE
28	u32	0x00000289ffabb0c0	0	1	0x00000000	0x00000001		PRIVATE	READWRITE
28	u32	0x00000289ffabb190	0	1	0x00000000	0x00000001		PRIVATE	READWRITE
28	u32	0x00000289ffabb198	0	1	0x00000000	0x00000001		PRIVATE	READWRITE
28	u32	0x00000289ffabb1a0	0	10	0x00000000	0x0000000a		PRIVATE	READWRITE
28	u32	0x00000289ffabb1a8	0	1	0x00000000	0x00000001		PRIVATE	READWRITE
28	u32	0x00000289ffabb1e0	0	1	0x00000000	0x00000001		PRIVATE	READWRITE
28	u32	0x00000289ffabb208	0	2	0x00000000	0x00000002		PRIVATE	READWRITE
28	u32	0x00000289ffabb20c	0	1	0x00000000	0x00000001		PRIVATE	READWRITE
28	u32	0x00000289ffabb210	0	1	0x00000000	0x00000001		PRIVATE	READWRITE
28	u32	0x00000289ffabb220	0	2	0x00000000	0x00000002		PRIVATE	READWRITE
28	u32	0x00000289ffabb288	0	1	0x00000000	0x00000001		PRIVATE	READWRITE
28	u32	0x00000289ffabb290	0	1	0x00000000	0x00000001		PRIVATE	READWRITE
28	u32	0x00000289ffabb2b0	0	1	0x00000000	0x00000001		PRIVATE	READWRITE
28	u32	0x00000289ffabb2c0	0	1	0x00000000	0x00000001		PRIVATE	READWRITE
28	u32	0x00000289ffabb2c8	0	1	0x00000000	0x00000001		PRIVATE	READWRITE
28	u32	0x00000289ffabb2d0	0	10	0x00000000	0x0000000a		PRIVATE	READWRITE
28	u32	0x00000289ffabb2d8	0	1	0x00000000	0x00000001		PRIVATE	READWRITE
28	u32	0x00000289ffabb310	0	1	0x00000000	0x00000001		PRIVATE	READWRITE
28	u32	0x00000289ffabb344	1	0	0x00000001	0x00000000		PRIVATE	READWRITE
28	u32	0x00000289ffabb34c	1	0	0x00000001	0x00000000		PRIVATE	READWRITE
28	u32	0x00000289ffabb354	1	0	0x00000001	0x00000000		PRIVATE	READWRITE
28	u32	0x00000289ffabb35c	1	0	0x00000001	0x00000000		PRIVATE	READWRITE
28	u32	0x00000289ffabb364	1	0	0x00000001	0x00000000		PRIVATE	READWRITE
28	u32	0x00000289ffabb36c	1	0	0x00000001	0x00000000		PRIVATE	READWRITE
28	u32	0x00000289ffac66a8	0	4	0x00000000	0x00000004		PRIVATE	READWRITE
28	u32	0x00000289ffac66d0	0	4	0x00000000	0x00000004		PRIVATE	READWRITE
28	u32	0x00000289ffac7fe8	0	3	0x00000000	0x00000003		PRIVATE	READWRITE
28	u32	0x00000289ffac8010	1	0	0x00000001	0x00000000		PRIVATE	READWRITE
28	u32	0x00000289ffac8060	1	0	0x00000001	0x00000000		PRIVATE	READWRITE
28	u32	0x00000289ffac81a8	1	0	0x00000001	0x00000000		PRIVATE	READWRITE
28	u32	0x00000289ffac8300	0	2	0x00000000	0x00000002		PRIVATE	READWRITE
28	u32	0x00000289ffac83f0	1	0	0x00000001	0x00000000		PRIVATE	READWRITE
28	u32	0x00000289ffac8430	1	0	0x00000001	0x00000000		PRIVATE	READWRITE
28	u32	0x00000289ffac8558	0	5	0x00000000	0x00000005		PRIVATE	READWRITE
28	u32	0x00000289ffac85b8	0	1	0x00000000	0x00000001		PRIVATE	READWRITE
28	u32	0x00000289ffac85c8	1	0	0x00000001	0x00000000		PRIVATE	READWRITE
28	u32	0x00000289ffac8810	1	0	0x00000001	0x00000000		PRIVATE	READWRITE
28	u32	0x00000289ffac88a0	1	0	0x00000001	0x00000000		PRIVATE	READWRITE
28	u32	0x00000289ffac8b60	0	5	0x00000000	0x00000005		PRIVATE	READWRITE
28	u32	0x00000289ffac8b70	0	4	0x00000000	0x00000004		PRIVATE	READWRITE
28	u32	0x00000289ffac8b78	0	4	0x00000000	0x00000004		PRIVATE	READWRITE
28	u32	0x00000289ffac8b80	0	10	0x00000000	0x0000000a		PRIVATE	READWRITE
28	u32	0x00000289ffac8b88	0	1	0x00000000	0x00000001		PRIVATE	READWRITE
28	u32	0x00000289ffac8bd0	1	0	0x00000001	0x00000000		PRIVATE	READWRITE
28	u32	0x00000289ffac8bf0	0	4	0x00000000	0x00000004		PRIVATE	READWRITE
28	u32	0x00000289ffac8bf8	0	4	0x00000000	0x00000004		PRIVATE	READWRITE
28	u32	0x00000289ffac8c00	0	10	0x00000000	0x0000000a		PRIVATE	READWRITE
28	u32	0x00000289ffac8cf0	0	1	0x00000000	0x00000001		PRIVATE	READWRITE
28	u32	0x00000289ffac9090	0	10	0x00000000	0x0000000a		PRIVATE	READWRITE
28	u32	0x00000289ffac9098	0	1	0x00000000	0x00000001		PRIVATE	READWRITE
28	u32	0x00000289ffac90c0	1	0	0x00000001	0x00000000		PRIVATE	READWRITE
28	u32	0x00000289ffac90e8	0	1	0x00000000	0x00000001		PRIVATE	READWRITE
28	u32	0x00000289ffac9140	0	1	0x00000000	0x00000001		PRIVATE	READWRITE
28	u32	0x00000289ffac9168	0	1	0x00000000	0x00000001		PRIVATE	READWRITE
28	u32	0x00000289ffac9288	1	0	0x00000001	0x00000000		PRIVATE	READWRITE
28	u32	0x00000289ffac93a8	0	1	0x00000000	0x00000001		PRIVATE	READWRITE
28	u32	0x00000289ffac93d8	0	3	0x00000000	0x00000003		PRIVATE	READWRITE
28	u32	0x00000289ffac93f0	0	2	0x00000000	0x00000002		PRIVATE	READWRITE
28	u32	0x00000289ffac9478	0	1	0x00000000	0x00000001		PRIVATE	READWRITE
28	u32	0x00000289ffac94c0	0	2	0x00000000	0x00000002		PRIVATE	READWRITE
28	u32	0x00000289ffac94d0	1	0	0x00000001	0x00000000		PRIVATE	READWRITE
28	u32	0x00000289ffac9510	1	0	0x00000001	0x00000000		PRIVATE	READWRITE
28	u32	0x00000289ffac9560	1	0	0x00000001	0x00000000		PRIVATE	READWRITE
28	u32	0x00000289ffac9958	0	1	0x00000000	0x00000001		PRIVATE	READWRITE
28	u32	0x00000289ffac9988	0	3	0x00000000	0x00000003		PRIVATE	READWRITE
28	u32	0x00000289ffac99b0	1	0	0x00000001	0x00000000		PRIVATE	READWRITE
28	u32	0x00000289ffac9a70	0	2	0x00000000	0x00000002		PRIVATE	READWRITE
28	u32	0x00000289ffac9a90	0	1	0x00000000	0x00000001		PRIVATE	READWRITE
28	u32	0x00000289ffac9aa8	0	1	0x00000000	0x00000001		PRIVATE	READWRITE
28	u32	0x00000289ffac9ab8	0	1	0x00000000	0x00000001		PRIVATE	READWRITE
28	u32	0x00000289ffac9c20	0	1	0x00000000	0x00000001		PRIVATE	READWRITE
28	u32	0x00000289ffac9c28	0	1	0x00000000	0x00000001		PRIVATE	READWRITE
28	u32	0x00000289ffac9d70	1	0	0x00000001	0x00000000		PRIVATE	READWRITE
28	u32	0x00000289ffac9eb0	0	1	0x00000000	0x00000001		PRIVATE	READWRITE
28	u32	0x00000289ffac9ec0	0	10	0x00000000	0x0000000a		PRIVATE	READWRITE
28	u32	0x00000289ffac9ec8	0	1	0x00000000	0x00000001		PRIVATE	READWRITE
28	u32	0x00000289ffac9f30	0	4	0x00000000	0x00000004		PRIVATE	READWRITE
28	u32	0x00000289ffac9f38	0	4	0x00000000	0x00000004		PRIVATE	READWRITE
28	u32	0x00000289ffac9f40	0	10	0x00000000	0x0000000a		PRIVATE	READWRITE
28	u32	0x00000289ffaca030	0	1	0x00000000	0x00000001		PRIVATE	READWRITE
28	u32	0x00000289ffaca090	0	10	0x00000000	0x0000000a		PRIVATE	READWRITE
28	u32	0x00000289ffaca098	0	1	0x00000000	0x00000001		PRIVATE	READWRITE
28	u32	0x00000289ffaca160	1	0	0x00000001	0x00000000		PRIVATE	READWRITE
28	u32	0x00000289ffaca200	1	0	0x00000001	0x00000000		PRIVATE	READWRITE
28	u32	0x00000289ffaca250	1	0	0x00000001	0x00000000		PRIVATE	READWRITE
28	u32	0x00000289ffaca2a8	0	1	0x00000000	0x00000001		PRIVATE	READWRITE
28	u32	0x00000289ffaca2d8	0	3	0x00000000	0x00000003		PRIVATE	READWRITE
28	u32	0x00000289ffaca2f0	0	2	0x00000000	0x00000002		PRIVATE	READWRITE
28	u32	0x00000289ffaca378	0	1	0x00000000	0x00000001		PRIVATE	READWRITE
28	u32	0x00000289ffaca3a8	0	3	0x00000000	0x00000003		PRIVATE	READWRITE
28	u32	0x00000289ffaca3c0	0	2	0x00000000	0x00000002		PRIVATE	READWRITE
28	u32	0x00000289ffaca448	0	1	0x00000000	0x00000001		PRIVATE	READWRITE
28	u32	0x00000289ffaca518	0	1	0x00000000	0x00000001		PRIVATE	READWRITE
28	u32	0x00000289ffaca610	0	1	0x00000000	0x00000001		PRIVATE	READWRITE
28	u32	0x00000289ffaca6d8	0	3	0x00000000	0x00000003		PRIVATE	READWRITE
28	u32	0x00000289ffaca9f0	0	2	0x00000000	0x00000002		PRIVATE	READWRITE
28	u32	0x00000289ffacaab0	0	10	0x00000000	0x0000000a		PRIVATE	READWRITE
28	u32	0x00000289ffacaca8	0	1	0x00000000	0x00000001		PRIVATE	READWRITE
28	u32	0x00000289ffacaf60	0	4	0x00000000	0x00000004		PRIVATE	READWRITE
28	u32	0x00000289ffacb2b8	0	1	0x00000000	0x00000001		PRIVATE	READWRITE
28	u32	0x00000289ffacb300	0	2	0x00000000	0x00000002		PRIVATE	READWRITE
28	u32	0x00000289ffacb320	0	1	0x00000000	0x00000001		PRIVATE	READWRITE
28	u32	0x00000289ffacb340	0	3	0x00000000	0x00000003		PRIVATE	READWRITE
28	u32	0x00000289ffacb350	0	3	0x00000000	0x00000003		PRIVATE	READWRITE
28	u32	0x00000289ffacb368	0	3	0x00000000	0x00000003		PRIVATE	READWRITE
28	u32	0x00000289ffacb380	0	3	0x00000000	0x00000003		PRIVATE	READWRITE
28	u32	0x00000289ffacb3c0	0	10	0x00000000	0x0000000a		PRIVATE	READWRITE
28	u32	0x00000289ffacb3c8	0	1	0x00000000	0x00000001		PRIVATE	READWRITE
28	u32	0x00000289ffacb440	0	5	0x00000000	0x00000005		PRIVATE	READWRITE
28	u32	0x00000289ffacb448	0	1	0x00000000	0x00000001		PRIVATE	READWRITE
28	u32	0x00000289ffacb540	0	1	0x00000000	0x00000001		PRIVATE	READWRITE
28	u32	0x00000289ffacb5a0	0	1	0x00000000	0x00000001		PRIVATE	READWRITE
28	u32	0x00000289ffacb6a0	0	1	0x00000000	0x00000001		PRIVATE	READWRITE
28	u32	0x00000289ffacb6a8	0	1	0x00000000	0x00000001		PRIVATE	READWRITE
28	u32	0x00000289ffacb6b0	0	10	0x00000000	0x0000000a		PRIVATE	READWRITE
28	u32	0x00000289ffacb6b8	0	1	0x00000000	0x00000001		PRIVATE	READWRITE
28	u32	0x00000289ffacb700	0	1	0x00000000	0x00000001		PRIVATE	READWRITE
28	u32	0x00000289ffacb708	0	1	0x00000000	0x00000001		PRIVATE	READWRITE
28	u32	0x00000289ffacb710	0	10	0x00000000	0x0000000a		PRIVATE	READWRITE
28	u32	0x00000289ffacb718	0	1	0x00000000	0x00000001		PRIVATE	READWRITE
28	u32	0x00000289ffacb760	0	1	0x00000000	0x00000001		PRIVATE	READWRITE
28	u32	0x00000289ffacb768	0	1	0x00000000	0x00000001		PRIVATE	READWRITE
28	u32	0x00000289ffacb770	0	10	0x00000000	0x0000000a		PRIVATE	READWRITE
28	u32	0x00000289ffacb778	0	1	0x00000000	0x00000001		PRIVATE	READWRITE
28	u32	0x00000289ffacb7c0	0	1	0x00000000	0x00000001		PRIVATE	READWRITE
28	u32	0x00000289ffacb7c8	0	1	0x00000000	0x00000001		PRIVATE	READWRITE
28	u32	0x00000289ffacb7d0	0	10	0x00000000	0x0000000a		PRIVATE	READWRITE
28	u32	0x00000289ffacb7d8	0	1	0x00000000	0x00000001		PRIVATE	READWRITE
28	u32	0x00000289ffad2110	0	1	0x00000000	0x00000001		PRIVATE	READWRITE
28	u32	0x00000289ffad2118	0	1	0x00000000	0x00000001		PRIVATE	READWRITE
28	u32	0x00000289ffad2120	0	10	0x00000000	0x0000000a		PRIVATE	READWRITE
28	u32	0x00000289ffad2180	0	1	0x00000000	0x00000001		PRIVATE	READWRITE
28	u32	0x00000289ffad2230	0	1	0x00000000	0x00000001		PRIVATE	READWRITE
28	u32	0x00000289ffad2240	0	10	0x00000000	0x0000000a		PRIVATE	READWRITE
28	u32	0x00000289ffad8864	1	0	0x00000001	0x00000000		PRIVATE	READWRITE
28	u32	0x00000289ffad8c14	1	0	0x00000001	0x00000000		PRIVATE	READWRITE
28	u32	0x00000289ffad8fc4	1	0	0x00000001	0x00000000		PRIVATE	READWRITE
28	u32	0x00000289ffad90c0	0	1	0x00000000	0x00000001		PRIVATE	READWRITE
28	u32	0x00000289ffad90c8	0	1	0x00000000	0x00000001		PRIVATE	READWRITE
28	u32	0x00000289ffad90f8	0	4	0x00000000	0x00000004		PRIVATE	READWRITE
28	u32	0x00000289ffad9120	0	2	0x00000000	0x00000002		PRIVATE	READWRITE
28	u32	0x00000289ffad9178	0	2	0x00000000	0x00000002		PRIVATE	READWRITE
28	u32	0x00000289ffad91a8	0	1	0x00000000	0x00000001		PRIVATE	READWRITE
28	u32	0x00000289ffad91b8	0	1	0x00000000	0x00000001		PRIVATE	READWRITE
28	u32	0x00000289ffad91e0	0	2	0x00000000	0x00000002		PRIVATE	READWRITE
28	u32	0x00000289ffad9238	0	2	0x00000000	0x00000002		PRIVATE	READWRITE
28	u32	0x00000289ffad9268	0	1	0x00000000	0x00000001		PRIVATE	READWRITE
28	u32	0x00000289ffad9278	0	1	0x00000000	0x00000001		PRIVATE	READWRITE
28	u32	0x00000289ffad92a0	0	1	0x00000000	0x00000001		PRIVATE	READWRITE
28	u32	0x00000289ffad92a8	0	2	0x00000000	0x00000002		PRIVATE	READWRITE
28	u32	0x00000289ffad9308	0	1	0x00000000	0x00000001		PRIVATE	READWRITE
28	u32	0x00000289ffad9310	0	3	0x00000000	0x00000003		PRIVATE	READWRITE
28	u32	0x00000289ffad9388	0	1	0x00000000	0x00000001		PRIVATE	READWRITE
28	u32	0x00000289ffad9390	0	4	0x00000000	0x00000004		PRIVATE	READWRITE
28	u32	0x00000289ffad9408	0	1	0x00000000	0x00000001		PRIVATE	READWRITE
28	u32	0x00000289ffad9410	0	5	0x00000000	0x00000005		PRIVATE	READWRITE
28	u32	0x00000289ffad9438	0	1	0x00000000	0x00000001		PRIVATE	READWRITE
28	u32	0x00000289ffad9448	0	1	0x00000000	0x00000001		PRIVATE	READWRITE
28	u32	0x00000289ffad9470	0	1	0x00000000	0x00000001		PRIVATE	READWRITE
28	u32	0x00000289ffad94c8	0	1	0x00000000	0x00000001		PRIVATE	READWRITE
28	u32	0x00000289ffad9530	0	1	0x00000000	0x00000001		PRIVATE	READWRITE
28	u32	0x00000289ffad9568	0	3	0x00000000	0x00000003		PRIVATE	READWRITE
28	u32	0x00000289ffad9590	0	2	0x00000000	0x00000002		PRIVATE	READWRITE
28	u32	0x00000289ffad95f8	0	2	0x00000000	0x00000002		PRIVATE	READWRITE
28	u32	0x00000289ffad9660	0	2	0x00000000	0x00000002		PRIVATE	READWRITE
28	u32	0x00000289ffad96c8	0	1	0x00000000	0x00000001		PRIVATE	READWRITE
28	u32	0x00000289ffad9730	0	10	0x00000000	0x0000000a		PRIVATE	READWRITE
28	u32	0x00000289ffad9760	0	1	0x00000000	0x00000001		PRIVATE	READWRITE
28	u32	0x00000289ffad9788	0	2	0x00000000	0x00000002		PRIVATE	READWRITE
28	u32	0x00000289ffad97e8	0	1	0x00000000	0x00000001		PRIVATE	READWRITE
28	u32	0x00000289ffad9820	0	2	0x00000000	0x00000002		PRIVATE	READWRITE
28	u32	0x00000289ffad9848	0	2	0x00000000	0x00000002		PRIVATE	READWRITE
28	u32	0x00000289ffad98a0	0	2	0x00000000	0x00000002		PRIVATE	READWRITE
28	u32	0x00000289ffad98f8	0	1	0x00000000	0x00000001		PRIVATE	READWRITE
28	u32	0x00000289ffad9958	0	1	0x00000000	0x00000001		PRIVATE	READWRITE
28	u32	0x00000289ffad99b0	0	1	0x00000000	0x00000001		PRIVATE	READWRITE
28	u32	0x00000289ffad9a08	0	1	0x00000000	0x00000001		PRIVATE	READWRITE
28	u32	0x00000289ffad9a60	0	1	0x00000000	0x00000001		PRIVATE	READWRITE
28	u32	0x00000289ffad9ab8	0	1	0x00000000	0x00000001		PRIVATE	READWRITE
28	u32	0x00000289ffad9ad4	1	0	0x00000001	0x00000000		PRIVATE	READWRITE
28	u32	0x00000289ffad9af8	0	1	0x00000000	0x00000001		PRIVATE	READWRITE
28	u32	0x00000289ffad9b58	0	1	0x00000000	0x00000001		PRIVATE	READWRITE
28	u32	0x00000289ffad9bb0	0	1	0x00000000	0x00000001		PRIVATE	READWRITE
28	u32	0x00000289ffad9c18	0	1	0x00000000	0x00000001		PRIVATE	READWRITE
28	u32	0x00000289ffad9c78	0	1	0x00000000	0x00000001		PRIVATE	READWRITE
28	u32	0x00000289ffad9cd8	0	1	0x00000000	0x00000001		PRIVATE	READWRITE
28	u32	0x00000289ffad9d10	0	2	0x00000000	0x00000002		PRIVATE	READWRITE
28	u32	0x00000289ffad9d38	0	2	0x00000000	0x00000002		PRIVATE	READWRITE
28	u32	0x00000289ffad9d90	0	2	0x00000000	0x00000002		PRIVATE	READWRITE
28	u32	0x00000289ffad9e28	0	1	0x00000000	0x00000001		PRIVATE	READWRITE
28	u32	0x00000289ffad9e60	0	2	0x00000000	0x00000002		PRIVATE	READWRITE
28	u32	0x00000289ffad9ee0	0	2	0x00000000	0x00000002		PRIVATE	READWRITE
28	u32	0x00000289ffad9f38	0	1	0x00000000	0x00000001		PRIVATE	READWRITE
28	u32	0x00000289ffad9f70	0	4	0x00000000	0x00000004		PRIVATE	READWRITE
28	u32	0x00000289ffad9f98	0	2	0x00000000	0x00000002		PRIVATE	READWRITE
28	u32	0x00000289ffad9ff0	0	2	0x00000000	0x00000002		PRIVATE	READWRITE
28	u32	0x00000289ffada048	0	2	0x00000000	0x00000002		PRIVATE	READWRITE
28	u32	0x00000289ffada0a0	0	2	0x00000000	0x00000002		PRIVATE	READWRITE
28	u32	0x00000289ffada0d0	0	1	0x00000000	0x00000001		PRIVATE	READWRITE
28	u32	0x00000289ffada108	0	1	0x00000000	0x00000001		PRIVATE	READWRITE
28	u32	0x00000289ffada188	0	1	0x00000000	0x00000001		PRIVATE	READWRITE
28	u32	0x00000289ffada1e8	0	1	0x00000000	0x00000001		PRIVATE	READWRITE
28	u32	0x00000289ffada234	1	0	0x00000001	0x00000000		PRIVATE	READWRITE
28	u32	0x00000289ffada248	0	1	0x00000000	0x00000001		PRIVATE	READWRITE
28	u32	0x00000289ffada2a8	0	1	0x00000000	0x00000001		PRIVATE	READWRITE
28	u32	0x00000289ffada2e0	0	1	0x00000000	0x00000001		PRIVATE	READWRITE
28	u32	0x00000289ffada300	0	1	0x00000000	0x00000001		PRIVATE	READWRITE
28	u32	0x00000289ffada368	0	1	0x00000000	0x00000001		PRIVATE	READWRITE
28	u32	0x00000289ffada3c8	0	1	0x00000000	0x00000001		PRIVATE	READWRITE
28	u32	0x00000289ffada430	0	1	0x00000000	0x00000001		PRIVATE	READWRITE
28	u32	0x00000289ffada490	0	1	0x00000000	0x00000001		PRIVATE	READWRITE
28	u32	0x00000289ffada4f0	0	1	0x00000000	0x00000001		PRIVATE	READWRITE
28	u32	0x00000289ffada528	0	3	0x00000000	0x00000003		PRIVATE	READWRITE
28	u32	0x00000289ffada550	0	2	0x00000000	0x00000002		PRIVATE	READWRITE
28	u32	0x00000289ffada5b0	0	2	0x00000000	0x00000002		PRIVATE	READWRITE
28	u32	0x00000289ffada5e4	1	0	0x00000001	0x00000000		PRIVATE	READWRITE
28	u32	0x00000289ffada608	0	2	0x00000000	0x00000002		PRIVATE	READWRITE
28	u32	0x00000289ffada660	0	1	0x00000000	0x00000001		PRIVATE	READWRITE
28	u32	0x00000289ffada6c8	0	1	0x00000000	0x00000001		PRIVATE	READWRITE
28	u32	0x00000289ffada728	0	1	0x00000000	0x00000001		PRIVATE	READWRITE
28	u32	0x00000289ffada780	0	1	0x00000000	0x00000001		PRIVATE	READWRITE
28	u32	0x00000289ffada7e0	0	1	0x00000000	0x00000001		PRIVATE	READWRITE
28	u32	0x00000289ffada838	0	1	0x00000000	0x00000001		PRIVATE	READWRITE
28	u32	0x00000289ffada890	0	1	0x00000000	0x00000001		PRIVATE	READWRITE
28	u32	0x00000289ffada8e8	0	1	0x00000000	0x00000001		PRIVATE	READWRITE
28	u32	0x00000289ffada950	0	1	0x00000000	0x00000001		PRIVATE	READWRITE
28	u32	0x00000289ffada9a4	1	0	0x00000001	0x00000000		PRIVATE	READWRITE
28	u32	0x00000289ffada9d0	0	1	0x00000000	0x00000001		PRIVATE	READWRITE
28	u32	0x00000289ffadaa38	0	1	0x00000000	0x00000001		PRIVATE	READWRITE
28	u32	0x00000289ffadaaa0	0	1	0x00000000	0x00000001		PRIVATE	READWRITE
28	u32	0x00000289ffadaaf8	0	1	0x00000000	0x00000001		PRIVATE	READWRITE
28	u32	0x00000289ffadab30	0	3	0x00000000	0x00000003		PRIVATE	READWRITE
28	u32	0x00000289ffadab58	0	2	0x00000000	0x00000002		PRIVATE	READWRITE
28	u32	0x00000289ffadabb0	0	2	0x00000000	0x00000002		PRIVATE	READWRITE
28	u32	0x00000289ffadac08	0	2	0x00000000	0x00000002		PRIVATE	READWRITE
28	u32	0x00000289ffadac60	0	1	0x00000000	0x00000001		PRIVATE	READWRITE
28	u32	0x00000289ffadacc8	0	1	0x00000000	0x00000001		PRIVATE	READWRITE
28	u32	0x00000289ffadad30	0	1	0x00000000	0x00000001		PRIVATE	READWRITE
28	u32	0x00000289ffadad54	1	0	0x00000001	0x00000000		PRIVATE	READWRITE
28	u32	0x00000289ffadad68	0	5	0x00000000	0x00000005		PRIVATE	READWRITE
28	u32	0x00000289ffadad90	0	2	0x00000000	0x00000002		PRIVATE	READWRITE
28	u32	0x00000289ffadae10	0	2	0x00000000	0x00000002		PRIVATE	READWRITE
28	u32	0x00000289ffadae68	0	2	0x00000000	0x00000002		PRIVATE	READWRITE
28	u32	0x00000289ffadaea0	0	2	0x00000000	0x00000002		PRIVATE	READWRITE
28	u32	0x00000289ffadaec8	0	3	0x00000000	0x00000003		PRIVATE	READWRITE
28	u32	0x00000289ffadaf20	0	3	0x00000000	0x00000003		PRIVATE	READWRITE
28	u32	0x00000289ffadaf78	0	2	0x00000000	0x00000002		PRIVATE	READWRITE
28	u32	0x00000289ffadafd0	0	2	0x00000000	0x00000002		PRIVATE	READWRITE
28	u32	0x00000289ffadb104	1	0	0x00000001	0x00000000		PRIVATE	READWRITE
28	u32	0x00000289ffadb4b4	1	0	0x00000001	0x00000000		PRIVATE	READWRITE
28	u32	0x00000289ffadb864	1	0	0x00000001	0x00000000		PRIVATE	READWRITE
28	u32	0x00000289ffadb8f0	0	1	0x00000000	0x00000001		PRIVATE	READWRITE
28	u32	0x00000289ffadb8f8	0	1	0x00000000	0x00000001		PRIVATE	READWRITE
28	u32	0x00000289ffadb928	0	4	0x00000000	0x00000004		PRIVATE	READWRITE
28	u32	0x00000289ffadb950	0	2	0x00000000	0x00000002		PRIVATE	READWRITE
28	u32	0x00000289ffadb9a8	0	2	0x00000000	0x00000002		PRIVATE	READWRITE
28	u32	0x00000289ffadb9d8	0	1	0x00000000	0x00000001		PRIVATE	READWRITE
28	u32	0x00000289ffadb9e8	0	1	0x00000000	0x00000001		PRIVATE	READWRITE
28	u32	0x00000289ffadba10	0	2	0x00000000	0x00000002		PRIVATE	READWRITE
28	u32	0x00000289ffadba68	0	2	0x00000000	0x00000002		PRIVATE	READWRITE
28	u32	0x00000289ffadba98	0	1	0x00000000	0x00000001		PRIVATE	READWRITE
28	u32	0x00000289ffadbaa8	0	1	0x00000000	0x00000001		PRIVATE	READWRITE
28	u32	0x00000289ffadbad0	0	1	0x00000000	0x00000001		PRIVATE	READWRITE
28	u32	0x00000289ffadbad8	0	2	0x00000000	0x00000002		PRIVATE	READWRITE
28	u32	0x00000289ffadbb38	0	1	0x00000000	0x00000001		PRIVATE	READWRITE
28	u32	0x00000289ffadbb40	0	3	0x00000000	0x00000003		PRIVATE	READWRITE
28	u32	0x00000289ffadbbb8	0	1	0x00000000	0x00000001		PRIVATE	READWRITE
28	u32	0x00000289ffadbbc0	0	4	0x00000000	0x00000004		PRIVATE	READWRITE
28	u32	0x00000289ffadbc14	1	0	0x00000001	0x00000000		PRIVATE	READWRITE
28	u32	0x00000289ffadbc38	0	1	0x00000000	0x00000001		PRIVATE	READWRITE
28	u32	0x00000289ffadbc40	0	5	0x00000000	0x00000005		PRIVATE	READWRITE
28	u32	0x00000289ffadbc68	0	1	0x00000000	0x00000001		PRIVATE	READWRITE
28	u32	0x00000289ffadbc78	0	1	0x00000000	0x00000001		PRIVATE	READWRITE
28	u32	0x00000289ffadbca0	0	1	0x00000000	0x00000001		PRIVATE	READWRITE
28	u32	0x00000289ffadbcf8	0	1	0x00000000	0x00000001		PRIVATE	READWRITE
28	u32	0x00000289ffadbd60	0	1	0x00000000	0x00000001		PRIVATE	READWRITE
28	u32	0x00000289ffadbd98	0	3	0x00000000	0x00000003		PRIVATE	READWRITE
28	u32	0x00000289ffadbdc0	0	2	0x00000000	0x00000002		PRIVATE	READWRITE
28	u32	0x00000289ffadbe28	0	2	0x00000000	0x00000002		PRIVATE	READWRITE
28	u32	0x00000289ffadbe90	0	2	0x00000000	0x00000002		PRIVATE	READWRITE
28	u32	0x00000289ffadbef8	0	1	0x00000000	0x00000001		PRIVATE	READWRITE
28	u32	0x00000289ffadbf58	0	1	0x00000000	0x00000001		PRIVATE	READWRITE
28	u32	0x00000289ffadbf60	0	10	0x00000000	0x0000000a		PRIVATE	READWRITE
28	u32	0x00000289ffadbf90	0	1	0x00000000	0x00000001		PRIVATE	READWRITE
28	u32	0x00000289ffadbfb8	0	2	0x00000000	0x00000002		PRIVATE	READWRITE
28	u32	0x00000289ffadbff8	1	0	0x00000001	0x00000000		PRIVATE	READWRITE
28	u32	0x00000289ffadc018	0	1	0x00000000	0x00000001		PRIVATE	READWRITE
28	u32	0x00000289ffadc188	0	1	0x00000000	0x00000001		PRIVATE	READWRITE
28	u32	0x00000289ffadc1a4	1	0	0x00000001	0x00000000		PRIVATE	READWRITE
28	u32	0x00000289ffadc1e0	0	1	0x00000000	0x00000001		PRIVATE	READWRITE
28	u32	0x00000289ffadc238	0	1	0x00000000	0x00000001		PRIVATE	READWRITE
28	u32	0x00000289ffadc290	0	1	0x00000000	0x00000001		PRIVATE	READWRITE
28	u32	0x00000289ffadc2e8	0	1	0x00000000	0x00000001		PRIVATE	READWRITE
28	u32	0x00000289ffadc328	0	1	0x00000000	0x00000001		PRIVATE	READWRITE
28	u32	0x00000289ffadc388	0	1	0x00000000	0x00000001		PRIVATE	READWRITE
28	u32	0x00000289ffadc3e0	0	1	0x00000000	0x00000001		PRIVATE	READWRITE
28	u32	0x00000289ffadc448	0	1	0x00000000	0x00000001		PRIVATE	READWRITE
28	u32	0x00000289ffadc4a8	0	1	0x00000000	0x00000001		PRIVATE	READWRITE
28	u32	0x00000289ffadc508	0	1	0x00000000	0x00000001		PRIVATE	READWRITE
28	u32	0x00000289ffadc540	0	2	0x00000000	0x00000002		PRIVATE	READWRITE
28	u32	0x00000289ffadc554	1	0	0x00000001	0x00000000		PRIVATE	READWRITE
28	u32	0x00000289ffadc568	0	2	0x00000000	0x00000002		PRIVATE	READWRITE
28	u32	0x00000289ffadc5c0	0	2	0x00000000	0x00000002		PRIVATE	READWRITE
28	u32	0x00000289ffadc658	0	1	0x00000000	0x00000001		PRIVATE	READWRITE
28	u32	0x00000289ffadc690	0	2	0x00000000	0x00000002		PRIVATE	READWRITE
28	u32	0x00000289ffadc6b8	0	2	0x00000000	0x00000002		PRIVATE	READWRITE
28	u32	0x00000289ffadc710	0	2	0x00000000	0x00000002		PRIVATE	READWRITE
28	u32	0x00000289ffadc768	0	1	0x00000000	0x00000001		PRIVATE	READWRITE
28	u32	0x00000289ffadc7a0	0	4	0x00000000	0x00000004		PRIVATE	READWRITE
28	u32	0x00000289ffadc7c8	0	2	0x00000000	0x00000002		PRIVATE	READWRITE
28	u32	0x00000289ffadc820	0	2	0x00000000	0x00000002		PRIVATE	READWRITE
28	u32	0x00000289ffadc878	0	2	0x00000000	0x00000002		PRIVATE	READWRITE
28	u32	0x00000289ffadc8d0	0	2	0x00000000	0x00000002		PRIVATE	READWRITE
28	u32	0x00000289ffadc938	0	1	0x00000000	0x00000001		PRIVATE	READWRITE
28	u32	0x00000289ffadc9b8	0	1	0x00000000	0x00000001		PRIVATE	READWRITE
28	u32	0x00000289ffadca18	0	1	0x00000000	0x00000001		PRIVATE	READWRITE
28	u32	0x00000289ffadca78	0	1	0x00000000	0x00000001		PRIVATE	READWRITE
28	u32	0x00000289ffadcad8	0	1	0x00000000	0x00000001		PRIVATE	READWRITE
28	u32	0x00000289ffadcb10	0	1	0x00000000	0x00000001		PRIVATE	READWRITE
28	u32	0x00000289ffadcb30	0	1	0x00000000	0x00000001		PRIVATE	READWRITE
28	u32	0x00000289ffadcb98	0	1	0x00000000	0x00000001		PRIVATE	READWRITE
28	u32	0x00000289ffadcbf8	0	1	0x00000000	0x00000001		PRIVATE	READWRITE
28	u32	0x00000289ffadcc60	0	1	0x00000000	0x00000001		PRIVATE	READWRITE
28	u32	0x00000289ffadccc0	0	1	0x00000000	0x00000001		PRIVATE	READWRITE
28	u32	0x00000289ffadcd20	0	1	0x00000000	0x00000001		PRIVATE	READWRITE
28	u32	0x00000289ffadcd58	0	3	0x00000000	0x00000003		PRIVATE	READWRITE
28	u32	0x00000289ffadcd80	0	2	0x00000000	0x00000002		PRIVATE	READWRITE
28	u32	0x00000289ffadcde0	0	2	0x00000000	0x00000002		PRIVATE	READWRITE
28	u32	0x00000289ffadce38	0	2	0x00000000	0x00000002		PRIVATE	READWRITE
28	u32	0x00000289ffadce90	0	1	0x00000000	0x00000001		PRIVATE	READWRITE
28	u32	0x00000289ffadcef8	0	1	0x00000000	0x00000001		PRIVATE	READWRITE
28	u32	0x00000289ffadcf58	0	1	0x00000000	0x00000001		PRIVATE	READWRITE
28	u32	0x00000289ffadcfb0	0	1	0x00000000	0x00000001		PRIVATE	READWRITE
28	u32	0x00000289ffadd010	0	1	0x00000000	0x00000001		PRIVATE	READWRITE
28	u32	0x00000289ffadd0c0	0	1	0x00000000	0x00000001		PRIVATE	READWRITE
28	u32	0x00000289ffadd118	0	1	0x00000000	0x00000001		PRIVATE	READWRITE
28	u32	0x00000289ffadd180	0	1	0x00000000	0x00000001		PRIVATE	READWRITE
28	u32	0x00000289ffadd200	0	1	0x00000000	0x00000001		PRIVATE	READWRITE
28	u32	0x00000289ffadd268	0	1	0x00000000	0x00000001		PRIVATE	READWRITE
28	u32	0x00000289ffadd2d0	0	1	0x00000000	0x00000001		PRIVATE	READWRITE
28	u32	0x00000289ffadd328	0	1	0x00000000	0x00000001		PRIVATE	READWRITE
28	u32	0x00000289ffadd360	0	3	0x00000000	0x00000003		PRIVATE	READWRITE
28	u32	0x00000289ffadd388	0	2	0x00000000	0x00000002		PRIVATE	READWRITE
28	u32	0x00000289ffadd3e0	0	2	0x00000000	0x00000002		PRIVATE	READWRITE
28	u32	0x00000289ffadd414	1	0	0x00000001	0x00000000		PRIVATE	READWRITE
28	u32	0x00000289ffadd438	0	2	0x00000000	0x00000002		PRIVATE	READWRITE
28	u32	0x00000289ffadd490	0	1	0x00000000	0x00000001		PRIVATE	READWRITE
28	u32	0x00000289ffadd4f8	0	1	0x00000000	0x00000001		PRIVATE	READWRITE
28	u32	0x00000289ffadd560	0	1	0x00000000	0x00000001		PRIVATE	READWRITE
28	u32	0x00000289ffadd598	0	5	0x00000000	0x00000005		PRIVATE	READWRITE
28	u32	0x00000289ffadd5c0	0	2	0x00000000	0x00000002		PRIVATE	READWRITE
28	u32	0x00000289ffadd640	0	2	0x00000000	0x00000002		PRIVATE	READWRITE
28	u32	0x00000289ffadd698	0	2	0x00000000	0x00000002		PRIVATE	READWRITE
28	u32	0x00000289ffadd6d0	0	2	0x00000000	0x00000002		PRIVATE	READWRITE
28	u32	0x00000289ffadd6f8	0	3	0x00000000	0x00000003		PRIVATE	READWRITE
28	u32	0x00000289ffadd750	0	3	0x00000000	0x00000003		PRIVATE	READWRITE
28	u32	0x00000289ffadd7a8	0	2	0x00000000	0x00000002		PRIVATE	READWRITE
28	u32	0x00000289ffadd9a4	1	0	0x00000001	0x00000000		PRIVATE	READWRITE
28	u32	0x00000289ffaddd54	1	0	0x00000001	0x00000000		PRIVATE	READWRITE
28	u32	0x00000289ffade104	1	0	0x00000001	0x00000000		PRIVATE	READWRITE
28	u32	0x00000289ffade120	0	1	0x00000000	0x00000001		PRIVATE	READWRITE
28	u32	0x00000289ffade128	0	1	0x00000000	0x00000001		PRIVATE	READWRITE
28	u32	0x00000289ffade158	0	4	0x00000000	0x00000004		PRIVATE	READWRITE
28	u32	0x00000289ffade180	0	2	0x00000000	0x00000002		PRIVATE	READWRITE
28	u32	0x00000289ffade1d8	0	2	0x00000000	0x00000002		PRIVATE	READWRITE
28	u32	0x00000289ffade208	0	1	0x00000000	0x00000001		PRIVATE	READWRITE
28	u32	0x00000289ffade218	0	1	0x00000000	0x00000001		PRIVATE	READWRITE
28	u32	0x00000289ffade240	0	2	0x00000000	0x00000002		PRIVATE	READWRITE
28	u32	0x00000289ffade298	0	2	0x00000000	0x00000002		PRIVATE	READWRITE
28	u32	0x00000289ffade2c8	0	1	0x00000000	0x00000001		PRIVATE	READWRITE
28	u32	0x00000289ffade2d8	0	1	0x00000000	0x00000001		PRIVATE	READWRITE
28	u32	0x00000289ffade300	0	1	0x00000000	0x00000001		PRIVATE	READWRITE
28	u32	0x00000289ffade308	0	2	0x00000000	0x00000002		PRIVATE	READWRITE
28	u32	0x00000289ffade368	0	1	0x00000000	0x00000001		PRIVATE	READWRITE
28	u32	0x00000289ffade370	0	3	0x00000000	0x00000003		PRIVATE	READWRITE
28	u32	0x00000289ffade3e8	0	1	0x00000000	0x00000001		PRIVATE	READWRITE
28	u32	0x00000289ffade3f0	0	4	0x00000000	0x00000004		PRIVATE	READWRITE
28	u32	0x00000289ffade468	0	1	0x00000000	0x00000001		PRIVATE	READWRITE
28	u32	0x00000289ffade470	0	5	0x00000000	0x00000005		PRIVATE	READWRITE
28	u32	0x00000289ffade498	0	1	0x00000000	0x00000001		PRIVATE	READWRITE
28	u32	0x00000289ffade4a8	0	1	0x00000000	0x00000001		PRIVATE	READWRITE
28	u32	0x00000289ffade4b4	1	0	0x00000001	0x00000000		PRIVATE	READWRITE
28	u32	0x00000289ffade4d0	0	1	0x00000000	0x00000001		PRIVATE	READWRITE
28	u32	0x00000289ffade528	0	1	0x00000000	0x00000001		PRIVATE	READWRITE
28	u32	0x00000289ffade590	0	1	0x00000000	0x00000001		PRIVATE	READWRITE
28	u32	0x00000289ffade5c8	0	3	0x00000000	0x00000003		PRIVATE	READWRITE
28	u32	0x00000289ffade5f0	0	2	0x00000000	0x00000002		PRIVATE	READWRITE
28	u32	0x00000289ffade658	0	2	0x00000000	0x00000002		PRIVATE	READWRITE
28	u32	0x00000289ffade6c0	0	2	0x00000000	0x00000002		PRIVATE	READWRITE
28	u32	0x00000289ffade728	0	1	0x00000000	0x00000001		PRIVATE	READWRITE
28	u32	0x00000289ffade788	0	1	0x00000000	0x00000001		PRIVATE	READWRITE
28	u32	0x00000289ffade790	0	10	0x00000000	0x0000000a		PRIVATE	READWRITE
28	u32	0x00000289ffade7c0	0	1	0x00000000	0x00000001		PRIVATE	READWRITE
28	u32	0x00000289ffade7e8	0	2	0x00000000	0x00000002		PRIVATE	READWRITE
28	u32	0x00000289ffade848	0	1	0x00000000	0x00000001		PRIVATE	READWRITE
28	u32	0x00000289ffade864	1	0	0x00000001	0x00000000		PRIVATE	READWRITE
28	u32	0x00000289ffade880	0	2	0x00000000	0x00000002		PRIVATE	READWRITE
28	u32	0x00000289ffade8a8	0	2	0x00000000	0x00000002		PRIVATE	READWRITE
28	u32	0x00000289ffade900	0	2	0x00000000	0x00000002		PRIVATE	READWRITE
28	u32	0x00000289ffade958	0	1	0x00000000	0x00000001		PRIVATE	READWRITE
28	u32	0x00000289ffade9b8	0	1	0x00000000	0x00000001		PRIVATE	READWRITE
28	u32	0x00000289ffadea10	0	1	0x00000000	0x00000001		PRIVATE	READWRITE
28	u32	0x00000289ffadea68	0	1	0x00000000	0x00000001		PRIVATE	READWRITE
28	u32	0x00000289ffadeac0	0	1	0x00000000	0x00000001		PRIVATE	READWRITE
28	u32	0x00000289ffadeb18	0	1	0x00000000	0x00000001		PRIVATE	READWRITE
28	u32	0x00000289ffadeb58	0	1	0x00000000	0x00000001		PRIVATE	READWRITE
28	u32	0x00000289ffadebb8	0	1	0x00000000	0x00000001		PRIVATE	READWRITE
28	u32	0x00000289ffadec14	1	0	0x00000001	0x00000000		PRIVATE	READWRITE
28	u32	0x00000289ffadec78	0	1	0x00000000	0x00000001		PRIVATE	READWRITE
28	u32	0x00000289ffadecd8	0	1	0x00000000	0x00000001		PRIVATE	READWRITE
28	u32	0x00000289ffaded38	0	1	0x00000000	0x00000001		PRIVATE	READWRITE
28	u32	0x00000289ffaded70	0	2	0x00000000	0x00000002		PRIVATE	READWRITE
28	u32	0x00000289ffaded98	0	2	0x00000000	0x00000002		PRIVATE	READWRITE
28	u32	0x00000289ffadedf0	0	2	0x00000000	0x00000002		PRIVATE	READWRITE
28	u32	0x00000289ffadee88	0	1	0x00000000	0x00000001		PRIVATE	READWRITE
28	u32	0x00000289ffadeec0	0	2	0x00000000	0x00000002		PRIVATE	READWRITE
28	u32	0x00000289ffadeee8	0	2	0x00000000	0x00000002		PRIVATE	READWRITE
28	u32	0x00000289ffadef40	0	2	0x00000000	0x00000002		PRIVATE	READWRITE
28	u32	0x00000289ffadef98	0	1	0x00000000	0x00000001		PRIVATE	READWRITE
28	u32	0x00000289ffadeff8	1	2	0x00000001	0x00000002		PRIVATE	READWRITE
28	u32	0x00000289ffadf168	0	1	0x00000000	0x00000001		PRIVATE	READWRITE
28	u32	0x00000289ffadf1e8	0	1	0x00000000	0x00000001		PRIVATE	READWRITE
28	u32	0x00000289ffadf2a8	0	1	0x00000000	0x00000001		PRIVATE	READWRITE
28	u32	0x00000289ffadf308	0	1	0x00000000	0x00000001		PRIVATE	READWRITE
28	u32	0x00000289ffadf340	0	1	0x00000000	0x00000001		PRIVATE	READWRITE
28	u32	0x00000289ffadf428	0	1	0x00000000	0x00000001		PRIVATE	READWRITE
28	u32	0x00000289ffadf550	0	1	0x00000000	0x00000001		PRIVATE	READWRITE
28	u32	0x00000289ffadf588	0	3	0x00000000	0x00000003		PRIVATE	READWRITE
28	u32	0x00000289ffadf5b0	0	2	0x00000000	0x00000002		PRIVATE	READWRITE
28	u32	0x00000289ffadf610	0	2	0x00000000	0x00000002		PRIVATE	READWRITE
28	u32	0x00000289ffadf668	0	2	0x00000000	0x00000002		PRIVATE	READWRITE
28	u32	0x00000289ffadf728	0	1	0x00000000	0x00000001		PRIVATE	READWRITE
28	u32	0x00000289ffadf7e0	0	1	0x00000000	0x00000001		PRIVATE	READWRITE
28	u32	0x00000289ffadf8f0	0	1	0x00000000	0x00000001		PRIVATE	READWRITE
28	u32	0x00000289ffadf948	0	1	0x00000000	0x00000001		PRIVATE	READWRITE
28	u32	0x00000289ffadf9b0	0	1	0x00000000	0x00000001		PRIVATE	READWRITE
28	u32	0x00000289ffadfa98	0	1	0x00000000	0x00000001		PRIVATE	READWRITE
28	u32	0x00000289ffadfbb8	0	2	0x00000000	0x00000002		PRIVATE	READWRITE
28	u32	0x00000289ffadfc68	0	2	0x00000000	0x00000002		PRIVATE	READWRITE
28	u32	0x00000289ffadfcc0	0	1	0x00000000	0x00000001		PRIVATE	READWRITE
28	u32	0x00000289ffadfdc8	0	5	0x00000000	0x00000005		PRIVATE	READWRITE
28	u32	0x00000289ffadfdf0	0	2	0x00000000	0x00000002		PRIVATE	READWRITE
28	u32	0x00000289ffadfe70	0	2	0x00000000	0x00000002		PRIVATE	READWRITE
28	u32	0x00000289ffadff00	0	2	0x00000000	0x00000002		PRIVATE	READWRITE
28	u32	0x00000289ffae0030	0	2	0x00000000	0x00000002		PRIVATE	READWRITE
28	u32	0x00000289ffbc07b8	0	1	0x00000000	0x00000001		PRIVATE	READWRITE
28	u32	0x00000289ffbc08a0	1	0	0x00000001	0x00000000		PRIVATE	READWRITE
28	u32	0x00000289ffbc08e8	0	1	0x00000000	0x00000001		PRIVATE	READWRITE
28	u32	0x00000289ffbc08ec	0	1	0x00000000	0x00000001		PRIVATE	READWRITE
28	u32	0x00000289ffbc0968	0	1	0x00000000	0x00000001		PRIVATE	READWRITE
28	u32	0x00000289ffbc0b4c	0	2	0x00000000	0x00000002		PRIVATE	READWRITE
28	u32	0x00000289ffbd59d4	1	0	0x00000001	0x00000000		PRIVATE	READWRITE
28	u32	0x00000289ffbd59f8	0	3	0x00000000	0x00000003		PRIVATE	READWRITE
28	u32	0x00000289ffbd5d10	0	2	0x00000000	0x00000002		PRIVATE	READWRITE
28	u32	0x00000289ffbd5d84	1	0	0x00000001	0x00000000		PRIVATE	READWRITE
28	u32	0x00000289ffbd5dd0	0	10	0x00000000	0x0000000a		PRIVATE	READWRITE
28	u32	0x00000289ffbd5f68	0	5	0x00000000	0x00000005		PRIVATE	READWRITE
28	u32	0x00000289ffbd5fc8	0	1	0x00000000	0x00000001		PRIVATE	READWRITE
28	u32	0x00000289ffbd6134	1	0	0x00000001	0x00000000		PRIVATE	READWRITE
28	u32	0x00000289ffbd6280	0	4	0x00000000	0x00000004		PRIVATE	READWRITE
28	u32	0x00000289ffbd64e4	1	0	0x00000001	0x00000000		PRIVATE	READWRITE
28	u32	0x00000289ffbd65d8	0	1	0x00000000	0x00000001		PRIVATE	READWRITE
28	u32	0x00000289ffbd66a8	0	1	0x00000000	0x00000001		PRIVATE	READWRITE
28	u32	0x00000289ffbd66f0	0	2	0x00000000	0x00000002		PRIVATE	READWRITE
28	u32	0x00000289ffbd6778	0	1	0x00000000	0x00000001		PRIVATE	READWRITE
28	u32	0x00000289ffbd67c0	0	2	0x00000000	0x00000002		PRIVATE	READWRITE
28	u32	0x00000289ffbd6848	0	1	0x00000000	0x00000001		PRIVATE	READWRITE
28	u32	0x00000289ffbd6894	1	0	0x00000001	0x00000000		PRIVATE	READWRITE
28	u32	0x00000289ffbd68d0	0	4	0x00000000	0x00000004		PRIVATE	READWRITE
28	u32	0x00000289ffbd6918	0	1	0x00000000	0x00000001		PRIVATE	READWRITE
28	u32	0x00000289ffbd6948	0	3	0x00000000	0x00000003		PRIVATE	READWRITE
28	u32	0x00000289ffbd6960	0	2	0x00000000	0x00000002		PRIVATE	READWRITE
28	u32	0x00000289ffbd69e8	0	1	0x00000000	0x00000001		PRIVATE	READWRITE
28	u32	0x00000289ffbd6a18	0	3	0x00000000	0x00000003		PRIVATE	READWRITE
28	u32	0x00000289ffbd6a30	0	2	0x00000000	0x00000002		PRIVATE	READWRITE
28	u32	0x00000289ffbd6ab8	0	1	0x00000000	0x00000001		PRIVATE	READWRITE
28	u32	0x00000289ffbd6ae8	0	3	0x00000000	0x00000003		PRIVATE	READWRITE
28	u32	0x00000289ffbd6b00	0	2	0x00000000	0x00000002		PRIVATE	READWRITE
28	u32	0x00000289ffbd6b88	0	1	0x00000000	0x00000001		PRIVATE	READWRITE
28	u32	0x00000289ffbd6bd0	0	2	0x00000000	0x00000002		PRIVATE	READWRITE
28	u32	0x00000289ffbd6bf8	0	5	0x00000000	0x00000005		PRIVATE	READWRITE
28	u32	0x00000289ffbd6c10	0	4	0x00000000	0x00000004		PRIVATE	READWRITE
28	u32	0x00000289ffbd6c58	0	1	0x00000000	0x00000001		PRIVATE	READWRITE
28	u32	0x00000289ffbd6c88	0	3	0x00000000	0x00000003		PRIVATE	READWRITE
28	u32	0x00000289ffbd6ca0	0	2	0x00000000	0x00000002		PRIVATE	READWRITE
28	u32	0x00000289ffbd6ce0	0	10	0x00000000	0x0000000a		PRIVATE	READWRITE
28	u32	0x00000289ffbd6ce8	0	1	0x00000000	0x00000001		PRIVATE	READWRITE
28	u32	0x00000289ffbd6d20	0	5	0x00000000	0x00000005		PRIVATE	READWRITE
28	u32	0x00000289ffbd6d28	0	1	0x00000000	0x00000001		PRIVATE	READWRITE
28	u32	0x00000289ffbd6dc0	0	1	0x00000000	0x00000001		PRIVATE	READWRITE
28	u32	0x00000289ffbd6de0	0	2	0x00000000	0x00000002		PRIVATE	READWRITE
28	u32	0x00000289ffbd6e20	0	10	0x00000000	0x0000000a		PRIVATE	READWRITE
28	u32	0x00000289ffbd6e28	0	1	0x00000000	0x00000001		PRIVATE	READWRITE
28	u32	0x00000289ffbd6e70	0	1	0x00000000	0x00000001		PRIVATE	READWRITE
28	u32	0x00000289ffbd6e78	0	1	0x00000000	0x00000001		PRIVATE	READWRITE
28	u32	0x00000289ffbd6e80	0	10	0x00000000	0x0000000a		PRIVATE	READWRITE
28	u32	0x00000289ffbd6e88	0	1	0x00000000	0x00000001		PRIVATE	READWRITE
28	u32	0x00000289ffbd6ec0	0	1	0x00000000	0x00000001		PRIVATE	READWRITE
28	u32	0x00000289ffbd6ed0	0	1	0x00000000	0x00000001		PRIVATE	READWRITE
28	u32	0x00000289ffbd6ed8	0	1	0x00000000	0x00000001		PRIVATE	READWRITE
28	u32	0x00000289ffbd6ee0	0	10	0x00000000	0x0000000a		PRIVATE	READWRITE
28	u32	0x00000289ffbd6ee8	0	1	0x00000000	0x00000001		PRIVATE	READWRITE
28	u32	0x00000289ffbd6f30	0	4	0x00000000	0x00000004		PRIVATE	READWRITE
28	u32	0x00000289ffbd6f38	0	4	0x00000000	0x00000004		PRIVATE	READWRITE
28	u32	0x00000289ffbd6f40	0	10	0x00000000	0x0000000a		PRIVATE	READWRITE
28	u32	0x00000289ffbd6f48	0	1	0x00000000	0x00000001		PRIVATE	READWRITE
28	u32	0x00000289ffbd6ff4	1	0	0x00000001	0x00000000		PRIVATE	READWRITE
28	u32	0x00000289ffbd7030	0	10	0x00000000	0x0000000a		PRIVATE	READWRITE
28	u32	0x00000289ffbd7038	0	1	0x00000000	0x00000001		PRIVATE	READWRITE
28	u32	0x00000289ffbd70c0	0	1	0x00000000	0x00000001		PRIVATE	READWRITE
28	u32	0x00000289ffbd70c8	0	1	0x00000000	0x00000001		PRIVATE	READWRITE
28	u32	0x00000289ffbd70d0	0	10	0x00000000	0x0000000a		PRIVATE	READWRITE
28	u32	0x00000289ffbd70d8	0	1	0x00000000	0x00000001		PRIVATE	READWRITE
28	u32	0x00000289ffbd7110	0	1	0x00000000	0x00000001		PRIVATE	READWRITE
28	u32	0x00000289ffbd7150	0	10	0x00000000	0x0000000a		PRIVATE	READWRITE
28	u32	0x00000289ffbd7158	0	1	0x00000000	0x00000001		PRIVATE	READWRITE
28	u32	0x00000289ffbd71a0	0	3	0x00000000	0x00000003		PRIVATE	READWRITE
28	u32	0x00000289ffbd71a8	0	3	0x00000000	0x00000003		PRIVATE	READWRITE
28	u32	0x00000289ffbd7280	0	5	0x00000000	0x00000005		PRIVATE	READWRITE
28	u32	0x00000289ffbd7288	0	1	0x00000000	0x00000001		PRIVATE	READWRITE
28	u32	0x00000289ffbd72c0	0	4	0x00000000	0x00000004		PRIVATE	READWRITE
28	u32	0x00000289ffbd72c8	0	4	0x00000000	0x00000004		PRIVATE	READWRITE
28	u32	0x00000289ffbd72d0	0	10	0x00000000	0x0000000a		PRIVATE	READWRITE
28	u32	0x00000289ffbd72d8	0	1	0x00000000	0x00000001		PRIVATE	READWRITE
28	u32	0x00000289ffbd7350	0	10	0x00000000	0x0000000a		PRIVATE	READWRITE
28	u32	0x00000289ffbd7358	0	1	0x00000000	0x00000001		PRIVATE	READWRITE
28	u32	0x00000289ffbdc060	0	5	0x00000000	0x00000005		PRIVATE	READWRITE
28	u32	0x00000289ffbdc088	0	1	0x00000000	0x00000001		PRIVATE	READWRITE
28	u32	0x00000289ffbdc130	0	1	0x00000000	0x00000001		PRIVATE	READWRITE
28	u32	0x00000289ffbdc140	0	1	0x00000000	0x00000001		PRIVATE	READWRITE
28	u32	0x00000289ffbdc148	0	1	0x00000000	0x00000001		PRIVATE	READWRITE
28	u32	0x00000289ffbdc150	0	10	0x00000000	0x0000000a		PRIVATE	READWRITE
28	u32	0x00000289ffbdc158	0	1	0x00000000	0x00000001		PRIVATE	READWRITE
28	u32	0x00000289ffbdc398	0	1	0x00000000	0x00000001		PRIVATE	READWRITE
28	u32	0x00000289ffbdc3c8	0	3	0x00000000	0x00000003		PRIVATE	READWRITE
28	u32	0x00000289ffbdc3e0	0	2	0x00000000	0x00000002		PRIVATE	READWRITE
28	u32	0x00000289ffbdc468	0	1	0x00000000	0x00000001		PRIVATE	READWRITE
28	u32	0x00000289ffbdc538	0	1	0x00000000	0x00000001		PRIVATE	READWRITE
28	u32	0x00000289ffbdc640	1	0	0x00000001	0x00000000		PRIVATE	READWRITE
28	u32	0x00000289ffbdc690	1	0	0x00000001	0x00000000		PRIVATE	READWRITE
28	u32	0x00000289ffbdc720	0	2	0x00000000	0x00000002		PRIVATE	READWRITE
28	u32	0x00000289ffbdc7a8	0	1	0x00000000	0x00000001		PRIVATE	READWRITE
28	u32	0x00000289ffbdc7f0	0	2	0x00000000	0x00000002		PRIVATE	READWRITE
28	u32	0x00000289ffbdc878	0	1	0x00000000	0x00000001		PRIVATE	READWRITE
28	u32	0x00000289ffbdc8a8	0	3	0x00000000	0x00000003		PRIVATE	READWRITE
28	u32	0x00000289ffbdc8c0	0	2	0x00000000	0x00000002		PRIVATE	READWRITE
28	u32	0x00000289ffbdc948	0	1	0x00000000	0x00000001		PRIVATE	READWRITE
28	u32	0x00000289ffbdc978	0	3	0x00000000	0x00000003		PRIVATE	READWRITE
28	u32	0x00000289ffbdc9c0	0	3	0x00000000	0x00000003		PRIVATE	READWRITE
28	u32	0x00000289ffbdc9c8	0	3	0x00000000	0x00000003		PRIVATE	READWRITE
28	u32	0x00000289ffbdca20	1	0	0x00000001	0x00000000		PRIVATE	READWRITE
28	u32	0x00000289ffbe11f8	0	3	0x00000000	0x00000003		PRIVATE	READWRITE
28	u32	0x00000289ffbe1298	0	1	0x00000000	0x00000001		PRIVATE	READWRITE
28	u32	0x00000289ffbe1390	0	10	0x00000000	0x0000000a		PRIVATE	READWRITE
28	u32	0x00000289ffbe1700	0	5	0x00000000	0x00000005		PRIVATE	READWRITE
28	u32	0x00000289ffbe1810	0	1	0x00000000	0x00000001		PRIVATE	READWRITE
28	u32	0x00000289ffcebcb4	0	1	0x00000000	0x00000001		PRIVATE	READWRITE
28	u32	0x00000289ffcec388	0	4	0x00000000	0x00000004		PRIVATE	READWRITE
28	u32	0x00000289ffcec3b0	0	4	0x00000000	0x00000004		PRIVATE	READWRITE
28	u32	0x00000289ffced6d8	0	3	0x00000000	0x00000003		PRIVATE	READWRITE
28	u32	0x00000289ffced818	1	0	0x00000001	0x00000000		PRIVATE	READWRITE
28	u32	0x00000289ffced8a8	1	0	0x00000001	0x00000000		PRIVATE	READWRITE
28	u32	0x00000289ffced8d8	1	0	0x00000001	0x00000000		PRIVATE	READWRITE
28	u32	0x00000289ffced9f0	0	2	0x00000000	0x00000002		PRIVATE	READWRITE
28	u32	0x00000289ffcedc48	0	5	0x00000000	0x00000005		PRIVATE	READWRITE
28	u32	0x00000289ffcedca8	0	1	0x00000000	0x00000001		PRIVATE	READWRITE
28	u32	0x00000289ffcede54	1	0	0x00000001	0x00000000		PRIVATE	READWRITE
28	u32	0x00000289ffcedf60	0	4	0x00000000	0x00000004		PRIVATE	READWRITE
28	u32	0x00000289ffcee2b8	0	1	0x00000000	0x00000001		PRIVATE	READWRITE
28	u32	0x00000289ffcee388	0	1	0x00000000	0x00000001		PRIVATE	READWRITE
28	u32	0x00000289ffcee3d0	0	2	0x00000000	0x00000002		PRIVATE	READWRITE
28	u32	0x00000289ffcee458	0	1	0x00000000	0x00000001		PRIVATE	READWRITE
28	u32	0x00000289ffcee4a0	0	2	0x00000000	0x00000002		PRIVATE	READWRITE
28	u32	0x00000289ffcee528	0	1	0x00000000	0x00000001		PRIVATE	READWRITE
28	u32	0x00000289ffcee570	0	2	0x00000000	0x00000002		PRIVATE	READWRITE
28	u32	0x00000289ffcee5b0	0	4	0x00000000	0x00000004		PRIVATE	READWRITE
28	u32	0x00000289ffcee5f8	0	1	0x00000000	0x00000001		PRIVATE	READWRITE
28	u32	0x00000289ffcee628	0	3	0x00000000	0x00000003		PRIVATE	READWRITE
28	u32	0x00000289ffcee640	0	2	0x00000000	0x00000002		PRIVATE	READWRITE
28	u32	0x00000289ffcee6c8	0	1	0x00000000	0x00000001		PRIVATE	READWRITE
28	u32	0x00000289ffcee6f8	0	3	0x00000000	0x00000003		PRIVATE	READWRITE
28	u32	0x00000289ffcee710	0	2	0x00000000	0x00000002		PRIVATE	READWRITE
28	u32	0x00000289ffcee798	0	1	0x00000000	0x00000001		PRIVATE	READWRITE
28	u32	0x00000289ffcee7c8	0	3	0x00000000	0x00000003		PRIVATE	READWRITE
28	u32	0x00000289ffcee7e0	0	2	0x00000000	0x00000002		PRIVATE	READWRITE
28	u32	0x00000289ffcee868	0	1	0x00000000	0x00000001		PRIVATE	READWRITE
28	u32	0x00000289ffcee8b0	0	2	0x00000000	0x00000002		PRIVATE	READWRITE
28	u32	0x00000289ffcee8d8	0	5	0x00000000	0x00000005		PRIVATE	READWRITE
28	u32	0x00000289ffcee8f0	0	4	0x00000000	0x00000004		PRIVATE	READWRITE
28	u32	0x00000289ffcee938	0	1	0x00000000	0x00000001		PRIVATE	READWRITE
28	u32	0x00000289ffcee968	0	3	0x00000000	0x00000003		PRIVATE	READWRITE
28	u32	0x00000289ffcee980	0	2	0x00000000	0x00000002		PRIVATE	READWRITE
28	u32	0x00000289ffcee9c0	0	10	0x00000000	0x0000000a		PRIVATE	READWRITE
28	u32	0x00000289ffcee9c8	0	1	0x00000000	0x00000001		PRIVATE	READWRITE
28	u32	0x00000289ffceea00	0	5	0x00000000	0x00000005		PRIVATE	READWRITE
28	u32	0x00000289ffceea08	0	1	0x00000000	0x00000001		PRIVATE	READWRITE
28	u32	0x00000289ffceeaa0	0	5	0x00000000	0x00000005		PRIVATE	READWRITE
28	u32	0x00000289ffceeab0	0	4	0x00000000	0x00000004		PRIVATE	READWRITE
28	u32	0x00000289ffceeab8	0	4	0x00000000	0x00000004		PRIVATE	READWRITE
28	u32	0x00000289ffceeac0	0	10	0x00000000	0x0000000a		PRIVATE	READWRITE
28	u32	0x00000289ffceeac8	0	1	0x00000000	0x00000001		PRIVATE	READWRITE
28	u32	0x00000289ffceeb00	0	1	0x00000000	0x00000001		PRIVATE	READWRITE
28	u32	0x00000289ffceeb10	0	1	0x00000000	0x00000001		PRIVATE	READWRITE
28	u32	0x00000289ffceeb18	0	1	0x00000000	0x00000001		PRIVATE	READWRITE
28	u32	0x00000289ffceeb20	0	10	0x00000000	0x0000000a		PRIVATE	READWRITE
28	u32	0x00000289ffceeb28	0	1	0x00000000	0x00000001		PRIVATE	READWRITE
28	u32	0x00000289ffceeb80	0	1	0x00000000	0x00000001		PRIVATE	READWRITE
28	u32	0x00000289ffceeb90	0	1	0x00000000	0x00000001		PRIVATE	READWRITE
28	u32	0x00000289ffceeb98	0	1	0x00000000	0x00000001		PRIVATE	READWRITE
28	u32	0x00000289ffceeba0	0	10	0x00000000	0x0000000a		PRIVATE	READWRITE
28	u32	0x00000289ffceeba8	0	1	0x00000000	0x00000001		PRIVATE	READWRITE
28	u32	0x00000289ffceed70	0	5	0x00000000	0x00000005		PRIVATE	READWRITE
28	u32	0x00000289ffceed78	0	1	0x00000000	0x00000001		PRIVATE	READWRITE
28	u32	0x00000289ffceee08	0	1	0x00000000	0x00000001		PRIVATE	READWRITE
28	u32	0x00000289ffceee50	0	2	0x00000000	0x00000002		PRIVATE	READWRITE
28	u32	0x00000289ffceeed8	0	1	0x00000000	0x00000001		PRIVATE	READWRITE
28	u32	0x00000289ffceef20	0	2	0x00000000	0x00000002		PRIVATE	READWRITE
28	u32	0x00000289ffceef30	1	0	0x00000001	0x00000000		PRIVATE	READWRITE
28	u32	0x00000289ffceef40	0	5	0x00000000	0x00000005		PRIVATE	READWRITE
28	u32	0x00000289ffceef48	0	1	0x00000000	0x00000001		PRIVATE	READWRITE
28	u32	0x00000289ffcfb6d4	0	1	0x00000000	0x00000001		PRIVATE	READWRITE
28	u32	0x00000289ffd02360	0	1	0x00000000	0x00000001		PRIVATE	READWRITE
28	u32	0x00000289ffd6b5f8	0	1	0x00000000	0x00000001		PRIVATE	READWRITE
28	u32	0x00000289ffd6b608	0	2	0x00000000	0x00000002		PRIVATE	READWRITE
28	u32	0x00000289ffd6b618	0	5	0x00000000	0x00000005		PRIVATE	READWRITE
28	u32	0x00000289ffda1eb0	0	2	0x00000000	0x00000002		PRIVATE	READWRITE
28	u32	0x00000289ffda1ed8	0	4	0x00000000	0x00000004		PRIVATE	READWRITE
28	u32	0x00000289ffda1f00	0	4	0x00000000	0x00000004		PRIVATE	READWRITE
28	u32	0x00000289ffda1f68	0	4	0x00000000	0x00000004		PRIVATE	READWRITE
28	u32	0x00000289ffda2010	1	2	0x00000001	0x00000002		PRIVATE	READWRITE
28	u32	0x00000289fff67128	0	5	0x00000000	0x00000005		PRIVATE	READWRITE
28	u32	0x00000289fff67130	0	1	0x00000000	0x00000001		PRIVATE	READWRITE
28	u32	0x00000289fff699c8	0	5	0x00000000	0x00000005		PRIVATE	READWRITE
28	u32	0x00000289fff699d0	0	1	0x00000000	0x00000001		PRIVATE	READWRITE
28	u32	0x00000289fff6c3a8	0	5	0x00000000	0x00000005		PRIVATE	READWRITE
28	u32	0x00000289fff6c3b0	0	1	0x00000000	0x00000001		PRIVATE	READWRITE
28	u32	0x00000289fff6d028	0	5	0x00000000	0x00000005		PRIVATE	READWRITE
28	u32	0x00000289fff6d030	0	1	0x00000000	0x00000001		PRIVATE	READWRITE
28	u32	0x00000289fff6d488	0	5	0x00000000	0x00000005		PRIVATE	READWRITE
28	u32	0x00000289fff6d490	0	1	0x00000000	0x00000001		PRIVATE	READWRITE
28	u32	0x00000289fff6e248	0	5	0x00000000	0x00000005		PRIVATE	READWRITE
28	u32	0x00000289fff6e250	0	1	0x00000000	0x00000001		PRIVATE	READWRITE
28	u32	0x00000289fff6eba8	0	5	0x00000000	0x00000005		PRIVATE	READWRITE
28	u32	0x00000289fff6ebb0	0	1	0x00000000	0x00000001		PRIVATE	READWRITE
28	u32	0x00000289fff70228	0	5	0x00000000	0x00000005		PRIVATE	READWRITE
28	u32	0x00000289fff70230	0	1	0x00000000	0x00000001		PRIVATE	READWRITE
28	u32	0x00000289fff70908	0	5	0x00000000	0x00000005		PRIVATE	READWRITE
28	u32	0x00000289fff70910	0	1	0x00000000	0x00000001		PRIVATE	READWRITE
28	u32	0x00000289fff72848	0	5	0x00000000	0x00000005		PRIVATE	READWRITE
28	u32	0x00000289fff72850	0	1	0x00000000	0x00000001		PRIVATE	READWRITE
28	u32	0x00000289fff757c8	0	5	0x00000000	0x00000005		PRIVATE	READWRITE
28	u32	0x00000289fff757d0	0	1	0x00000000	0x00000001		PRIVATE	READWRITE
28	u32	0x00000289fff77528	0	5	0x00000000	0x00000005		PRIVATE	READWRITE
28	u32	0x00000289fff77530	0	1	0x00000000	0x00000001		PRIVATE	READWRITE
28	u32	0x00000289fff79fa8	0	4	0x00000000	0x00000004		PRIVATE	READWRITE
28	u32	0x00000289fff79fb0	0	5	0x00000000	0x00000005		PRIVATE	READWRITE
28	u32	0x00000289fff7a278	0	4	0x00000000	0x00000004		PRIVATE	READWRITE
28	u32	0x00000289fff7a2a0	0	4	0x00000000	0x00000004		PRIVATE	READWRITE
28	u32	0x00000289fff7a460	0	1	0x00000000	0x00000001		PRIVATE	READWRITE
28	u32	0x00000289fff7a464	0	1	0x00000000	0x00000001		PRIVATE	READWRITE
28	u32	0x00000289fff7a46c	0	1	0x00000000	0x00000001		PRIVATE	READWRITE
28	u32	0x00000289fff7a470	0	1	0x00000000	0x00000001		PRIVATE	READWRITE
28	u32	0x00000289fff7a478	0	1	0x00000000	0x00000001		PRIVATE	READWRITE
28	u32	0x00000289fff7a47c	0	1	0x00000000	0x00000001		PRIVATE	READWRITE
28	u32	0x00000289fff7a484	0	1	0x00000000	0x00000001		PRIVATE	READWRITE
28	u32	0x00000289fff7a488	0	1	0x00000000	0x00000001		PRIVATE	READWRITE
28	u32	0x00000289fff7a550	0	1	0x00000000	0x00000001		PRIVATE	READWRITE
28	u32	0x00000289fff7a5c8	0	1	0x00000000	0x00000001		PRIVATE	READWRITE
28	u32	0x00000289fff7a5d0	0	1	0x00000000	0x00000001		PRIVATE	READWRITE
28	u32	0x00000289fff7a5f0	0	3	0x00000000	0x00000003		PRIVATE	READWRITE
28	u32	0x00000289fff7a600	0	3	0x00000000	0x00000003		PRIVATE	READWRITE
28	u32	0x00000289fff7a618	0	3	0x00000000	0x00000003		PRIVATE	READWRITE
28	u32	0x00000289fff7a630	0	3	0x00000000	0x00000003		PRIVATE	READWRITE
28	u32	0x00000289fff7a650	0	1	0x00000000	0x00000001		PRIVATE	READWRITE
28	u32	0x00000289fffc1808	1	3	0x00000001	0x00000003		PRIVATE	READWRITE
28	u32	0x00000289fffda308	1	3	0x00000001	0x00000003		PRIVATE	READWRITE
28	u32	0x00000289fffda7b8	0	1	0x00000000	0x00000001		PRIVATE	READWRITE
28	u32	0x00000289fffda828	0	1	0x00000000	0x00000001		PRIVATE	READWRITE
28	u32	0x00000289fffda838	0	2	0x00000000	0x00000002		PRIVATE	READWRITE
28	u32	0x00000289fffda898	0	1	0x00000000	0x00000001		PRIVATE	READWRITE
28	u32	0x00000289fffda8a8	0	2	0x00000000	0x00000002		PRIVATE	READWRITE
28	u32	0x00000289fffda900	0	1	0x00000000	0x00000001		PRIVATE	READWRITE
28	u32	0x00000289fffda908	0	1	0x00000000	0x00000001		PRIVATE	READWRITE
28	u32	0x00000289fffda918	0	2	0x00000000	0x00000002		PRIVATE	READWRITE
28	u32	0x00000289fffda970	0	1	0x00000000	0x00000001		PRIVATE	READWRITE
28	u32	0x00000289fffda978	0	1	0x00000000	0x00000001		PRIVATE	READWRITE
28	u32	0x00000289fffda988	0	2	0x00000000	0x00000002		PRIVATE	READWRITE
28	u32	0x00000289fffda9e0	0	2	0x00000000	0x00000002		PRIVATE	READWRITE
28	u32	0x00000289fffda9e8	0	1	0x00000000	0x00000001		PRIVATE	READWRITE
28	u32	0x00000289fffda9f8	0	2	0x00000000	0x00000002		PRIVATE	READWRITE
28	u32	0x00000289fffdaa08	0	2	0x00000000	0x00000002		PRIVATE	READWRITE
28	u32	0x00000289fffdaa50	0	2	0x00000000	0x00000002		PRIVATE	READWRITE
28	u32	0x00000289fffdaa58	0	1	0x00000000	0x00000001		PRIVATE	READWRITE
28	u32	0x00000289fffdaa68	0	2	0x00000000	0x00000002		PRIVATE	READWRITE
28	u32	0x00000289fffdaa78	0	2	0x00000000	0x00000002		PRIVATE	READWRITE
28	u32	0x00000289fffdaac0	0	3	0x00000000	0x00000003		PRIVATE	READWRITE
28	u32	0x00000289fffdaac8	0	1	0x00000000	0x00000001		PRIVATE	READWRITE
28	u32	0x00000289fffdaad8	0	2	0x00000000	0x00000002		PRIVATE	READWRITE
28	u32	0x00000289fffdab30	0	3	0x00000000	0x00000003		PRIVATE	READWRITE
28	u32	0x00000289fffdab38	0	1	0x00000000	0x00000001		PRIVATE	READWRITE
28	u32	0x00000289fffdab48	0	2	0x00000000	0x00000002		PRIVATE	READWRITE
28	u32	0x00000289fffdaba0	0	4	0x00000000	0x00000004		PRIVATE	READWRITE
28	u32	0x00000289fffdaba8	0	1	0x00000000	0x00000001		PRIVATE	READWRITE
28	u32	0x00000289fffdabb8	0	2	0x00000000	0x00000002		PRIVATE	READWRITE
28	u32	0x00000289fffdabc8	0	2	0x00000000	0x00000002		PRIVATE	READWRITE
28	u32	0x00000289fffdac10	0	4	0x00000000	0x00000004		PRIVATE	READWRITE
28	u32	0x00000289fffdac18	0	1	0x00000000	0x00000001		PRIVATE	READWRITE
28	u32	0x00000289fffdac28	0	2	0x00000000	0x00000002		PRIVATE	READWRITE
28	u32	0x00000289fffdac38	0	2	0x00000000	0x00000002		PRIVATE	READWRITE
28	u32	0x00000289fffdac80	0	5	0x00000000	0x00000005		PRIVATE	READWRITE
28	u32	0x00000289fffdac88	0	1	0x00000000	0x00000001		PRIVATE	READWRITE
28	u32	0x00000289fffdac98	0	2	0x00000000	0x00000002		PRIVATE	READWRITE
28	u32	0x00000289fffdacf0	0	5	0x00000000	0x00000005		PRIVATE	READWRITE
28	u32	0x00000289fffdacf8	0	1	0x00000000	0x00000001		PRIVATE	READWRITE
28	u32	0x00000289fffdad08	0	2	0x00000000	0x00000002		PRIVATE	READWRITE
28	u32	0x00000289fffdad68	0	1	0x00000000	0x00000001		PRIVATE	READWRITE
28	u32	0x00000289fffdad78	0	2	0x00000000	0x00000002		PRIVATE	READWRITE
28	u32	0x00000289fffdad88	0	5	0x00000000	0x00000005		PRIVATE	READWRITE
28	u32	0x00000289fffdadd8	0	1	0x00000000	0x00000001		PRIVATE	READWRITE
28	u32	0x00000289fffdade8	0	2	0x00000000	0x00000002		PRIVATE	READWRITE
28	u32	0x00000289fffdadf8	0	5	0x00000000	0x00000005		PRIVATE	READWRITE
28	u32	0x00000289fffea9a4	1	0	0x00000001	0x00000000		PRIVATE	READWRITE
28	u32	0x00000289fffead54	1	0	0x00000001	0x00000000		PRIVATE	READWRITE
28	u32	0x00000289fffeb104	1	0	0x00000001	0x00000000		PRIVATE	READWRITE
28	u32	0x00000289fffeb4b4	1	0	0x00000001	0x00000000		PRIVATE	READWRITE
28	u32	0x00000289fffeb864	1	0	0x00000001	0x00000000		PRIVATE	READWRITE
28	u32	0x00000289fffebc14	1	0	0x00000001	0x00000000		PRIVATE	READWRITE
28	u32	0x00000289fffebfc4	1	0	0x00000001	0x00000000		PRIVATE	READWRITE
28	u32	0x00000289fffec374	1	0	0x00000001	0x00000000		PRIVATE	READWRITE
28	u32	0x00000289fffec724	1	0	0x00000001	0x00000000		PRIVATE	READWRITE
28	u32	0x00000289fffecad4	1	0	0x00000001	0x00000000		PRIVATE	READWRITE
28	u32	0x00000289fffece84	1	0	0x00000001	0x00000000		PRIVATE	READWRITE
28	u32	0x00000289fffed234	1	0	0x00000001	0x00000000		PRIVATE	READWRITE
28	u32	0x00000289fffed5e4	1	0	0x00000001	0x00000000		PRIVATE	READWRITE
28	u32	0x00000289fffed994	1	0	0x00000001	0x00000000		PRIVATE	READWRITE
28	u32	0x00000289fffedd44	1	0	0x00000001	0x00000000		PRIVATE	READWRITE
28	u32	0x00000289fffee0f4	1	0	0x00000001	0x00000000		PRIVATE	READWRITE
28	u32	0x00000289fffee4a4	1	0	0x00000001	0x00000000		PRIVATE	READWRITE
28	u32	0x00000289fffee854	1	0	0x00000001	0x00000000		PRIVATE	READWRITE
28	u32	0x00000289fffeec04	1	0	0x00000001	0x00000000		PRIVATE	READWRITE
28	u32	0x00000289fffeefb4	1	0	0x00000001	0x00000000		PRIVATE	READWRITE
28	u32	0x00000289fffef364	1	0	0x00000001	0x00000000		PRIVATE	READWRITE
28	u32	0x00000289fffef714	1	0	0x00000001	0x00000000		PRIVATE	READWRITE
28	u32	0x00000289fffefac4	1	0	0x00000001	0x00000000		PRIVATE	READWRITE
28	u32	0x00000289fffefe74	1	0	0x00000001	0x00000000		PRIVATE	READWRITE
28	u32	0x00000289ffff0224	1	0	0x00000001	0x00000000		PRIVATE	READWRITE
28	u32	0x00000289ffff05d4	1	0	0x00000001	0x00000000		PRIVATE	READWRITE
28	u32	0x00000289ffff0984	1	0	0x00000001	0x00000000		PRIVATE	READWRITE
28	u32	0x00000289ffff0d34	1	0	0x00000001	0x00000000		PRIVATE	READWRITE
28	u32	0x00000289ffff10e4	1	0	0x00000001	0x00000000		PRIVATE	READWRITE
28	u32	0x00000289ffff1494	1	0	0x00000001	0x00000000		PRIVATE	READWRITE
28	u32	0x00000289ffff1844	1	0	0x00000001	0x00000000		PRIVATE	READWRITE
28	u32	0x00000289ffff1c04	1	0	0x00000001	0x00000000		PRIVATE	READWRITE
28	u32	0x00000289ffff1fb4	1	0	0x00000001	0x00000000		PRIVATE	READWRITE
28	u32	0x00000289ffff2364	1	0	0x00000001	0x00000000		PRIVATE	READWRITE
28	u32	0x00000289ffff2714	1	0	0x00000001	0x00000000		PRIVATE	READWRITE
28	u32	0x00000289ffff2ac4	1	0	0x00000001	0x00000000		PRIVATE	READWRITE
28	u32	0x00000289ffff2e74	1	0	0x00000001	0x00000000		PRIVATE	READWRITE
28	u32	0x00000289ffff3224	1	0	0x00000001	0x00000000		PRIVATE	READWRITE
28	u32	0x00000289ffff35d4	1	0	0x00000001	0x00000000		PRIVATE	READWRITE
28	u32	0x00000289ffff3984	1	0	0x00000001	0x00000000		PRIVATE	READWRITE
28	u32	0x00000289ffff3d34	1	0	0x00000001	0x00000000		PRIVATE	READWRITE
28	u32	0x00000289ffff40e4	1	0	0x00000001	0x00000000		PRIVATE	READWRITE
28	u32	0x00000289ffff4494	1	0	0x00000001	0x00000000		PRIVATE	READWRITE
28	u32	0x00000289ffff4844	1	0	0x00000001	0x00000000		PRIVATE	READWRITE
28	u32	0x00000289ffff4bf4	1	0	0x00000001	0x00000000		PRIVATE	READWRITE
28	u32	0x00000289ffff4fa4	1	0	0x00000001	0x00000000		PRIVATE	READWRITE
28	u32	0x00000289ffff5354	1	0	0x00000001	0x00000000		PRIVATE	READWRITE
28	u32	0x00000289ffff5704	1	0	0x00000001	0x00000000		PRIVATE	READWRITE
28	u32	0x00000289ffff5ab4	1	0	0x00000001	0x00000000		PRIVATE	READWRITE
28	u32	0x00000289ffff5e64	1	0	0x00000001	0x00000000		PRIVATE	READWRITE
28	u32	0x00000289ffff6214	1	0	0x00000001	0x00000000		PRIVATE	READWRITE
28	u32	0x00000289ffff65c4	1	0	0x00000001	0x00000000		PRIVATE	READWRITE
28	u32	0x00000289ffff67d8	0	10	0x00000000	0x0000000a		PRIVATE	READWRITE
28	u32	0x00007ff415ea5a14	0	2	0x00000000	0x00000002		PRIVATE	READWRITE
28	u32	0x00007ff415ea5b18	0	2	0x00000000	0x00000002		PRIVATE	READWRITE
28	u32	0x00007ff415ea5dd0	0	1	0x00000000	0x00000001		PRIVATE	READWRITE
28	u32	0x00007ff415ea5dd4	0	1	0x00000000	0x00000001		PRIVATE	READWRITE
28	u32	0x00007ff415ea5f38	0	1	0x00000000	0x00000001		PRIVATE	READWRITE
28	u32	0x00007ff415ea5f94	0	2	0x00000000	0x00000002		PRIVATE	READWRITE
28	u32	0x00007ff415ea6358	0	2	0x00000000	0x00000002		PRIVATE	READWRITE
28	u32	0x00007ff415ea6674	0	2	0x00000000	0x00000002		PRIVATE	READWRITE
28	u32	0x00007ff415ea6778	0	2	0x00000000	0x00000002		PRIVATE	READWRITE
28	u32	0x00007ff415ea68d8	0	2	0x00000000	0x00000002		PRIVATE	READWRITE
28	u32	0x00007ff415ea6cf8	1	0	0x00000001	0x00000000		PRIVATE	READWRITE
28	u32	0x00007ff415ea6e58	0	1	0x00000000	0x00000001		PRIVATE	READWRITE
28	u32	0x00007ff415ea6eb4	0	2	0x00000000	0x00000002		PRIVATE	READWRITE
28	u32	0x00007ff415ec9710	1	0	0x00000001	0x00000000		PRIVATE	READWRITE
28	u32	0x00007ff415ec9714	1	0	0x00000001	0x00000000		PRIVATE	READWRITE
28	u32	0x00007ff415ec9718	0	2	0x00000000	0x00000002		PRIVATE	READWRITE
28	u32	0x00007ff415ed2a48	1	0	0x00000001	0x00000000		PRIVATE	READWRITE
28	u32	0x00007ff415ed2cf8	1	0	0x00000001	0x00000000		PRIVATE	READWRITE
28	u32	0x00007ff415ed2eb4	0	2	0x00000000	0x00000002		PRIVATE	READWRITE
28	u32	0x00007ff415ed3110	0	1	0x00000000	0x00000001		PRIVATE	READWRITE
28	u32	0x00007ff415ed3114	0	1	0x00000000	0x00000001		PRIVATE	READWRITE
28	u32	0x00007ff415ed3434	0	2	0x00000000	0x00000002		PRIVATE	READWRITE
28	u32	0x00007ff415ed3690	1	0	0x00000001	0x00000000		PRIVATE	READWRITE
28	u32	0x00007ff415ed3694	1	0	0x00000001	0x00000000		PRIVATE	READWRITE
28	u32	0x00007ff415ed3698	0	2	0x00000000	0x00000002		PRIVATE	READWRITE
28	u32	0x00007ff415ed3d70	0	1	0x00000000	0x00000001		PRIVATE	READWRITE
28	u32	0x00007ff415ed3d74	0	1	0x00000000	0x00000001		PRIVATE	READWRITE
28	u32	0x00007ff415ed83a8	1	0	0x00000001	0x00000000		PRIVATE	READWRITE
28	u32	0x00007ff415ed8658	1	0	0x00000001	0x00000000		PRIVATE	READWRITE
28	u32	0x00007ff415ed87b0	0	1	0x00000000	0x00000001		PRIVATE	READWRITE
28	u32	0x00007ff415ed87b4	0	1	0x00000000	0x00000001		PRIVATE	READWRITE
28	u32	0x00007ff415ed8918	1	0	0x00000001	0x00000000		PRIVATE	READWRITE
28	u32	0x00007ff416830d70	1	0	0x00000001	0x00000000		PRIVATE	READWRITE
28	u32	0x00007ff41c9a2d64	0	3	0x00000000	0x00000003		PRIVATE	READWRITE
28	u32	0x00007ff41c9a2e74	1	4	0x00000001	0x00000004		PRIVATE	READWRITE
28	u32	0x00007ff41c9a773c	0	1	0x00000000	0x00000001		PRIVATE	READWRITE
28	u32	0x00007ff41d599a30	0	2	0x00000000	0x00000002		PRIVATE	READWRITE
28	u32	0x00007ff41d599a80	0	1	0x00000000	0x00000001		PRIVATE	READWRITE
28	u32	0x00007ff779cb786c	0	2	0x00000000	0x00000002	SC2_x64.exe	IMAGE	READWRITE
28	u32	0x00007ff779eb7a9c	0	1	0x00000000	0x00000001	SC2_x64.exe	IMAGE	READWRITE
26	float	0x000000af4443778c	9.09443e-43	1	0x00000289	0x3f800000		PRIVATE	READWRITE
26	float	0x000000af44439294	1	0	0x3f800000	0x00000000		PRIVATE	READWRITE
26	float	0x000000af44439298	1	0	0x3f800000	0x00000000		PRIVATE	READWRITE
26	float	0x000000af4443929c	1	0	0x3f800000	0x00000000		PRIVATE	READWRITE
26	float	0x000000af444392ac	1	0	0x3f800000	0x00000000		PRIVATE	READWRITE
26	float	0x000000af44439300	0	1	0x00000000	0x3f800000		PRIVATE	READWRITE
26	float	0x000000af44439304	0	1	0x00000000	0x3f800000		PRIVATE	READWRITE
26	float	0x000000af44439378	0	1	0x00000000	0x3f800000		PRIVATE	READWRITE
26	float	0x000000af4443937c	1	4.59065e-41	0x3f800000	0x00007ff8		PRIVATE	READWRITE
26	float	0x000000af44d3d318	1	0	0x3f800000	0x00000000		PRIVATE	READWRITE
26	float	0x000000af44d3d3a4	0	1	0x00000000	0x3f800000		PRIVATE	READWRITE
26	float	0x000000af44d3d3b8	0	1	0x00000000	0x3f800000		PRIVATE	READWRITE
26	float	0x000000af44d3d3c4	1	0	0x3f800000	0x00000000		PRIVATE	READWRITE
26	float	0x000000af44d3d3c8	1	0	0x3f800000	0x00000000		PRIVATE	READWRITE
26	float	0x000000af44d3d430	0	1	0x00000000	0x3f800000		PRIVATE	READWRITE
26	float	0x000000af44d3d46c	0	1	0x00000000	0x3f800000		PRIVATE	READWRITE
26	float	0x000000af44d3d470	0	1	0x00000000	0x3f800000		PRIVATE	READWRITE
26	float	0x000000af44d3d4ac	0	1	0x00000000	0x3f800000		PRIVATE	READWRITE
26	float	0x000000af44d3d5dc	1	9.09443e-43	0x3f800000	0x00000289		PRIVATE	READWRITE
26	float	0x000000af48f0f03c	2	0	0x40000000	0x00000000		PRIVATE	READWRITE
26	float	0x000000af48f0f2bc	0	2	0x00000000	0x40000000		PRIVATE	READWRITE
26	float	0x000002898dc821b8	1	0	0x3f800000	0x00000000		PRIVATE	READWRITE
26	float	0x000002898dc821c8	0	1	0x00000000	0x3f800000		PRIVATE	READWRITE
26	float	0x000002898dc821cc	1	5.87748e-39	0x3f800000	0x00400006		PRIVATE	READWRITE
26	float	0x000002898dc821f4	1	0	0x3f800000	0x00000000		PRIVATE	READWRITE
26	float	0x000002898dc8222c	0	1	0x00000000	0x3f800000		PRIVATE	READWRITE
26	float	0x000002898dc82280	1	5.87751e-39	0x3f800000	0x00400018		PRIVATE	READWRITE
26	float	0x000002898dc8229c	1	0	0x3f800000	0x00000000		PRIVATE	READWRITE
26	float	0x000002898dc822a4	1	0	0x3f800000	0x00000000		PRIVATE	READWRITE
26	float	0x000002898dc822c0	0	1	0x00000000	0x3f800000		PRIVATE	READWRITE
26	float	0x000002898dc822d0	1	0	0x3f800000	0x00000000		PRIVATE	READWRITE
26	float	0x000002898dc822f0	1	0	0x3f800000	0x00000000		PRIVATE	READWRITE
26	float	0x000002898dc822fc	1	0	0x3f800000	0x00000000		PRIVATE	READWRITE
26	float	0x000002898dc82310	1	4.83448e-43	0x3f800000	0x00000159		PRIVATE	READWRITE
26	float	0x000002898dc8231c	1	3.92364e-44	0x3f800000	0x0000001c		PRIVATE	READWRITE
26	float	0x000002898dc82324	0	1	0x00000000	0x3f800000		PRIVATE	READWRITE
26	float	0x000002898dc82328	1	5.60519e-45	0x3f800000	0x00000004		PRIVATE	READWRITE
26	float	0x000002898dc82330	1	9.09443e-43	0x3f800000	0x00000289		PRIVATE	READWRITE
26	float	0x000002898dc82334	1	7.14662e-44	0x3f800000	0x00000033		PRIVATE	READWRITE
26	float	0x000002898dc82338	1	-2.10633e-30	0x3f800000	0x8e2ae2d0		PRIVATE	READWRITE
26	float	0x000002898dc82370	1	0	0x3f800000	0x00000000		PRIVATE	READWRITE
26	float	0x000002898dc82374	1	0	0x3f800000	0x00000000		PRIVATE	READWRITE
26	float	0x000002898dc8237c	1	0	0x3f800000	0x00000000		PRIVATE	READWRITE
26	float	0x000002898dc82384	1	0	0x3f800000	0x00000000		PRIVATE	READWRITE
26	float	0x000002898dc823a4	1	0	0x3f800000	0x00000000		PRIVATE	READWRITE
26	float	0x000002898dc82454	0	1	0x00000000	0x3f800000		PRIVATE	READWRITE
26	float	0x000002898dc82458	1	5.87748e-39	0x3f800000	0x00400006		PRIVATE	READWRITE
26	float	0x000002898dc82460	1	0	0x3f800000	0x00000000		PRIVATE	READWRITE
26	float	0x000002898dc82468	1	0	0x3f800000	0x00000000		PRIVATE	READWRITE
26	float	0x000002898dc8247c	1	0	0x3f800000	0x00000000		PRIVATE	READWRITE
26	float	0x000002898dc82490	1	0	0x3f800000	0x00000000		PRIVATE	READWRITE
26	float	0x000002898dc824b8	1.66927e-36	1	0x040e0191	0x3f800000		PRIVATE	READWRITE
26	float	0x000002898dc830d4	1	0	0x3f800000	0x00000000		PRIVATE	READWRITE
26	float	0x000002898dc830e8	1	0	0x3f800000	0x00000000		PRIVATE	READWRITE
26	float	0x000002898dc830fc	1	2.12997e-43	0x3f800000	0x00000098		PRIVATE	READWRITE
26	float	0x000002898dc83108	0	1	0x00000000	0x3f800000		PRIVATE	READWRITE
26	float	0x000002898dc83180	1	0	0x3f800000	0x00000000		PRIVATE	READWRITE
26	float	0x000002898dc83190	0	1	0x00000000	0x3f800000		PRIVATE	READWRITE
26	float	0x000002898dc831b8	1	0	0x3f800000	0x00000000		PRIVATE	READWRITE
26	float	0x000002898dc831d4	1	0	0x3f800000	0x00000000		PRIVATE	READWRITE
26	float	0x000002898dc831dc	1	1.54703e-42	0x3f800000	0x00000450		PRIVATE	READWRITE
26	float	0x000002898dc831e4	1	1.49939e-43	0x3f800000	0x0000006b		PRIVATE	READWRITE
26	float	0x000002898dc831ec	1	3.92364e-44	0x3f800000	0x0000001c		PRIVATE	READWRITE
26	float	0x000002898dc83220	1	8.40779e-44	0x3f800000	0x0000003c		PRIVATE	READWRITE
26	float	0x000002898dc83288	0	1	0x00000000	0x3f800000		PRIVATE	READWRITE
26	float	0x000002898dc832c4	1	0	0x3f800000	0x00000000		PRIVATE	READWRITE
26	float	0x000002898dc832d8	1	4.83448e-43	0x3f800000	0x00000159		PRIVATE	READWRITE
26	float	0x000002898dc83308	1	2.9356e-39	0x3f800000	0x001ff740		PRIVATE	READWRITE
26	float	0x000002898dc83314	1	3.3061e-39	0x3f800000	0x00240012		PRIVATE	READWRITE
26	float	0x000002898dc83348	1	5.87751e-39	0x3f800000	0x00400018		PRIVATE	READWRITE
26	float	0x000002898dc83354	1	0	0x3f800000	0x00000000		PRIVATE	READWRITE
26	float	0x000002898dc83368	1	0	0x3f800000	0x00000000		PRIVATE	READWRITE
26	float	0x000002898dc833b0	1	0	0x3f800000	0x00000000		PRIVATE	READWRITE
26	float	0x000002898dc833b4	1	0	0x3f800000	0x00000000		PRIVATE	READWRITE
26	float	0x000002898dc833b8	1	0	0x3f800000	0x00000000		PRIVATE	READWRITE
26	float	0x000002898dc833bc	1	0	0x3f800000	0x00000000		PRIVATE	READWRITE
26	float	0x000002898dc833c0	1	0	0x3f800000	0x00000000		PRIVATE	READWRITE
26	float	0x000002898dc833e4	10	3.92364e-44	0x41200000	0x0000001c		PRIVATE	READWRITE
26	float	0x000002898dc833e8	1	0	0x3f800000	0x00000000		PRIVATE	READWRITE
26	float	0x000002898dc83424	1	-1.51804e-21	0x3f800000	0x9ce56630		PRIVATE	READWRITE
26	float	0x000002898dc83428	1	9.09443e-43	0x3f800000	0x00000289		PRIVATE	READWRITE
26	float	0x000002898dc8342c	1	7.00649e-45	0x3f800000	0x00000005		PRIVATE	READWRITE
26	float	0x000002898dc83434	1	9.09443e-43	0x3f800000	0x00000289		PRIVATE	READWRITE
26	float	0x000002898dc83444	1	0	0x3f800000	0x00000000		PRIVATE	READWRITE
26	float	0x000002898dc8344c	1	0	0x3f800000	0x00000000		PRIVATE	READWRITE
26	float	0x000002898dc83454	2	0	0x40000000	0x00000000		PRIVATE	READWRITE
26	float	0x000002898dc8345c	1	0	0x3f800000	0x00000000		PRIVATE	READWRITE
26	float	0x000002898dc83460	1	0	0x3f800000	0x00000000		PRIVATE	READWRITE
26	float	0x000002898dc83478	0	1	0x00000000	0x3f800000		PRIVATE	READWRITE
26	float	0x000002898dc8347c	1	5.87748e-39	0x3f800000	0x00400006		PRIVATE	READWRITE
26	float	0x000002898dc83484	1	0	0x3f800000	0x00000000		PRIVATE	READWRITE
26	float	0x000002898dc8348c	1	0	0x3f800000	0x00000000		PRIVATE	READWRITE
26	float	0x000002898dc834dc	2.51673e-42	1	0x00000704	0x3f800000		PRIVATE	READWRITE
26	float	0x000002898dc83598	1	0	0x3f800000	0x00000000		PRIVATE	READWRITE
26	float	0x000002898dc835a8	1	0	0x3f800000	0x00000000		PRIVATE	READWRITE
26	float	0x000002898dc835b0	1	3.51726e-43	0x3f800000	0x000000fb		PRIVATE	READWRITE
26	float	0x000002898dc835c8	4.17307e-37	1	0x030e0091	0x3f800000		PRIVATE	READWRITE
26	float	0x000002898dc841c8	1	0	0x3f800000	0x00000000		PRIVATE	READWRITE
26	float	0x000002898dc841dc	1	0	0x3f800000	0x00000000		PRIVATE	READWRITE
26	float	0x000002898dc841f0	1	0	0x3f800000	0x00000000		PRIVATE	READWRITE
26	float	0x000002898dc84204	1	6.96445e-43	0x3f800000	0x000001f1		PRIVATE	READWRITE
26	float	0x000002898dc84218	0	1	0x00000000	0x3f800000		PRIVATE	READWRITE
26	float	0x000002898dc84290	1	0	0x3f800000	0x00000000		PRIVATE	READWRITE
26	float	0x000002898dc842ac	1	0	0x3f800000	0x00000000		PRIVATE	READWRITE
26	float	0x000002898dc842b4	1	0	0x3f800000	0x00000000		PRIVATE	READWRITE
26	float	0x000002898dc842cc	1	0	0x3f800000	0x00000000		PRIVATE	READWRITE
26	float	0x000002898dc842e0	1	0	0x3f800000	0x00000000		PRIVATE	READWRITE
26	float	0x000002898dc842ec	1	1.39709e-42	0x3f800000	0x000003e5		PRIVATE	READWRITE
26	float	0x000002898dc84300	1	0	0x3f800000	0x00000000		PRIVATE	READWRITE
26	float	0x000002898dc84304	0	1	0x00000000	0x3f800000		PRIVATE	READWRITE
26	float	0x000002898dc84320	1	7.14662e-44	0x3f800000	0x00000033		PRIVATE	READWRITE
26	float	0x000002898dc8432c	1	4.84289e-41	0x3f800000	0x00008700		PRIVATE	READWRITE
26	float	0x000002898dc84338	1	3.3061e-39	0x3f800000	0x00240012		PRIVATE	READWRITE
26	float	0x000002898dc8433c	1	0	0x3f800000	0x00000000		PRIVATE	READWRITE
26	float	0x000002898dc84340	1	6.16571e-44	0x3f800000	0x0000002c		PRIVATE	READWRITE
26	float	0x000002898dc84344	1	-1.51804e-21	0x3f800000	0x9ce56630		PRIVATE	READWRITE
26	float	0x000002898dc84348	1	9.09443e-43	0x3f800000	0x00000289		PRIVATE	READWRITE
26	float	0x000002898dc8437c	1	0	0x3f800000	0x00000000		PRIVATE	READWRITE
26	float	0x000002898dc84380	1	0	0x3f800000	0x00000000		PRIVATE	READWRITE
26	float	0x000002898dc84398	0	1	0x00000000	0x3f800000		PRIVATE	READWRITE
26	float	0x000002898dc8439c	2	5.87748e-39	0x40000000	0x00400006		PRIVATE	READWRITE
26	float	0x000002898dc843a4	1	0	0x3f800000	0x00000000		PRIVATE	READWRITE
26	float	0x000002898dc843ac	1	0	0x3f800000	0x00000000		PRIVATE	READWRITE
26	float	0x000002898dc843fc	0	1	0x00000000	0x3f800000		PRIVATE	READWRITE
26	float	0x000002898dc8444c	1	8.82818e-44	0x3f800000	0x0000003f		PRIVATE	READWRITE
26	float	0x000002898dc84454	1	0	0x3f800000	0x00000000		PRIVATE	READWRITE
26	float	0x000002898dc8445c	1	0	0x3f800000	0x00000000		PRIVATE	READWRITE
26	float	0x000002898dc84464	1	8.50588e-43	0x3f800000	0x0000025f		PRIVATE	READWRITE
26	float	0x000002898dc84474	2.94413e-39	1	0x00200f06	0x3f800000		PRIVATE	READWRITE
26	float	0x000002898dc84478	1	7.00649e-44	0x3f800000	0x00000032		PRIVATE	READWRITE
26	float	0x000002898dc8448c	1	2.24208e-43	0x3f800000	0x000000a0		PRIVATE	READWRITE
26	float	0x000002898dc84498	7.00649e-45	1	0x00000005	0x3f800000		PRIVATE	READWRITE
26	float	0x000002898dc844e0	4.49748e-37	1	0x03190a91	0x3f800000		PRIVATE	READWRITE
26	float	0x000002898dc8460c	1	1.44053e-42	0x3f800000	0x00000404		PRIVATE	READWRITE
26	float	0x000002898dc84620	1	9.09443e-43	0x3f800000	0x00000289		PRIVATE	READWRITE
26	float	0x000002898dc84648	1	3.2342e-42	0x3f800000	0x00000904		PRIVATE	READWRITE
26	float	0x000002898dc846cc	1	0	0x3f800000	0x00000000		PRIVATE	READWRITE
26	float	0x000002898dc84704	1	0	0x3f800000	0x00000000		PRIVATE	READWRITE
26	float	0x000002898dc84720	1	9.09443e-43	0x3f800000	0x00000289		PRIVATE	READWRITE
26	float	0x000002898dc84728	1	0	0x3f800000	0x00000000		PRIVATE	READWRITE
26	float	0x000002898dc84730	1	0	0x3f800000	0x00000000		PRIVATE	READWRITE
26	float	0x000002898dc8476c	1	0	0x3f800000	0x00000000		PRIVATE	READWRITE
26	float	0x000002898dc8478c	1	0	0x3f800000	0x00000000		PRIVATE	READWRITE
26	float	0x000002898dc847ac	1	0	0x3f800000	0x00000000		PRIVATE	READWRITE
26	float	0x000002898dc84810	1	0	0x3f800000	0x00000000		PRIVATE	READWRITE
26	float	0x000002898dc84824	1	0	0x3f800000	0x00000000		PRIVATE	READWRITE
26	float	0x000002898dc84830	1	0	0x3f800000	0x00000000		PRIVATE	READWRITE
26	float	0x000002898dc84844	1	0	0x3f800000	0x00000000		PRIVATE	READWRITE
26	float	0x000002898dc84850	1	5.88592e-39	0x3f800000	0x00401790		PRIVATE	READWRITE
26	float	0x000002898dc84864	1	-2.10633e-30	0x3f800000	0x8e2ae2d0		PRIVATE	READWRITE
26	float	0x000002898dc84870	1	3.36312e-44	0x3f800000	0x00000018		PRIVATE	READWRITE
26	float	0x000002898dc84884	1	8.82818e-44	0x3f800000	0x0000003f		PRIVATE	READWRITE
26	float	0x000002898dc848a0	1	2.24208e-42	0x3f800000	0x00000640		PRIVATE	READWRITE
26	float	0x000002898dc848b0	1	7.00649e-44	0x3f800000	0x00000032		PRIVATE	READWRITE
26	float	0x000002898dc848b4	1	0	0x3f800000	0x00000000		PRIVATE	READWRITE
26	float	0x000002898dc848b8	1	0	0x3f800000	0x00000000		PRIVATE	READWRITE
26	float	0x000002898dc848bc	1	3.58732e-42	0x3f800000	0x00000a00		PRIVATE	READWRITE
26	float	0x000002898dc848e0	10	0	0x41200000	0x00000000		PRIVATE	READWRITE
26	float	0x000002898dc848e4	1	0	0x3f800000	0x00000000		PRIVATE	READWRITE
26	float	0x000002898dc84920	1	0	0x3f800000	0x00000000		PRIVATE	READWRITE
26	float	0x000002898dc84924	1	0	0x3f800000	0x00000000		PRIVATE	READWRITE
26	float	0x000002898dc84930	1	0	0x3f800000	0x00000000		PRIVATE	READWRITE
26	float	0x000002898dc84940	1	0	0x3f800000	0x00000000		PRIVATE	READWRITE
26	float	0x000002898dc84950	1	0	0x3f800000	0x00000000		PRIVATE	READWRITE
26	float	0x000002898dc84960	1	0	0x3f800000	0x00000000		PRIVATE	READWRITE
26	float	0x000002898dc84a44	0	1	0x00000000	0x3f800000		PRIVATE	READWRITE
26	float	0x000002898dc84a48	1	7.00649e-44	0x3f800000	0x00000032		PRIVATE	READWRITE
26	float	0x000002898dc84a64	1	0	0x3f800000	0x00000000		PRIVATE	READWRITE
26	float	0x000002898dc84a7c	1	6.16571e-44	0x3f800000	0x0000002c		PRIVATE	READWRITE
26	float	0x000002898dc84a80	1	-1.81047e-30	0x3f800000	0x8e12e1f0		PRIVATE	READWRITE
26	float	0x000002898dc84a84	1	9.09443e-43	0x3f800000	0x00000289		PRIVATE	READWRITE
26	float	0x000002898dc84a8c	1	-1.51809e-21	0x3f800000	0x9ce56870		PRIVATE	READWRITE
26	float	0x000002898dc84a94	1	1.47926e-39	0x3f800000	0x00101b90		PRIVATE	READWRITE
26	float	0x000002898dc84bfc	1	3.36312e-44	0x3f800000	0x00000018		PRIVATE	READWRITE
26	float	0x000002898dc84c38	1	0	0x3f800000	0x00000000		PRIVATE	READWRITE
26	float	0x000002898dc84c6c	0	1	0x00000000	0x3f800000		PRIVATE	READWRITE
26	float	0x000002898dc84cc4	1	1.41531e-43	0x3f800000	0x00000065		PRIVATE	READWRITE
26	float	0x000002898dc84ce0	1	5.60519e-45	0x3f800000	0x00000004		PRIVATE	READWRITE
26	float	0x000002898dc84ce8	1	9.09443e-43	0x3f800000	0x00000289		PRIVATE	READWRITE
26	float	0x000002898dc84cf0	1	-2.10633e-30	0x3f800000	0x8e2ae2d0		PRIVATE	READWRITE
26	float	0x000002898dc84cf8	1	5.56932e-41	0x3f800000	0x00009b40		PRIVATE	READWRITE
26	float	0x000002898dc84d00	1	1.65493e-42	0x3f800000	0x0000049d		PRIVATE	READWRITE
26	float	0x000002898dc84d14	1	9.09443e-43	0x3f800000	0x00000289		PRIVATE	READWRITE
26	float	0x000002898dc84d20	1	0	0x3f800000	0x00000000		PRIVATE	READWRITE
26	float	0x000002898dc84d34	1	0	0x3f800000	0x00000000		PRIVATE	READWRITE
26	float	0x000002898dc84d40	1	0	0x3f800000	0x00000000		PRIVATE	READWRITE
26	float	0x000002898dc84d58	0	1	0x00000000	0x3f800000		PRIVATE	READWRITE
26	float	0x000002898dc84d60	1	0	0x3f800000	0x00000000		PRIVATE	READWRITE
26	float	0x000002898dc84db0	1	1.35926e-43	0x3f800000	0x00000061		PRIVATE	READWRITE
26	float	0x000002898dc84db4	1	3.92364e-44	0x3f800000	0x0000001c		PRIVATE	READWRITE
26	float	0x000002898dc84db8	1	0	0x3f800000	0x00000000		PRIVATE	READWRITE
26	float	0x000002898dc84dc0	1	6.5861e-44	0x3f800000	0x0000002f		PRIVATE	READWRITE
26	float	0x000002898dc84dc8	1	9.09443e-43	0x3f800000	0x00000289		PRIVATE	READWRITE
26	float	0x000002898dc84dd0	2	-1.54679e-21	0x40000000	0x9ce9be80		PRIVATE	READWRITE
26	float	0x000002898dc84dd8	1	7.14662e-44	0x3f800000	0x00000033		PRIVATE	READWRITE
26	float	0x000002898dc84de0	1	9.09443e-43	0x3f800000	0x00000289		PRIVATE	READWRITE
26	float	0x000002898dc84de8	1	3.36312e-44	0x3f800000	0x00000018		PRIVATE	READWRITE
26	float	0x000002898dc84e58	0	1	0x00000000	0x3f800000		PRIVATE	READWRITE
26	float	0x000002898dc84e94	1	-2.10633e-30	0x3f800000	0x8e2ae2d0		PRIVATE	READWRITE
26	float	0x000002898dc84e9c	1	5.72402e-41	0x3f800000	0x00009f90		PRIVATE	READWRITE
26	float	0x000002898dc84ea4	1	1.65493e-42	0x3f800000	0x0000049d		PRIVATE	READWRITE
26	float	0x000002898dc84eac	1	0	0x3f800000	0x00000000		PRIVATE	READWRITE
26	float	0x000002898dc84ec4	1	7.00649e-45	0x3f800000	0x00000005		PRIVATE	READWRITE
26	float	0x000002898dc84ed0	1	2.5898e-38	0x3f800000	0x010d0091		PRIVATE	READWRITE
26	float	0x000002898dc852d8	1	0	0x3f800000	0x00000000		PRIVATE	READWRITE
26	float	0x000002898dc852ec	1	7.14662e-44	0x3f800000	0x00000033		PRIVATE	READWRITE
26	float	0x000002898dc85300	1	1.65493e-42	0x3f800000	0x0000049d		PRIVATE	READWRITE
26	float	0x000002898dc85384	1	0	0x3f800000	0x00000000		PRIVATE	READWRITE
26	float	0x000002898dc853bc	1	0	0x3f800000	0x00000000		PRIVATE	READWRITE
26	float	0x000002898dc853d8	1	0	0x3f800000	0x00000000		PRIVATE	READWRITE
26	float	0x000002898dc853dc	0	1	0x00000000	0x3f800000		PRIVATE	READWRITE
26	float	0x000002898dc853e0	1	6.5861e-44	0x3f800000	0x0000002f		PRIVATE	READWRITE
26	float	0x000002898dc853e8	1	9.09443e-43	0x3f800000	0x00000289		PRIVATE	READWRITE
26	float	0x000002898dc85424	1	9.09443e-43	0x3f800000	0x00000289		PRIVATE	READWRITE
26	float	0x000002898dc85444	1	9.09443e-43	0x3f800000	0x00000289		PRIVATE	READWRITE
26	float	0x000002898dc85464	1	0	0x3f800000	0x00000000		PRIVATE	READWRITE
26	float	0x000002898dc85494	0	1	0x00000000	0x3f800000		PRIVATE	READWRITE
26	float	0x000002898dc854c8	1	0	0x3f800000	0x00000000		PRIVATE	READWRITE
26	float	0x000002898dc854dc	1	3.64338e-43	0x3f800000	0x00000104		PRIVATE	READWRITE
26	float	0x000002898dc854f0	1	9.09443e-43	0x3f800000	0x00000289		PRIVATE	READWRITE
26	float	0x000002898dc854f8	1	8.40779e-44	0x3f800000	0x0000003c		PRIVATE	READWRITE
26	float	0x000002898dc8552c	1	0	0x3f800000	0x00000000		PRIVATE	READWRITE
26	float	0x000002898dc85560	0	1	0x00000000	0x3f800000		PRIVATE	READWRITE
26	float	0x000002898dc8556c	1	0	0x3f800000	0x00000000		PRIVATE	READWRITE
26	float	0x000002898dc85588	0	1	0x00000000	0x3f800000		PRIVATE	READWRITE
26	float	0x000002898dc8558c	1	0	0x3f800000	0x00000000		PRIVATE	READWRITE
26	float	0x000002898dc85590	0	1	0x00000000	0x3f800000		PRIVATE	READWRITE
26	float	0x000002898dc855a8	1	3.64338e-43	0x3f800000	0x00000104		PRIVATE	READWRITE
26	float	0x000002898dc855b4	1	1.0818e-42	0x3f800000	0x00000304		PRIVATE	READWRITE
26	float	0x000002898dc855bc	1	9.09443e-43	0x3f800000	0x00000289		PRIVATE	READWRITE
26	float	0x000002898dc855c0	1	7.14662e-44	0x3f800000	0x00000033		PRIVATE	READWRITE
26	float	0x000002898dc855c4	1	-2.10633e-30	0x3f800000	0x8e2ae2d0		PRIVATE	READWRITE
26	float	0x000002898dc855e8	10	9.09443e-43	0x41200000	0x00000289		PRIVATE	READWRITE
26	float	0x000002898dc855ec	1	1.47117e-39	0x3f800000	0x00100506		PRIVATE	READWRITE
26	float	0x000002898dc85628	1	0	0x3f800000	0x00000000		PRIVATE	READWRITE
26	float	0x000002898dc8562c	1	0	0x3f800000	0x00000000		PRIVATE	READWRITE
26	float	0x000002898dc85630	1	0	0x3f800000	0x00000000		PRIVATE	READWRITE
26	float	0x000002898dc8564c	0	1	0x00000000	0x3f800000		PRIVATE	READWRITE
26	float	0x000002898dc85650	1	4.40811e-39	0x3f800000	0x00300006		PRIVATE	READWRITE
26	float	0x000002898dc85664	1	0	0x3f800000	0x00000000		PRIVATE	READWRITE
26	float	0x000002898dc85668	1	0	0x3f800000	0x00000000		PRIVATE	READWRITE
26	float	0x000002898dc8566c	0	1	0x00000000	0x3f800000		PRIVATE	READWRITE
26	float	0x000002898dc85678	1	0	0x3f800000	0x00000000		PRIVATE	READWRITE
26	float	0x000002898dc85680	1	0	0x3f800000	0x00000000		PRIVATE	READWRITE
26	float	0x000002898dc85688	1	2.74654e-43	0x3f800000	0x000000c4		PRIVATE	READWRITE
26	float	0x000002898dc85690	1	5.60519e-44	0x3f800000	0x00000028		PRIVATE	READWRITE
26	float	0x000002898dc856a0	1.47459e-39	1	0x00100e90	0x3f800000		PRIVATE	READWRITE
26	float	0x000002898dc85748	6.32686e-42	1	0x000011a3	0x3f800000		PRIVATE	READWRITE
26	float	0x000002898dc85778	0	1	0x00000000	0x3f800000		PRIVATE	READWRITE
26	float	0x000002898dc85788	1	0	0x3f800000	0x00000000		PRIVATE	READWRITE
26	float	0x000002898dc857a0	1	7.14662e-44	0x3f800000	0x00000033		PRIVATE	READWRITE
26	float	0x000002898dc857ac	0	1	0x00000000	0x3f800000		PRIVATE	READWRITE
26	float	0x000002898dc857b0	1	6.5861e-44	0x3f800000	0x0000002f		PRIVATE	READWRITE
26	float	0x000002898dc857b8	1	9.09443e-43	0x3f800000	0x00000289		PRIVATE	READWRITE
26	float	0x000002898dc85ba4	1	-2.3708e-21	0x3f800000	0x9d3321e0		PRIVATE	READWRITE
26	float	0x000002898dc85bb8	1	0	0x3f800000	0x00000000		PRIVATE	READWRITE
26	float	0x000002898dc85bcc	1	0	0x3f800000	0x00000000		PRIVATE	READWRITE
26	float	0x000002898dc85bec	0	1	0x00000000	0x3f800000		PRIVATE	READWRITE
26	float	0x000002898dc85c58	1	9.09443e-43	0x3f800000	0x00000289		PRIVATE	READWRITE
26	float	0x000002898dc85c74	1	7.3469e-40	0x3f800000	0x00080004		PRIVATE	READWRITE
26	float	0x000002898dc85c7c	1	5.87751e-39	0x3f800000	0x00400018		PRIVATE	READWRITE
26	float	0x000002898dc85c84	1	0	0x3f800000	0x00000000		PRIVATE	READWRITE
26	float	0x000002898dc85c8c	1	0	0x3f800000	0x00000000		PRIVATE	READWRITE
26	float	0x000002898dc85cbc	0	1	0x00000000	0x3f800000		PRIVATE	READWRITE
26	float	0x000002898dc85cd4	1	0	0x3f800000	0x00000000		PRIVATE	READWRITE
26	float	0x000002898dc85ce8	1	0	0x3f800000	0x00000000		PRIVATE	READWRITE
26	float	0x000002898dc85cf4	1	3.78351e-44	0x3f800000	0x0000001b		PRIVATE	READWRITE
26	float	0x000002898dc85d00	1	5.60519e-44	0x3f800000	0x00000028		PRIVATE	READWRITE
26	float	0x000002898dc85d04	1	2.94273e-44	0x3f800000	0x00000015		PRIVATE	READWRITE
26	float	0x000002898dc85d08	1	3.92364e-44	0x3f800000	0x0000001c		PRIVATE	READWRITE
26	float	0x000002898dc85d0c	1	0	0x3f800000	0x00000000		PRIVATE	READWRITE
26	float	0x000002898dc85d44	1	0	0x3f800000	0x00000000		PRIVATE	READWRITE
26	float	0x000002898dc85d48	1	0	0x3f800000	0x00000000		PRIVATE	READWRITE
26	float	0x000002898dc85d4c	1	0	0x3f800000	0x00000000		PRIVATE	READWRITE
26	float	0x000002898dc85d54	1	7.00649e-45	0x3f800000	0x00000005		PRIVATE	READWRITE
26	float	0x000002898dc85d5c	1	9.09443e-43	0x3f800000	0x00000289		PRIVATE	READWRITE
26	float	0x000002898dc85d6c	1	0	0x3f800000	0x00000000		PRIVATE	READWRITE
26	float	0x000002898dc85d74	1	0	0x3f800000	0x00000000		PRIVATE	READWRITE
26	float	0x000002898dc85d7c	1	0	0x3f800000	0x00000000		PRIVATE	READWRITE
26	float	0x000002898dc85d80	1	0	0x3f800000	0x00000000		PRIVATE	READWRITE
26	float	0x000002898dc85e04	2.72496e-41	1	0x00004bf6	0x3f800000		PRIVATE	READWRITE
26	float	0x000002898dc85e2c	1	7.14662e-44	0x3f800000	0x00000033		PRIVATE	READWRITE
26	float	0x000002898dc85e34	1	9.09443e-43	0x3f800000	0x00000289		PRIVATE	READWRITE
26	float	0x000002898dc85e3c	1	8.40779e-44	0x3f800000	0x0000003c		PRIVATE	READWRITE
26	float	0x000002898dc85e64	1	0	0x3f800000	0x00000000		PRIVATE	READWRITE
26	float	0x000002898dc86a94	1	0	0x3f800000	0x00000000		PRIVATE	READWRITE
26	float	0x000002898dc86aa8	1	0	0x3f800000	0x00000000		PRIVATE	READWRITE
26	float	0x000002898dc86abc	1	0	0x3f800000	0x00000000		PRIVATE	READWRITE
26	float	0x000002898dc86b54	1	0	0x3f800000	0x00000000		PRIVATE	READWRITE
26	float	0x000002898dc86b8c	1	0	0x3f800000	0x00000000		PRIVATE	READWRITE
26	float	0x000002898dc86ba8	1	0	0x3f800000	0x00000000		PRIVATE	READWRITE
26	float	0x000002898dc86bb8	1	0	0x3f800000	0x00000000		PRIVATE	READWRITE
26	float	0x000002898dc86bf4	1	0	0x3f800000	0x00000000		PRIVATE	READWRITE
26	float	0x000002898dc86c14	1	0	0x3f800000	0x00000000		PRIVATE	READWRITE
26	float	0x000002898dc86c34	1	0	0x3f800000	0x00000000		PRIVATE	READWRITE
26	float	0x000002898dc86c98	1	0	0x3f800000	0x00000000		PRIVATE	READWRITE
26	float	0x000002898dc86cac	1	0	0x3f800000	0x00000000		PRIVATE	READWRITE
26	float	0x000002898dc86cb8	1	0	0x3f800000	0x00000000		PRIVATE	READWRITE
26	float	0x000002898dc86ccc	1	0	0x3f800000	0x00000000		PRIVATE	READWRITE
26	float	0x000002898dc86cd8	1	0	0x3f800000	0x00000000		PRIVATE	READWRITE
26	float	0x000002898dc86cec	1	0	0x3f800000	0x00000000		PRIVATE	READWRITE
26	float	0x000002898dc86cf8	1	0	0x3f800000	0x00000000		PRIVATE	READWRITE
26	float	0x000002898dc86d0c	1	0	0x3f800000	0x00000000		PRIVATE	READWRITE
26	float	0x000002898dc86d28	1	0	0x3f800000	0x00000000		PRIVATE	READWRITE
26	float	0x000002898dc86d38	1	0	0x3f800000	0x00000000		PRIVATE	READWRITE
26	float	0x000002898dc86d3c	1	0	0x3f800000	0x00000000		PRIVATE	READWRITE
26	float	0x000002898dc86d40	1	0	0x3f800000	0x00000000		PRIVATE	READWRITE
26	float	0x000002898dc86d68	10	0	0x41200000	0x00000000		PRIVATE	READWRITE
26	float	0x000002898dc86d6c	1	0	0x3f800000	0x00000000		PRIVATE	READWRITE
26	float	0x000002898dc86d70	1	0	0x3f800000	0x00000000		PRIVATE	READWRITE
26	float	0x000002898dc86da8	1	0	0x3f800000	0x00000000		PRIVATE	READWRITE
26	float	0x000002898dc86dac	1	0	0x3f800000	0x00000000		PRIVATE	READWRITE
26	float	0x000002898dc86db0	1	0	0x3f800000	0x00000000		PRIVATE	READWRITE
26	float	0x000002898dc86db8	1	0	0x3f800000	0x00000000		PRIVATE	READWRITE
26	float	0x000002898dc86dc0	1	0	0x3f800000	0x00000000		PRIVATE	READWRITE
26	float	0x000002898dc86dc8	1	0	0x3f800000	0x00000000		PRIVATE	READWRITE
26	float	0x000002898dc86dd0	1	0	0x3f800000	0x00000000		PRIVATE	READWRITE
26	float	0x000002898dc86dd8	1	0	0x3f800000	0x00000000		PRIVATE	READWRITE
26	float	0x000002898dc86de0	1	0	0x3f800000	0x00000000		PRIVATE	READWRITE
26	float	0x000002898dc86de8	1	0	0x3f800000	0x00000000		PRIVATE	READWRITE
26	float	0x000002898dc86df0	1	0	0x3f800000	0x00000000		PRIVATE	READWRITE
26	float	0x000002898dc86ebc	2.99037e-42	1	0x00000856	0x3f800000		PRIVATE	READWRITE
26	float	0x000002898dc86ed0	1	2.24208e-42	0x3f800000	0x00000640		PRIVATE	READWRITE
26	float	0x000002898dc86eec	1	0	0x3f800000	0x00000000		PRIVATE	READWRITE
26	float	0x000002898dc86f08	1	9.09443e-43	0x3f800000	0x00000289		PRIVATE	READWRITE
26	float	0x000002898dc86f0c	1	5.87751e-39	0x3f800000	0x00400018		PRIVATE	READWRITE
26	float	0x000002898dc86f14	1	0	0x3f800000	0x00000000		PRIVATE	READWRITE
26	float	0x000002898dc86f1c	1	0	0x3f800000	0x00000000		PRIVATE	READWRITE
26	float	0x000002898dc86f4c	2.59002e-38	1	0x010d0391	0x3f800000		PRIVATE	READWRITE
26	float	0x000002898dc87b34	1	1.79927e-42	0x3f800000	0x00000504		PRIVATE	READWRITE
26	float	0x000002898dc87b48	1	9.09443e-43	0x3f800000	0x00000289		PRIVATE	READWRITE
26	float	0x000002898dc87b5c	1	-1.6813e-30	0x3f800000	0x8e086730		PRIVATE	READWRITE
26	float	0x000002898dc87b70	1	3.59293e-42	0x3f800000	0x00000a04		PRIVATE	READWRITE
26	float	0x000002898dc87bfc	1	7.3469e-40	0x3f800000	0x00080004		PRIVATE	READWRITE
26	float	0x000002898dc87c18	1	0	0x3f800000	0x00000000		PRIVATE	READWRITE
26	float	0x000002898dc87c20	1	0	0x3f800000	0x00000000		PRIVATE	READWRITE
26	float	0x000002898dc87c28	1	0	0x3f800000	0x00000000		PRIVATE	READWRITE
26	float	0x000002898dc87c30	1	0	0x3f800000	0x00000000		PRIVATE	READWRITE
26	float	0x000002898dc87c38	1	-2.37088e-21	0x3f800000	0x9d332390		PRIVATE	READWRITE
26	float	0x000002898dc87c4c	1	0	0x3f800000	0x00000000		PRIVATE	READWRITE
26	float	0x000002898dc87c58	1	0	0x3f800000	0x00000000		PRIVATE	READWRITE
26	float	0x000002898dc87c6c	1	0	0x3f800000	0x00000000		PRIVATE	READWRITE
26	float	0x000002898dc87c78	1	0	0x3f800000	0x00000000		PRIVATE	READWRITE
26	float	0x000002898dc87c8c	1	0	0x3f800000	0x00000000		PRIVATE	READWRITE
26	float	0x000002898dc87c98	1	0	0x3f800000	0x00000000		PRIVATE	READWRITE
26	float	0x000002898dc87ca8	1	0	0x3f800000	0x00000000		PRIVATE	READWRITE
26	float	0x000002898dc87cac	1	0	0x3f800000	0x00000000		PRIVATE	READWRITE
26	float	0x000002898dc87cb0	1	0	0x3f800000	0x00000000		PRIVATE	READWRITE
26	float	0x000002898dc87cec	1	0	0x3f800000	0x00000000		PRIVATE	READWRITE
26	float	0x000002898dc87cf0	1	0	0x3f800000	0x00000000		PRIVATE	READWRITE
26	float	0x000002898dc87d00	1	0	0x3f800000	0x00000000		PRIVATE	READWRITE
26	float	0x000002898dc87d10	1	0	0x3f800000	0x00000000		PRIVATE	READWRITE
26	float	0x000002898dc87d20	1	0	0x3f800000	0x00000000		PRIVATE	READWRITE
26	float	0x000002898dc87dc8	0	1	0x00000000	0x3f800000		PRIVATE	READWRITE
26	float	0x000002898dc87dcc	1	7.00649e-44	0x3f800000	0x00000032		PRIVATE	READWRITE
26	float	0x000002898dc87dd4	1	0	0x3f800000	0x00000000		PRIVATE	READWRITE
26	float	0x000002898dc87ddc	1	2.24208e-42	0x3f800000	0x00000640		PRIVATE	READWRITE
26	float	0x000002898dc87de4	1	3.67345e-40	0x3f800000	0x00040002		PRIVATE	READWRITE
26	float	0x000002898dc87dfc	1	0	0x3f800000	0x00000000		PRIVATE	READWRITE
26	float	0x000002898dc87e08	1	0	0x3f800000	0x00000000		PRIVATE	READWRITE
26	float	0x000002898dc88558	3.54027e-38	1	0x0140c018	0x3f800000		PRIVATE	READWRITE
26	float	0x000002898dc8855c	1	7.14662e-44	0x3f800000	0x00000033		PRIVATE	READWRITE
26	float	0x000002898dc88570	1	1.65493e-42	0x3f800000	0x0000049d		PRIVATE	READWRITE
26	float	0x000002898dc88584	1	0	0x3f800000	0x00000000		PRIVATE	READWRITE
26	float	0x000002898dc88598	1	9.09443e-43	0x3f800000	0x00000289		PRIVATE	READWRITE
26	float	0x000002898dc8861c	1	9.09443e-43	0x3f800000	0x00000289		PRIVATE	READWRITE
26	float	0x000002898dc88654	1	5.87751e-39	0x3f800000	0x00400018		PRIVATE	READWRITE
26	float	0x000002898dc88670	1	0	0x3f800000	0x00000000		PRIVATE	READWRITE
26	float	0x000002898dc88678	1	0	0x3f800000	0x00000000		PRIVATE	READWRITE
26	float	0x000002898dc886bc	1	0	0x3f800000	0x00000000		PRIVATE	READWRITE
26	float	0x000002898dc886dc	1	3.78351e-44	0x3f800000	0x0000001b		PRIVATE	READWRITE
26	float	0x000002898dc886f8	0	1	0x00000000	0x3f800000		PRIVATE	READWRITE
26	float	0x000002898dc886fc	1	7.14662e-44	0x3f800000	0x00000033		PRIVATE	READWRITE
26	float	0x000002898dc8875c	0	1	0x00000000	0x3f800000		PRIVATE	READWRITE
26	float	0x000002898dc88760	1	5.87748e-39	0x3f800000	0x00400006		PRIVATE	READWRITE
26	float	0x000002898dc88788	1	0	0x3f800000	0x00000000		PRIVATE	READWRITE
26	float	0x000002898dc88790	1	0	0x3f800000	0x00000000		PRIVATE	READWRITE
26	float	0x000002898dc887a4	1	5.60519e-45	0x3f800000	0x00000004		PRIVATE	READWRITE
26	float	0x000002898dc887b0	1	7.14662e-44	0x3f800000	0x00000033		PRIVATE	READWRITE
26	float	0x000002898dc887c4	1	1.65493e-42	0x3f800000	0x0000049d		PRIVATE	READWRITE
26	float	0x000002898dc887d0	1	1.47117e-39	0x3f800000	0x00100506		PRIVATE	READWRITE
26	float	0x000002898dc887e4	1	7.00649e-45	0x3f800000	0x00000005		PRIVATE	READWRITE
26	float	0x000002898dc887f0	1	5.87751e-39	0x3f800000	0x00400018		PRIVATE	READWRITE
26	float	0x000002898dc88804	1	0	0x3f800000	0x00000000		PRIVATE	READWRITE
26	float	0x000002898dc88810	1	0	0x3f800000	0x00000000		PRIVATE	READWRITE
26	float	0x000002898dc88830	0	1	0x00000000	0x3f800000		PRIVATE	READWRITE
26	float	0x000002898dc8884c	1	0	0x3f800000	0x00000000		PRIVATE	READWRITE
26	float	0x000002898dc88850	1	0	0x3f800000	0x00000000		PRIVATE	READWRITE
26	float	0x000002898dc88854	1	0	0x3f800000	0x00000000		PRIVATE	READWRITE
26	float	0x000002898dc88858	1	0	0x3f800000	0x00000000		PRIVATE	READWRITE
26	float	0x000002898dc8885c	1	0	0x3f800000	0x00000000		PRIVATE	READWRITE
26	float	0x000002898dc88880	10	1.05467e-40	0x41200000	0x00012600		PRIVATE	READWRITE
26	float	0x000002898dc88884	1	3.36312e-44	0x3f800000	0x00000018		PRIVATE	READWRITE
26	float	0x000002898dc88888	1	1.65493e-42	0x3f800000	0x0000049d		PRIVATE	READWRITE
26	float	0x000002898dc888c4	1	0	0x3f800000	0x00000000		PRIVATE	READWRITE
26	float	0x000002898dc888d4	0	1	0x00000000	0x3f800000		PRIVATE	READWRITE
26	float	0x000002898dc888d8	1	4.40811e-39	0x3f800000	0x00300006		PRIVATE	READWRITE
26	float	0x000002898dc888f0	1	0	0x3f800000	0x00000000		PRIVATE	READWRITE
26	float	0x000002898dc888f8	1	0	0x3f800000	0x00000000		PRIVATE	READWRITE
26	float	0x000002898dc888fc	1	0	0x3f800000	0x00000000		PRIVATE	READWRITE
26	float	0x000002898dc88900	1	0	0x3f800000	0x00000000		PRIVATE	READWRITE
26	float	0x000002898dc88918	1	7.14662e-44	0x3f800000	0x00000033		PRIVATE	READWRITE
26	float	0x000002898dc88920	1	9.09443e-43	0x3f800000	0x00000289		PRIVATE	READWRITE
26	float	0x000002898dc88928	1	3.36312e-44	0x3f800000	0x00000018		PRIVATE	READWRITE
26	float	0x000002898dc88998	9.09443e-43	1	0x00000289	0x3f800000		PRIVATE	READWRITE
26	float	0x000002898dc889fc	7.53058e-42	1	0x000014fe	0x3f800000		PRIVATE	READWRITE
26	float	0x000002898dc88a2c	1	1.65493e-42	0x3f800000	0x0000049d		PRIVATE	READWRITE
26	float	0x000002898dc88a44	1	0	0x3f800000	0x00000000		PRIVATE	READWRITE
26	float	0x000002898dc88a54	1	0	0x3f800000	0x00000000		PRIVATE	READWRITE
26	float	0x000002898dc88a5c	1	0	0x3f800000	0x00000000		PRIVATE	READWRITE
26	float	0x000002898dc88a78	4.49633e-37	1	0x03190091	0x3f800000		PRIVATE	READWRITE
26	float	0x000002898dc89194	1	0	0x3f800000	0x00000000		PRIVATE	READWRITE
26	float	0x000002898dc891a8	1	0	0x3f800000	0x00000000		PRIVATE	READWRITE
26	float	0x000002898dc891b8	0	1	0x00000000	0x3f800000		PRIVATE	READWRITE
26	float	0x000002898dc891bc	1	4.40811e-39	0x3f800000	0x00300006		PRIVATE	READWRITE
26	float	0x000002898dc891d0	1	0	0x3f800000	0x00000000		PRIVATE	READWRITE
26	float	0x000002898dc89270	0	1	0x00000000	0x3f800000		PRIVATE	READWRITE
26	float	0x000002898dc89278	1	0	0x3f800000	0x00000000		PRIVATE	READWRITE
26	float	0x000002898dc89280	1	0	0x3f800000	0x00000000		PRIVATE	READWRITE
26	float	0x000002898dc89298	1	0	0x3f800000	0x00000000		PRIVATE	READWRITE
26	float	0x000002898dc892ac	1	0	0x3f800000	0x00000000		PRIVATE	READWRITE
26	float	0x000002898dc892b8	1	3.78351e-44	0x3f800000	0x0000001b		PRIVATE	READWRITE
26	float	0x000002898dc892cc	1	3.92364e-44	0x3f800000	0x0000001c		PRIVATE	READWRITE
26	float	0x000002898dc892d4	0	1	0x00000000	0x3f800000		PRIVATE	READWRITE
26	float	0x000002898dc892d8	1	7.14662e-44	0x3f800000	0x00000033		PRIVATE	READWRITE
26	float	0x000002898dc892ec	1	1.65493e-42	0x3f800000	0x0000049d		PRIVATE	READWRITE
26	float	0x000002898dc892f8	1	1.47117e-39	0x3f800000	0x00100506		PRIVATE	READWRITE
26	float	0x000002898dc89304	1	0	0x3f800000	0x00000000		PRIVATE	READWRITE
26	float	0x000002898dc89308	1	0	0x3f800000	0x00000000		PRIVATE	READWRITE
26	float	0x000002898dc8930c	1	7.00649e-45	0x3f800000	0x00000005		PRIVATE	READWRITE
26	float	0x000002898dc89310	1	-2.3708e-21	0x3f800000	0x9d3321e0		PRIVATE	READWRITE
26	float	0x000002898dc89314	1	9.09443e-43	0x3f800000	0x00000289		PRIVATE	READWRITE
26	float	0x000002898dc89348	1	0	0x3f800000	0x00000000		PRIVATE	READWRITE
26	float	0x000002898dc89370	1	0	0x3f800000	0x00000000		PRIVATE	READWRITE
26	float	0x000002898dc89378	1	0	0x3f800000	0x00000000		PRIVATE	READWRITE
26	float	0x000002898dc89380	1	0	0x3f800000	0x00000000		PRIVATE	READWRITE
26	float	0x000002898dc89428	1	0	0x3f800000	0x00000000		PRIVATE	READWRITE
26	float	0x000002898dc89438	1	0	0x3f800000	0x00000000		PRIVATE	READWRITE
26	float	0x000002898dc89454	1	0	0x3f800000	0x00000000		PRIVATE	READWRITE
26	float	0x000002898dc89468	1	0	0x3f800000	0x00000000		PRIVATE	READWRITE
26	float	0x000002898dc894f8	1	0	0x3f800000	0x00000000		PRIVATE	READWRITE
26	float	0x000002898dc8950c	1	0	0x3f800000	0x00000000		PRIVATE	READWRITE
26	float	0x000002898dc89534	1	0	0x3f800000	0x00000000		PRIVATE	READWRITE
26	float	0x000002898dc895b8	1	0	0x3f800000	0x00000000		PRIVATE	READWRITE
26	float	0x000002898dc8960c	1	0	0x3f800000	0x00000000		PRIVATE	READWRITE
26	float	0x000002898dc89614	1	0	0x3f800000	0x00000000		PRIVATE	READWRITE
26	float	0x000002898dc8961c	1	0	0x3f800000	0x00000000		PRIVATE	READWRITE
26	float	0x000002898dc89624	1	0	0x3f800000	0x00000000		PRIVATE	READWRITE
26	float	0x000002898dc89658	1	0	0x3f800000	0x00000000		PRIVATE	READWRITE
26	float	0x000002898dc89678	1	0	0x3f800000	0x00000000		PRIVATE	READWRITE
26	float	0x000002898dc89698	1	0	0x3f800000	0x00000000		PRIVATE	READWRITE
26	float	0x000002898dc896fc	1	0	0x3f800000	0x00000000		PRIVATE	READWRITE
26	float	0x000002898dc8971c	1	0	0x3f800000	0x00000000		PRIVATE	READWRITE
26	float	0x000002898dc8974c	1	0	0x3f800000	0x00000000		PRIVATE	READWRITE
26	float	0x000002898dc89758	1	0	0x3f800000	0x00000000		PRIVATE	READWRITE
26	float	0x000002898dc8975c	1	0	0x3f800000	0x00000000		PRIVATE	READWRITE
26	float	0x000002898dc89764	1	0	0x3f800000	0x00000000		PRIVATE	READWRITE
26	float	0x000002898dc89768	1	0	0x3f800000	0x00000000		PRIVATE	READWRITE
26	float	0x000002898dc8978c	10	0	0x41200000	0x00000000		PRIVATE	READWRITE
26	float	0x000002898dc89794	1	0	0x3f800000	0x00000000		PRIVATE	READWRITE
26	float	0x000002898dc897bc	1	0	0x3f800000	0x00000000		PRIVATE	READWRITE
26	float	0x000002898dc897c4	1	0	0x3f800000	0x00000000		PRIVATE	READWRITE
26	float	0x000002898dc897cc	1	0	0x3f800000	0x00000000		PRIVATE	READWRITE
26	float	0x000002898dc897d4	1	0	0x3f800000	0x00000000		PRIVATE	READWRITE
26	float	0x000002898dc897dc	1	0	0x3f800000	0x00000000		PRIVATE	READWRITE
26	float	0x000002898dc897e4	1	0	0x3f800000	0x00000000		PRIVATE	READWRITE
26	float	0x000002898dc89868	-2.10669e-30	1	0x8e2aea50	0x3f800000		PRIVATE	READWRITE
26	float	0x000002898dc898ec	1	0	0x3f800000	0x00000000		PRIVATE	READWRITE
26	float	0x000002898dc89918	1	0	0x3f800000	0x00000000		PRIVATE	READWRITE
26	float	0x000002898dc89934	1	0	0x3f800000	0x00000000		PRIVATE	READWRITE
26	float	0x000002898dc8994c	1	0	0x3f800000	0x00000000		PRIVATE	READWRITE
26	float	0x000002898dc89954	1	0	0x3f800000	0x00000000		PRIVATE	READWRITE
26	float	0x000002898dc89958	1	0	0x3f800000	0x00000000		PRIVATE	READWRITE
26	float	0x000002898dc89cc4	9.09443e-43	1	0x00000289	0x3f800000		PRIVATE	READWRITE
26	float	0x000002898dc89ccc	1	0	0x3f800000	0x00000000		PRIVATE	READWRITE
26	float	0x000002898dc89cd0	0	1	0x00000000	0x3f800000		PRIVATE	READWRITE
26	float	0x000002898dc89cd4	1	2.32616e-43	0x3f800000	0x000000a6		PRIVATE	READWRITE
26	float	0x000002898dc8a968	0	10	0x00000000	0x41200000		PRIVATE	READWRITE
26	float	0x000002898dc8a96c	0	1	0x00000000	0x3f800000		PRIVATE	READWRITE
26	float	0x000002898dc8a970	0	1	0x00000000	0x3f800000		PRIVATE	READWRITE
26	float	0x000002898dc8a9a4	0	1	0x00000000	0x3f800000		PRIVATE	READWRITE
26	float	0x000002898dc8a9d4	0	1	0x00000000	0x3f800000		PRIVATE	READWRITE
26	float	0x000002898dc8a9d8	1	1.47926e-39	0x3f800000	0x00101b90		PRIVATE	READWRITE
26	float	0x000002898dc8a9e0	1	2.1367e-41	0x3f800000	0x00003b90		PRIVATE	READWRITE
26	float	0x000002898dc8a9e8	1	1.4893e-39	0x3f800000	0x00103790		PRIVATE	READWRITE
26	float	0x000002898dc8a9f0	1	5.60519e-45	0x3f800000	0x00000004		PRIVATE	READWRITE
26	float	0x000002898dc8a9f8	1	9.09443e-43	0x3f800000	0x00000289		PRIVATE	READWRITE
26	float	0x000002898dc8aa00	1	-1.68092e-30	0x3f800000	0x8e085f50		PRIVATE	READWRITE
26	float	0x000002898dc8aa4c	1	9.09443e-43	0x3f800000	0x00000289		PRIVATE	READWRITE
26	float	0x000002898dc8aa68	1	0	0x3f800000	0x00000000		PRIVATE	READWRITE
26	float	0x000002898dc8aa70	1	2.86986e-42	0x3f800000	0x00000800		PRIVATE	READWRITE
26	float	0x000002898dc8aa78	1	0	0x3f800000	0x00000000		PRIVATE	READWRITE
26	float	0x000002898dc8aa7c	0	1	0x00000000	0x3f800000		PRIVATE	READWRITE
26	float	0x000002898dc8aa80	1	7.00649e-44	0x3f800000	0x00000032		PRIVATE	READWRITE
26	float	0x000002898dc8aa98	1	2.8026e-45	0x3f800000	0x00000002		PRIVATE	READWRITE
26	float	0x000002898dc8aaa8	1	1.4013e-45	0x3f800000	0x00000001		PRIVATE	READWRITE
26	float	0x000002898dc8aab0	1	0	0x3f800000	0x00000000		PRIVATE	READWRITE
26	float	0x000002898dc8aacc	0	1	0x00000000	0x3f800000		PRIVATE	READWRITE
26	float	0x000002898dc8aad4	0	1	0x00000000	0x3f800000		PRIVATE	READWRITE
26	float	0x000002898dc8aad8	0	1	0x00000000	0x3f800000		PRIVATE	READWRITE
26	float	0x000002898dc8aaec	1	7.00649e-45	0x3f800000	0x00000005		PRIVATE	READWRITE
26	float	0x000002898dc8abb4	0	1	0x00000000	0x3f800000		PRIVATE	READWRITE
26	float	0x000002898dc8abbc	0	1	0x00000000	0x3f800000		PRIVATE	READWRITE
26	float	0x000002898dc8abc0	1	0	0x3f800000	0x00000000		PRIVATE	READWRITE
26	float	0x000002898dc8abc4	0	1	0x00000000	0x3f800000		PRIVATE	READWRITE
26	float	0x000002898dc8abcc	0	1	0x00000000	0x3f800000		PRIVATE	READWRITE
26	float	0x000002898dc8abd4	0	1	0x00000000	0x3f800000		PRIVATE	READWRITE
26	float	0x000002898dc8abe0	0	1	0x00000000	0x3f800000		PRIVATE	READWRITE
26	float	0x000002898dc8ac20	1	7.2307e-43	0x3f800000	0x00000204		PRIVATE	READWRITE
26	float	0x000002898dc8acb8	1	9.09443e-43	0x3f800000	0x00000289		PRIVATE	READWRITE
26	float	0x000002898dc8ada0	0	1	0x00000000	0x3f800000		PRIVATE	READWRITE
26	float	0x000002898dc8ada8	0	1	0x00000000	0x3f800000		PRIVATE	READWRITE
26	float	0x000002898dc8adb0	0	1	0x00000000	0x3f800000		PRIVATE	READWRITE
26	float	0x000002898dc8adb8	0	1	0x00000000	0x3f800000		PRIVATE	READWRITE
26	float	0x000002898dc8adc0	0	1	0x00000000	0x3f800000		PRIVATE	READWRITE
26	float	0x000002898dc8adcc	0	1	0x00000000	0x3f800000		PRIVATE	READWRITE
26	float	0x000002898dc8adf4	0	1	0x00000000	0x3f800000		PRIVATE	READWRITE
26	float	0x000002898dc8adfc	0	1	0x00000000	0x3f800000		PRIVATE	READWRITE
26	float	0x000002898dc8b360	0	1	0x00000000	0x3f800000		PRIVATE	READWRITE
26	float	0x000002898dc8b368	0	1	0x00000000	0x3f800000		PRIVATE	READWRITE
26	float	0x000002898dc8b370	0	1	0x00000000	0x3f800000		PRIVATE	READWRITE
26	float	0x000002898dc8b378	0	1	0x00000000	0x3f800000		PRIVATE	READWRITE
26	float	0x000002898dc8b380	0	1	0x00000000	0x3f800000		PRIVATE	READWRITE
26	float	0x000002898dc8b394	0	1	0x00000000	0x3f800000		PRIVATE	READWRITE
26	float	0x000002898dc8b3a0	0	1	0x00000000	0x3f800000		PRIVATE	READWRITE
26	float	0x000002898dc8b3ac	0	1	0x00000000	0x3f800000		PRIVATE	READWRITE
26	float	0x000002898dc8b3c0	0	1	0x00000000	0x3f800000		PRIVATE	READWRITE
26	float	0x000002898dc8b3c8	0	1	0x00000000	0x3f800000		PRIVATE	READWRITE
26	float	0x000002898dc8b954	0	1	0x00000000	0x3f800000		PRIVATE	READWRITE
26	float	0x000002898dc8b95c	0	1	0x00000000	0x3f800000		PRIVATE	READWRITE
26	float	0x000002898dc8b964	0	1	0x00000000	0x3f800000		PRIVATE	READWRITE
26	float	0x000002898dc8b96c	0	1	0x00000000	0x3f800000		PRIVATE	READWRITE
26	float	0x000002898dc8b974	0	1	0x00000000	0x3f800000		PRIVATE	READWRITE
26	float	0x000002898dc8b980	0	1	0x00000000	0x3f800000		PRIVATE	READWRITE
26	float	0x000002898dc8c5cc	0	1	0x00000000	0x3f800000		PRIVATE	READWRITE
26	float	0x000002898dc8c5d4	5.60519e-45	1	0x00000004	0x3f800000		PRIVATE	READWRITE
26	float	0x000002898dc8c5dc	9.09443e-43	1	0x00000289	0x3f800000		PRIVATE	READWRITE
26	float	0x000002898dc8c5e4	-2.10633e-30	1	0x8e2ae2d0	0x3f800000		PRIVATE	READWRITE
26	float	0x000002898dc8c5ec	2.30723e-39	1	0x00191fa0	0x3f800000		PRIVATE	READWRITE
26	float	0x000002898dc8c5f8	-1.85609e-30	1	0x8e169590	0x3f800000		PRIVATE	READWRITE
26	float	0x000002898dc8d234	2.2637e-33	1	0x093c0f80	0x3f800000		PRIVATE	READWRITE
26	float	0x000002898dc8d23c	4.48132e-39	1	0x0030cc18	0x3f800000		PRIVATE	READWRITE
26	float	0x000002898dc8d244	0	1	0x00000000	0x3f800000		PRIVATE	READWRITE
26	float	0x000002898dc8d248	1	0	0x3f800000	0x00000000		PRIVATE	READWRITE
26	float	0x000002898dc8d260	0	1	0x00000000	0x3f800000		PRIVATE	READWRITE
26	float	0x000002898dc8d264	1	1.65493e-42	0x3f800000	0x0000049d		PRIVATE	READWRITE
26	float	0x000002898dc8d26c	1	0	0x3f800000	0x00000000		PRIVATE	READWRITE
26	float	0x000002898dc8d394	1	1.03545e-38	0x3f800000	0x0070c018		PRIVATE	READWRITE
26	float	0x000002898dc8d3e4	1	0	0x3f800000	0x00000000		PRIVATE	READWRITE
26	float	0x000002898dc8d3fc	0	1	0x00000000	0x3f800000		PRIVATE	READWRITE
26	float	0x000002898dc8d414	1	0	0x3f800000	0x00000000		PRIVATE	READWRITE
26	float	0x000002898dc8d418	0	1	0x00000000	0x3f800000		PRIVATE	READWRITE
26	float	0x000002898dc8d5b0	1	0	0x3f800000	0x00000000		PRIVATE	READWRITE
26	float	0x000002898dc8d5b4	0	1	0x00000000	0x3f800000		PRIVATE	READWRITE
26	float	0x000002898dc8d5e0	0	1	0x00000000	0x3f800000		PRIVATE	READWRITE
26	float	0x000002898dc8d5e4	1	1.54143e-44	0x3f800000	0x0000000b		PRIVATE	READWRITE
26	float	0x000002898dc8d9f4	6.16571e-44	1	0x0000002c	0x3f800000		PRIVATE	READWRITE
26	float	0x000002898dc8d9fc	9.09443e-43	1	0x00000289	0x3f800000		PRIVATE	READWRITE
26	float	0x000002898dc8da18	-1.81044e-30	1	0x8e12e160	0x3f800000		PRIVATE	READWRITE
26	float	0x000002898dc8de24	1.0818e-42	1	0x00000304	0x3f800000		PRIVATE	READWRITE
26	float	0x000002898dc8de2c	9.09443e-43	1	0x00000289	0x3f800000		PRIVATE	READWRITE
26	float	0x000002898dc8de34	-3.16557e-21	1	0x9d6f2f00	0x3f800000		PRIVATE	READWRITE
26	float	0x000002898dc8de3c	1.65493e-42	1	0x0000049d	0x3f800000		PRIVATE	READWRITE
26	float	0x000002898dc8de44	0	1	0x00000000	0x3f800000		PRIVATE	READWRITE
26	float	0x000002898dc8de50	1.47459e-39	1	0x00100e90	0x3f800000		PRIVATE	READWRITE
26	float	0x000002898dc8ea9c	0	1	0x00000000	0x3f800000		PRIVATE	READWRITE
26	float	0x000002898dc8eaa4	0	1	0x00000000	0x3f800000		PRIVATE	READWRITE
26	float	0x000002898dc8eab0	1	0	0x3f800000	0x00000000		PRIVATE	READWRITE
26	float	0x000002898dc8eab4	0	1	0x00000000	0x3f800000		PRIVATE	READWRITE
26	float	0x000002898dc8eabc	0	1	0x00000000	0x3f800000		PRIVATE	READWRITE
26	float	0x000002898dc8eac8	0	1	0x00000000	0x3f800000		PRIVATE	READWRITE
26	float	0x000002898dc8eae8	1	8.01188e-32	0x3f800000	0x0bd00018		PRIVATE	READWRITE
26	float	0x000002898dc8f714	-0	1	0x80000000	0x3f800000		PRIVATE	READWRITE
26	float	0x000002898dc8f718	1	0	0x3f800000	0x00000000		PRIVATE	READWRITE
26	float	0x000002898dc8f71c	-0	1	0x80000000	0x3f800000		PRIVATE	READWRITE
26	float	0x000002898dc8f740	6.16571e-44	1	0x0000002c	0x3f800000		PRIVATE	READWRITE
26	float	0x000002898dc8f750	1	0	0x3f800000	0x00000000		PRIVATE	READWRITE
26	float	0x000002898dc8f754	1	1.79506e-42	0x3f800000	0x00000501		PRIVATE	READWRITE
26	float	0x000002898dc8f758	1	5.18845e-41	0x3f800000	0x000090a2		PRIVATE	READWRITE
26	float	0x000002898dc8fea8	1	0	0x3f800000	0x00000000		PRIVATE	READWRITE
26	float	0x000002898dc8feac	0	1	0x00000000	0x3f800000		PRIVATE	READWRITE
26	float	0x000002898dc8feb4	0	1	0x00000000	0x3f800000		PRIVATE	READWRITE
26	float	0x000002898dc8febc	2.86986e-42	1	0x00000800	0x3f800000		PRIVATE	READWRITE
26	float	0x000002898dc8fec4	8.82818e-44	1	0x0000003f	0x3f800000		PRIVATE	READWRITE
26	float	0x000002898dc8fecc	0	1	0x00000000	0x3f800000		PRIVATE	READWRITE
26	float	0x000002898dc8fedc	1	1.54143e-44	0x3f800000	0x0000000b		PRIVATE	READWRITE
26	float	0x000002898dc90644	0	1	0x00000000	0x3f800000		PRIVATE	READWRITE
26	float	0x000002898dc90698	1	7.01546e-41	0x3f800000	0x0000c390		PRIVATE	READWRITE
26	float	0x000002898dc906b8	1	9.09443e-43	0x3f800000	0x00000289		PRIVATE	READWRITE
26	float	0x000002898dc906fc	0	1	0x00000000	0x3f800000		PRIVATE	READWRITE
26	float	0x000002898dc90720	0	1	0x00000000	0x3f800000		PRIVATE	READWRITE
26	float	0x000002898dc90728	0	1	0x00000000	0x3f800000		PRIVATE	READWRITE
26	float	0x000002898dc9073c	1	6.16571e-44	0x3f800000	0x0000002c		PRIVATE	READWRITE
26	float	0x000002898dc90764	1	9.09443e-43	0x3f800000	0x00000289		PRIVATE	READWRITE
26	float	0x000002898dc907ac	1	1.46938e-39	0x3f800000	0x00100006		PRIVATE	READWRITE
26	float	0x000002898dc907c0	1	1.48822e-39	0x3f800000	0x00103490		PRIVATE	READWRITE
26	float	0x000002898dc907cc	1	5.22404e-42	0x3f800000	0x00000e90		PRIVATE	READWRITE
26	float	0x000002898dc907e0	1	9.09443e-43	0x3f800000	0x00000289		PRIVATE	READWRITE
26	float	0x000002898dc907fc	2	7.2307e-43	0x40000000	0x00000204		PRIVATE	READWRITE
26	float	0x000002898dc90808	1	1.0818e-42	0x3f800000	0x00000304		PRIVATE	READWRITE
26	float	0x000002898dc9080c	1	-1.68052e-30	0x3f800000	0x8e085710		PRIVATE	READWRITE
26	float	0x000002898dc90810	1	9.09443e-43	0x3f800000	0x00000289		PRIVATE	READWRITE
26	float	0x000002898dc90814	1	1.44053e-42	0x3f800000	0x00000404		PRIVATE	READWRITE
26	float	0x000002898dc90818	1	-3.16557e-21	0x3f800000	0x9d6f2f00		PRIVATE	READWRITE
26	float	0x000002898dc90840	1	9.09443e-43	0x3f800000	0x00000289		PRIVATE	READWRITE
26	float	0x000002898dc90844	1	2.87546e-42	0x3f800000	0x00000804		PRIVATE	READWRITE
26	float	0x000002898dc9087c	1	9.09443e-43	0x3f800000	0x00000289		PRIVATE	READWRITE
26	float	0x000002898dc90880	1	4.66913e-42	0x3f800000	0x00000d04		PRIVATE	READWRITE
26	float	0x000002898dc90884	1	-1.6813e-30	0x3f800000	0x8e086730		PRIVATE	READWRITE
26	float	0x000002898dc9088c	1	4.70206e-38	0x3f800000	0x01800094		PRIVATE	READWRITE
26	float	0x000002898dc90894	1	9.09443e-43	0x3f800000	0x00000289		PRIVATE	READWRITE
26	float	0x000002898dc9089c	1	-1.68207e-30	0x3f800000	0x8e087750		PRIVATE	READWRITE
26	float	0x000002898dc908a4	1	1.65493e-42	0x3f800000	0x0000049d		PRIVATE	READWRITE
26	float	0x000002898dc908bc	1	1.65493e-42	0x3f800000	0x0000049d		PRIVATE	READWRITE
26	float	0x000002898dc908c4	1	0	0x3f800000	0x00000000		PRIVATE	READWRITE
26	float	0x000002898dc908dc	1	6.16571e-44	0x3f800000	0x0000002c		PRIVATE	READWRITE
26	float	0x000002898dc908e4	1	9.09443e-43	0x3f800000	0x00000289		PRIVATE	READWRITE
26	float	0x000002898dc908f4	1	4.14368e-37	0x3f800000	0x030d0091		PRIVATE	READWRITE
26	float	0x000002898dc90a10	8.81624e-39	1	0x00600018	0x3f800000		PRIVATE	READWRITE
26	float	0x000002898dc90a94	0	10	0x00000000	0x41200000		PRIVATE	READWRITE
26	float	0x000002898dc90a98	0	1	0x00000000	0x3f800000		PRIVATE	READWRITE
26	float	0x000002898dc90a9c	0	1	0x00000000	0x3f800000		PRIVATE	READWRITE
26	float	0x000002898dc90ab4	1	0	0x3f800000	0x00000000		PRIVATE	READWRITE
26	float	0x000002898dc90ad0	0	1	0x00000000	0x3f800000		PRIVATE	READWRITE
26	float	0x000002898dc90b00	0	1	0x00000000	0x3f800000		PRIVATE	READWRITE
26	float	0x000002898dc90b40	1	2.94843e-39	0x3f800000	0x00201b06		PRIVATE	READWRITE
26	float	0x000002898dc90b64	1	7.00649e-45	0x3f800000	0x00000005		PRIVATE	READWRITE
26	float	0x000002898dc90b6c	1	9.09443e-43	0x3f800000	0x00000289		PRIVATE	READWRITE
26	float	0x000002898dc90b74	1	1.06531e-37	0x3f800000	0x02110091		PRIVATE	READWRITE
26	float	0x000002898dc90b7c	1	1.4694e-39	0x3f800000	0x00100018		PRIVATE	READWRITE
26	float	0x000002898dc90b90	1	1.46938e-39	0x3f800000	0x00100006		PRIVATE	READWRITE
26	float	0x000002898dc90b9c	1	0	0x3f800000	0x00000000		PRIVATE	READWRITE
26	float	0x000002898dc90bb0	1	2.2101e-38	0x3f800000	0x00f0a890		PRIVATE	READWRITE
26	float	0x000002898dc90bbc	1	-1.85609e-30	0x3f800000	0x8e169590		PRIVATE	READWRITE
26	float	0x000002898dc90bc8	1	-2.10633e-30	0x3f800000	0x8e2ae2d0		PRIVATE	READWRITE
26	float	0x000002898dc90bcc	1	9.09443e-43	0x3f800000	0x00000289		PRIVATE	READWRITE
26	float	0x000002898dc90bd0	1	2.86712e-39	0x3f800000	0x001f3860		PRIVATE	READWRITE
26	float	0x000002898dc90bd4	1	3.36312e-44	0x3f800000	0x00000018		PRIVATE	READWRITE
26	float	0x000002898dc90bd8	1	7.28675e-43	0x3f800000	0x00000208		PRIVATE	READWRITE
26	float	0x000002898dc90bfc	1	0	0x3f800000	0x00000000		PRIVATE	READWRITE
26	float	0x000002898dc90c0c	1	8.96831e-43	0x3f800000	0x00000280		PRIVATE	READWRITE
26	float	0x000002898dc90c10	1	5.60519e-43	0x3f800000	0x00000190		PRIVATE	READWRITE
26	float	0x000002898dc90c14	1	3.92364e-44	0x3f800000	0x0000001c		PRIVATE	READWRITE
26	float	0x000002898dc90c24	1	0	0x3f800000	0x00000000		PRIVATE	READWRITE
26	float	0x000002898dc90c2c	1	8.96831e-43	0x3f800000	0x00000280		PRIVATE	READWRITE
26	float	0x000002898dc90c34	1	1.65493e-42	0x3f800000	0x0000049d		PRIVATE	READWRITE
26	float	0x000002898dc90cc0	1	0	0x3f800000	0x00000000		PRIVATE	READWRITE
26	float	0x000002898dc90d44	1	0	0x3f800000	0x00000000		PRIVATE	READWRITE
26	float	0x000002898dc90d6c	1	0	0x3f800000	0x00000000		PRIVATE	READWRITE
26	float	0x000002898dc90d80	1	0	0x3f800000	0x00000000		PRIVATE	READWRITE
26	float	0x000002898dc90e0c	1	1.65493e-42	0x3f800000	0x0000049d		PRIVATE	READWRITE
26	float	0x000002898dc90e28	1	0	0x3f800000	0x00000000		PRIVATE	READWRITE
26	float	0x000002898dc90e38	1	0	0x3f800000	0x00000000		PRIVATE	READWRITE
26	float	0x000002898dc90e48	1	0	0x3f800000	0x00000000		PRIVATE	READWRITE
26	float	0x000002898dc90e5c	1	0	0x3f800000	0x00000000		PRIVATE	READWRITE
26	float	0x000002898dc90e68	1	0	0x3f800000	0x00000000		PRIVATE	READWRITE
26	float	0x000002898dc90e74	1	0	0x3f800000	0x00000000		PRIVATE	READWRITE
26	float	0x000002898dc90e78	1	0	0x3f800000	0x00000000		PRIVATE	READWRITE
26	float	0x000002898dc90e7c	1	0	0x3f800000	0x00000000		PRIVATE	READWRITE
26	float	0x000002898dc90e84	1	0	0x3f800000	0x00000000		PRIVATE	READWRITE
26	float	0x000002898dc90eb8	1	0	0x3f800000	0x00000000		PRIVATE	READWRITE
26	float	0x000002898dc90ebc	1	0	0x3f800000	0x00000000		PRIVATE	READWRITE
26	float	0x000002898dc90f28	1	0	0x3f800000	0x00000000		PRIVATE	READWRITE
26	float	0x000002898dc90f38	1	0	0x3f800000	0x00000000		PRIVATE	READWRITE
26	float	0x000002898dc90f4c	1	7.14662e-44	0x3f800000	0x00000033		PRIVATE	READWRITE
26	float	0x000002898dc90f50	1	-2.10633e-30	0x3f800000	0x8e2ae2d0		PRIVATE	READWRITE
26	float	0x000002898dc90f54	1	9.09443e-43	0x3f800000	0x00000289		PRIVATE	READWRITE
26	float	0x000002898dc90f8c	2.60896e-38	1	0x010e0b91	0x3f800000		PRIVATE	READWRITE
26	float	0x000002898dc9146c	1	7.91734e-43	0x3f800000	0x00000235		PRIVATE	READWRITE
26	float	0x000002898dc91480	1	5.87751e-39	0x3f800000	0x00400018		PRIVATE	READWRITE
26	float	0x000002898dc91494	1	0	0x3f800000	0x00000000		PRIVATE	READWRITE
26	float	0x000002898dc914c0	0	1	0x00000000	0x3f800000		PRIVATE	READWRITE
26	float	0x000002898dc91518	1	1.17634e-38	0x3f800000	0x00801790		PRIVATE	READWRITE
26	float	0x000002898dc91550	1	9.09443e-43	0x3f800000	0x00000289		PRIVATE	READWRITE
26	float	0x000002898dc9156c	1	1.79927e-42	0x3f800000	0x00000504		PRIVATE	READWRITE
26	float	0x000002898dc91574	1	9.09443e-43	0x3f800000	0x00000289		PRIVATE	READWRITE
26	float	0x000002898dc91584	1	2.51673e-42	0x3f800000	0x00000704		PRIVATE	READWRITE
26	float	0x000002898dc915d8	1	7.14662e-44	0x3f800000	0x00000033		PRIVATE	READWRITE
26	float	0x000002898dc915f8	1	0	0x3f800000	0x00000000		PRIVATE	READWRITE
26	float	0x000002898dc91618	0	1	0x00000000	0x3f800000		PRIVATE	READWRITE
26	float	0x000002898dc91670	1	-2.37088e-21	0x3f800000	0x9d332390		PRIVATE	READWRITE
26	float	0x000002898dc91684	1	0	0x3f800000	0x00000000		PRIVATE	READWRITE
26	float	0x000002898dc916a0	1	0	0x3f800000	0x00000000		PRIVATE	READWRITE
26	float	0x000002898dc916c0	1	0	0x3f800000	0x00000000		PRIVATE	READWRITE
26	float	0x000002898dc916e0	1	0	0x3f800000	0x00000000		PRIVATE	READWRITE
26	float	0x000002898dc91700	1	0	0x3f800000	0x00000000		PRIVATE	READWRITE
26	float	0x000002898dc9170c	1	1.32243e-38	0x3f800000	0x00900006		PRIVATE	READWRITE
26	float	0x000002898dc9172c	1	0	0x3f800000	0x00000000		PRIVATE	READWRITE
26	float	0x000002898dc91768	1	0	0x3f800000	0x00000000		PRIVATE	READWRITE
26	float	0x000002898dc9177c	1	0	0x3f800000	0x00000000		PRIVATE	READWRITE
26	float	0x000002898dc91784	1	0	0x3f800000	0x00000000		PRIVATE	READWRITE
26	float	0x000002898dc91788	1	0	0x3f800000	0x00000000		PRIVATE	READWRITE
26	float	0x000002898dc917ac	10	-1.68052e-30	0x41200000	0x8e085710		PRIVATE	READWRITE
26	float	0x000002898dc917b0	1	9.09443e-43	0x3f800000	0x00000289		PRIVATE	READWRITE
26	float	0x000002898dc917b4	1	7.14662e-44	0x3f800000	0x00000033		PRIVATE	READWRITE
26	float	0x000002898dc917dc	2	-2.10693e-30	0x40000000	0x8e2aef30		PRIVATE	READWRITE
26	float	0x000002898dc917ec	1	0	0x3f800000	0x00000000		PRIVATE	READWRITE
26	float	0x000002898dc917f0	1	3.58732e-42	0x3f800000	0x00000a00		PRIVATE	READWRITE
26	float	0x000002898dc917f4	1	2.24208e-42	0x3f800000	0x00000640		PRIVATE	READWRITE
26	float	0x000002898dc917fc	1	0	0x3f800000	0x00000000		PRIVATE	READWRITE
26	float	0x000002898dc91800	0	1	0x00000000	0x3f800000		PRIVATE	READWRITE
26	float	0x000002898dc91804	1	7.00649e-44	0x3f800000	0x00000032		PRIVATE	READWRITE
26	float	0x000002898dc9180c	1	0	0x3f800000	0x00000000		PRIVATE	READWRITE
26	float	0x000002898dc91814	1	2.24208e-42	0x3f800000	0x00000640		PRIVATE	READWRITE
26	float	0x000002898dc9181c	1	3.67345e-40	0x3f800000	0x00040002		PRIVATE	READWRITE
26	float	0x000002898dc91824	1	1.32243e-38	0x3f800000	0x00900018		PRIVATE	READWRITE
26	float	0x000002898dc9182c	1	0	0x3f800000	0x00000000		PRIVATE	READWRITE
26	float	0x000002898dc91844	1	0	0x3f800000	0x00000000		PRIVATE	READWRITE
26	float	0x000002898dc91854	1	0	0x3f800000	0x00000000		PRIVATE	READWRITE
26	float	0x000002898dc91864	1	0	0x3f800000	0x00000000		PRIVATE	READWRITE
26	float	0x000002898dc9194c	1	5.60519e-45	0x3f800000	0x00000004		PRIVATE	READWRITE
26	float	0x000002898dc91968	1	3.36312e-44	0x3f800000	0x00000018		PRIVATE	READWRITE
26	float	0x000002898dc91998	0	1	0x00000000	0x3f800000		PRIVATE	READWRITE
26	float	0x000002898dc91a08	1	9.09443e-43	0x3f800000	0x00000289		PRIVATE	READWRITE
26	float	0x000002898dc91a2c	1	0	0x3f800000	0x00000000		PRIVATE	READWRITE
26	float	0x000002898dc91a40	3.58732e-42	1	0x00000a00	0x3f800000		PRIVATE	READWRITE
26	float	0x000002898dc91a4c	1	0	0x3f800000	0x00000000		PRIVATE	READWRITE
26	float	0x000002898dc91ad0	0	1	0x00000000	0x3f800000		PRIVATE	READWRITE
26	float	0x000002898dc91b00	1	0	0x3f800000	0x00000000		PRIVATE	READWRITE
26	float	0x000002898dc91b14	1	3.06884e-43	0x3f800000	0x000000db		PRIVATE	READWRITE
26	float	0x000002898dc91b3c	1	9.09443e-43	0x3f800000	0x00000289		PRIVATE	READWRITE
26	float	0x000002898dc91c50	0	1	0x00000000	0x3f800000		PRIVATE	READWRITE
26	float	0x000002898dc91c58	0	1	0x00000000	0x3f800000		PRIVATE	READWRITE
26	float	0x000002898dc91c60	0	1	0x00000000	0x3f800000		PRIVATE	READWRITE
26	float	0x000002898dc91c68	-1.23329e-30	1	0x8dc81d00	0x3f800000		PRIVATE	READWRITE
26	float	0x000002898dc91c70	4.59177e-41	1	0x00008000	0x3f800000		PRIVATE	READWRITE
26	float	0x000002898dc91c84	0	1	0x00000000	0x3f800000		PRIVATE	READWRITE
26	float	0x000002898dc91c90	0	1	0x00000000	0x3f800000		PRIVATE	READWRITE
26	float	0x000002898dc91c9c	0	1	0x00000000	0x3f800000		PRIVATE	READWRITE
26	float	0x000002898dc91cb0	0	1	0x00000000	0x3f800000		PRIVATE	READWRITE
26	float	0x000002898dc91cb8	0	1	0x00000000	0x3f800000		PRIVATE	READWRITE
26	float	0x000002898dc91d24	9.80909e-45	1	0x00000007	0x3f800000		PRIVATE	READWRITE
26	float	0x000002898dc91d2c	0	1	0x00000000	0x3f800000		PRIVATE	READWRITE
26	float	0x000002898dc91d34	9.80909e-45	1	0x00000007	0x3f800000		PRIVATE	READWRITE
26	float	0x000002898dc91d3c	2.32616e-43	1	0x000000a6	0x3f800000		PRIVATE	READWRITE
26	float	0x000002898dc91d44	9.09443e-43	1	0x00000289	0x3f800000		PRIVATE	READWRITE
26	float	0x000002899ccc792c	0	1	0x00000000	0x3f800000		PRIVATE	READWRITE
26	float	0x000002899ccc793c	0	1	0x00000000	0x3f800000		PRIVATE	READWRITE
26	float	0x000002899ccc794c	0	1	0x00000000	0x3f800000		PRIVATE	READWRITE
26	float	0x000002899ccc7960	0	1	0x00000000	0x3f800000		PRIVATE	READWRITE
26	float	0x000002899ccc796c	0	1	0x00000000	0x3f800000		PRIVATE	READWRITE
26	float	0x000002899ccc7978	0	1	0x00000000	0x3f800000		PRIVATE	READWRITE
26	float	0x000002899ccc798c	0	1	0x00000000	0x3f800000		PRIVATE	READWRITE
26	float	0x000002899ccc7f20	0	1	0x00000000	0x3f800000		PRIVATE	READWRITE
26	float	0x000002899ccc7f28	0	1	0x00000000	0x3f800000		PRIVATE	READWRITE
26	float	0x000002899ccc7f30	0	1	0x00000000	0x3f800000		PRIVATE	READWRITE
26	float	0x000002899ccc7f38	0	1	0x00000000	0x3f800000		PRIVATE	READWRITE
26	float	0x000002899ccc7f40	0	1	0x00000000	0x3f800000		PRIVATE	READWRITE
26	float	0x000002899ccc7f4c	0	1	0x00000000	0x3f800000		PRIVATE	READWRITE
26	float	0x000002899ccc8b98	0	1	0x00000000	0x3f800000		PRIVATE	READWRITE
26	float	0x000002899ccc8ba0	0	1	0x00000000	0x3f800000		PRIVATE	READWRITE
26	float	0x000002899ccc8ba8	0	1	0x00000000	0x3f800000		PRIVATE	READWRITE
26	float	0x000002899ccc8bb0	0	1	0x00000000	0x3f800000		PRIVATE	READWRITE
26	float	0x000002899ccc8bb8	0	1	0x00000000	0x3f800000		PRIVATE	READWRITE
26	float	0x000002899ccc8bc4	0	1	0x00000000	0x3f800000		PRIVATE	READWRITE
26	float	0x000002899ccc9800	0	1	0x00000000	0x3f800000		PRIVATE	READWRITE
26	float	0x000002899ccc9810	0	1	0x00000000	0x3f800000		PRIVATE	READWRITE
26	float	0x000002899ccc9820	0	1	0x00000000	0x3f800000		PRIVATE	READWRITE
26	float	0x000002899ccc982c	0	1	0x00000000	0x3f800000		PRIVATE	READWRITE
26	float	0x000002899ccc99c0	0	1	0x00000000	0x3f800000		PRIVATE	READWRITE
26	float	0x000002899ccc99d0	0	1	0x00000000	0x3f800000		PRIVATE	READWRITE
26	float	0x000002899ccc99e4	0	1	0x00000000	0x3f800000		PRIVATE	READWRITE
26	float	0x000002899ccc9b80	0	1	0x00000000	0x3f800000		PRIVATE	READWRITE
26	float	0x000002899ccc9b88	0	1	0x00000000	0x3f800000		PRIVATE	READWRITE
26	float	0x000002899ccc9b90	0	1	0x00000000	0x3f800000		PRIVATE	READWRITE
26	float	0x000002899ccc9b98	0	1	0x00000000	0x3f800000		PRIVATE	READWRITE
26	float	0x000002899ccc9ba0	0	1	0x00000000	0x3f800000		PRIVATE	READWRITE
26	float	0x000002899ccc9fb8	0	1	0x00000000	0x3f800000		PRIVATE	READWRITE
26	float	0x000002899ccc9fc0	0	1	0x00000000	0x3f800000		PRIVATE	READWRITE
26	float	0x000002899ccc9fc8	0	1	0x00000000	0x3f800000		PRIVATE	READWRITE
26	float	0x000002899ccc9fd0	0	1	0x00000000	0x3f800000		PRIVATE	READWRITE
26	float	0x000002899ccc9fd8	0	1	0x00000000	0x3f800000		PRIVATE	READWRITE
26	float	0x000002899ccc9fe4	0	1	0x00000000	0x3f800000		PRIVATE	READWRITE
26	float	0x000002899ccca3f0	0	1	0x00000000	0x3f800000		PRIVATE	READWRITE
26	float	0x000002899ccca3f8	0	1	0x00000000	0x3f800000		PRIVATE	READWRITE
26	float	0x000002899ccca400	0	1	0x00000000	0x3f800000		PRIVATE	READWRITE
26	float	0x000002899ccca408	0	1	0x00000000	0x3f800000		PRIVATE	READWRITE
26	float	0x000002899ccca410	0	1	0x00000000	0x3f800000		PRIVATE	READWRITE
26	float	0x000002899ccca41c	0	1	0x00000000	0x3f800000		PRIVATE	READWRITE
26	float	0x000002899cccb064	1	0	0x3f800000	0x00000000		PRIVATE	READWRITE
26	float	0x000002899cccb068	4.40811e-39	1	0x00300006	0x3f800000		PRIVATE	READWRITE
26	float	0x000002899cccb070	3	1	0x40400000	0x3f800000		PRIVATE	READWRITE
26	float	0x000002899cccb078	3	1	0x40400000	0x3f800000		PRIVATE	READWRITE
26	float	0x000002899cccb080	0	1	0x00000000	0x3f800000		PRIVATE	READWRITE
26	float	0x000002899cccb088	0	1	0x00000000	0x3f800000		PRIVATE	READWRITE
26	float	0x000002899cccb094	0	1	0x00000000	0x3f800000		PRIVATE	READWRITE
26	float	0x000002899cccbcdc	1	0	0x3f800000	0x00000000		PRIVATE	READWRITE
26	float	0x000002899cccbce0	6.5861e-44	1	0x0000002f	0x3f800000		PRIVATE	READWRITE
26	float	0x000002899cccbce8	9.09443e-43	1	0x00000289	0x3f800000		PRIVATE	READWRITE
26	float	0x000002899cccbcf8	7.14662e-44	1	0x00000033	0x3f800000		PRIVATE	READWRITE
26	float	0x000002899cccbd00	9.09443e-43	1	0x00000289	0x3f800000		PRIVATE	READWRITE
26	float	0x000002899cccbd0c	1.65493e-42	1	0x0000049d	0x3f800000		PRIVATE	READWRITE
26	float	0x000002899cccc478	0	1	0x00000000	0x3f800000		PRIVATE	READWRITE
26	float	0x000002899cccc480	0	1	0x00000000	0x3f800000		PRIVATE	READWRITE
26	float	0x000002899cccc488	0	1	0x00000000	0x3f800000		PRIVATE	READWRITE
26	float	0x000002899cccc490	0	1	0x00000000	0x3f800000		PRIVATE	READWRITE
26	float	0x000002899cccc498	3.78351e-44	1	0x0000001b	0x3f800000		PRIVATE	READWRITE
26	float	0x000002899cccc4a4	4.90454e-44	1	0x00000023	0x3f800000		PRIVATE	READWRITE
26	float	0x000002899cccc4b4	1	0	0x3f800000	0x00000000		PRIVATE	READWRITE
26	float	0x000002899ccccc10	8.82358e-39	1	0x00601490	0x3f800000		PRIVATE	READWRITE
26	float	0x000002899ccccc18	8.89103e-39	1	0x0060d090	0x3f800000		PRIVATE	READWRITE
26	float	0x000002899ccccc20	4.14368e-37	1	0x030d0091	0x3f800000		PRIVATE	READWRITE
26	float	0x000002899ccccc28	1.4013e-45	1	0x00000001	0x3f800000		PRIVATE	READWRITE
26	float	0x000002899ccccc2c	1	1.46938e-39	0x3f800000	0x00100006		PRIVATE	READWRITE
26	float	0x000002899ccccc3c	0	1	0x00000000	0x3f800000		PRIVATE	READWRITE
26	float	0x000002899ccccc88	1	3.78351e-44	0x3f800000	0x0000001b		PRIVATE	READWRITE
26	float	0x000002899ccccca0	1	0	0x3f800000	0x00000000		PRIVATE	READWRITE
26	float	0x000002899ccccca4	2	1	0x40000000	0x3f800000		PRIVATE	READWRITE
26	float	0x000002899cccccc8	0	1	0x00000000	0x3f800000		PRIVATE	READWRITE
26	float	0x000002899ccccce8	1	0	0x3f800000	0x00000000		PRIVATE	READWRITE
26	float	0x000002899cccccec	0	1	0x00000000	0x3f800000		PRIVATE	READWRITE
26	float	0x000002899cccccf4	0	1	0x00000000	0x3f800000		PRIVATE	READWRITE
26	float	0x000002899ccccd10	1	9.09443e-43	0x3f800000	0x00000289		PRIVATE	READWRITE
26	float	0x000002899ccccd14	1	1.46974e-39	0x3f800000	0x00100106		PRIVATE	READWRITE
26	float	0x000002899ccccd1c	0	1	0x00000000	0x3f800000		PRIVATE	READWRITE
26	float	0x000002899cccce5c	1	-1.68193e-30	0x3f800000	0x8e087450		PRIVATE	READWRITE
26	float	0x000002899cccce70	1	1.65493e-42	0x3f800000	0x0000049d		PRIVATE	READWRITE
26	float	0x000002899cccce84	1	2.95795e-39	0x3f800000	0x00203590		PRIVATE	READWRITE
26	float	0x000002899cccceb0	1	9.09443e-43	0x3f800000	0x00000289		PRIVATE	READWRITE
26	float	0x000002899ccccec4	1	4.17307e-37	0x3f800000	0x030e0091		PRIVATE	READWRITE
26	float	0x000002899cccced8	1	1.65752e-36	0x3f800000	0x040d0191		PRIVATE	READWRITE
26	float	0x000002899ccccedc	1	1.66927e-36	0x3f800000	0x040e0191		PRIVATE	READWRITE
26	float	0x000002899ccccef0	1	2.60831e-38	0x3f800000	0x010e0291		PRIVATE	READWRITE
26	float	0x000002899ccccf04	1	4.14414e-37	0x3f800000	0x030d0491		PRIVATE	READWRITE
26	float	0x000002899ccccf18	1	1.07277e-37	0x3f800000	0x02120491		PRIVATE	READWRITE
26	float	0x000002899ccccf1c	1	1.37917e-39	0x3f800000	0x000f0491		PRIVATE	READWRITE
26	float	0x000002899cccd018	1	-0	0x3f800000	0x80000000		PRIVATE	READWRITE
26	float	0x000002899cccd01c	1	-0	0x3f800000	0x80000000		PRIVATE	READWRITE
26	float	0x000002899cccd024	0	1	0x00000000	0x3f800000		PRIVATE	READWRITE
26	float	0x000002899cccd030	1	0	0x3f800000	0x00000000		PRIVATE	READWRITE
26	float	0x000002899cccd044	1	0	0x3f800000	0x00000000		PRIVATE	READWRITE
26	float	0x000002899cccd048	0	1	0x00000000	0x3f800000		PRIVATE	READWRITE
26	float	0x000002899cccd090	0	2	0x00000000	0x40000000		PRIVATE	READWRITE
26	float	0x000002899cccd0a8	0	10	0x00000000	0x41200000		PRIVATE	READWRITE
26	float	0x000002899cccd0ac	0	1	0x00000000	0x3f800000		PRIVATE	READWRITE
26	float	0x000002899cccd0b0	0	1	0x00000000	0x3f800000		PRIVATE	READWRITE
26	float	0x000002899cccd0d0	0	2	0x00000000	0x40000000		PRIVATE	READWRITE
26	float	0x000002899cccd0e4	0	1	0x00000000	0x3f800000		PRIVATE	READWRITE
26	float	0x000002899cccd114	0	1	0x00000000	0x3f800000		PRIVATE	READWRITE
26	float	0x000002899cccd1bc	0	1	0x00000000	0x3f800000		PRIVATE	READWRITE
26	float	0x000002899cccd1e0	0	1	0x00000000	0x3f800000		PRIVATE	READWRITE
26	float	0x000002899cccd20c	0	1	0x00000000	0x3f800000		PRIVATE	READWRITE
26	float	0x000002899cccd210	0	1	0x00000000	0x3f800000		PRIVATE	READWRITE
26	float	0x000002899cccd214	0	1	0x00000000	0x3f800000		PRIVATE	READWRITE
26	float	0x000002899cccd218	0	1	0x00000000	0x3f800000		PRIVATE	READWRITE
26	float	0x000002899cccd2f4	0	1	0x00000000	0x3f800000		PRIVATE	READWRITE
26	float	0x000002899cccd304	0	1	0x00000000	0x3f800000		PRIVATE	READWRITE
26	float	0x000002899cccd30c	4.40817e-39	1	0x00300030	0x3f800000		PRIVATE	READWRITE
26	float	0x000002899cccd314	0	1	0x00000000	0x3f800000		PRIVATE	READWRITE
26	float	0x000002899cccd320	0	1	0x00000000	0x3f800000		PRIVATE	READWRITE
26	float	0x000002899cccd348	2	5.60519e-45	0x40000000	0x00000004		PRIVATE	READWRITE
26	float	0x000002899cccd360	1	7.2307e-43	0x3f800000	0x00000204		PRIVATE	READWRITE
26	float	0x000002899cccd368	1	9.09443e-43	0x3f800000	0x00000289		PRIVATE	READWRITE
26	float	0x000002899cccd36c	1	1.0818e-42	0x3f800000	0x00000304		PRIVATE	READWRITE
26	float	0x000002899cccd370	1	-1.68052e-30	0x3f800000	0x8e085710		PRIVATE	READWRITE
26	float	0x000002899cccd4e0	0	1	0x00000000	0x3f800000		PRIVATE	READWRITE
26	float	0x000002899cccd4e8	0	1	0x00000000	0x3f800000		PRIVATE	READWRITE
26	float	0x000002899cccd4f0	0	1	0x00000000	0x3f800000		PRIVATE	READWRITE
26	float	0x000002899cccd4f8	0	1	0x00000000	0x3f800000		PRIVATE	READWRITE
26	float	0x000002899cccd500	0	1	0x00000000	0x3f800000		PRIVATE	READWRITE
26	float	0x000002899cccd50c	0	1	0x00000000	0x3f800000		PRIVATE	READWRITE
26	float	0x000002899cccd534	4.40817e-39	1	0x00300030	0x3f800000		PRIVATE	READWRITE
26	float	0x000002899cccd53c	0	1	0x00000000	0x3f800000		PRIVATE	READWRITE
26	float	0x000002899cccdaa0	0	1	0x00000000	0x3f800000		PRIVATE	READWRITE
26	float	0x000002899cccdaa8	0	1	0x00000000	0x3f800000		PRIVATE	READWRITE
26	float	0x000002899cccdab0	0	1	0x00000000	0x3f800000		PRIVATE	READWRITE
26	float	0x000002899cccdab8	0	1	0x00000000	0x3f800000		PRIVATE	READWRITE
26	float	0x000002899cccdac0	0	1	0x00000000	0x3f800000		PRIVATE	READWRITE
26	float	0x000002899cccdad4	0	1	0x00000000	0x3f800000		PRIVATE	READWRITE
26	float	0x000002899cccdae0	0	1	0x00000000	0x3f800000		PRIVATE	READWRITE
26	float	0x000002899cccdaec	0	1	0x00000000	0x3f800000		PRIVATE	READWRITE
26	float	0x000002899cccdb00	0	1	0x00000000	0x3f800000		PRIVATE	READWRITE
26	float	0x000002899cccdb08	0	1	0x00000000	0x3f800000		PRIVATE	READWRITE
26	float	0x000002899cccdb60	1	-1.67311e-21	0x3f800000	0x9cfcd580		PRIVATE	READWRITE
26	float	0x000002899cccdb64	1	9.09443e-43	0x3f800000	0x00000289		PRIVATE	READWRITE
26	float	0x000002899ccce094	0	1	0x00000000	0x3f800000		PRIVATE	READWRITE
26	float	0x000002899ccce09c	0	1	0x00000000	0x3f800000		PRIVATE	READWRITE
26	float	0x000002899ccce0a4	9.3276e-41	1	0x00010404	0x3f800000		PRIVATE	READWRITE
26	float	0x000002899ccce0ac	0	1	0x00000000	0x3f800000		PRIVATE	READWRITE
26	float	0x000002899ccce0b4	-2.10633e-30	1	0x8e2ae2d0	0x3f800000		PRIVATE	READWRITE
26	float	0x000002899ccce0c0	3.36312e-44	1	0x00000018	0x3f800000		PRIVATE	READWRITE
26	float	0x000002899cccf114	1	0	0x3f800000	0x00000000		PRIVATE	READWRITE
26	float	0x000002899cccf118	0	1	0x00000000	0x3f800000		PRIVATE	READWRITE
26	float	0x000002899cccf11c	1	0	0x3f800000	0x00000000		PRIVATE	READWRITE
26	float	0x000002899cccf120	0	1	0x00000000	0x3f800000		PRIVATE	READWRITE
26	float	0x000002899cccf1cc	0	1	0x00000000	0x3f800000		PRIVATE	READWRITE
26	float	0x000002899cccf23c	0	1	0x00000000	0x3f800000		PRIVATE	READWRITE
26	float	0x000002899cccf250	0	1	0x00000000	0x3f800000		PRIVATE	READWRITE
26	float	0x000002899cccf25c	0	1	0x00000000	0x3f800000		PRIVATE	READWRITE
26	float	0x000002899cccf270	0	1	0x00000000	0x3f800000		PRIVATE	READWRITE
26	float	0x000002899cccf28c	0	1	0x00000000	0x3f800000		PRIVATE	READWRITE
26	float	0x000002899cccf298	0	1	0x00000000	0x3f800000		PRIVATE	READWRITE
26	float	0x000002899cccf29c	0	1	0x00000000	0x3f800000		PRIVATE	READWRITE
26	float	0x000002899cccf2a0	0	1	0x00000000	0x3f800000		PRIVATE	READWRITE
26	float	0x000002899cccf2a4	0	1	0x00000000	0x3f800000		PRIVATE	READWRITE
26	float	0x000002899cccf2a8	0	1	0x00000000	0x3f800000		PRIVATE	READWRITE
26	float	0x000002899cccf2cc	0	10	0x00000000	0x41200000		PRIVATE	READWRITE
26	float	0x000002899cccf2d0	0	1	0x00000000	0x3f800000		PRIVATE	READWRITE
26	float	0x000002899cccf2d4	0	1	0x00000000	0x3f800000		PRIVATE	READWRITE
26	float	0x000002899cccf2fc	0	1	0x00000000	0x3f800000		PRIVATE	READWRITE
26	float	0x000002899cccf300	0	1	0x00000000	0x3f800000		PRIVATE	READWRITE
26	float	0x000002899cccf304	0	1	0x00000000	0x3f800000		PRIVATE	READWRITE
26	float	0x000002899cccf30c	0	1	0x00000000	0x3f800000		PRIVATE	READWRITE
26	float	0x000002899cccf314	0	1	0x00000000	0x3f800000		PRIVATE	READWRITE
26	float	0x000002899cccf31c	0	1	0x00000000	0x3f800000		PRIVATE	READWRITE
26	float	0x000002899cccf324	0	1	0x00000000	0x3f800000		PRIVATE	READWRITE
26	float	0x000002899cd6affc	1	0	0x3f800000	0x00000000		PRIVATE	READWRITE
26	float	0x000002899cd6b47c	0	1	0x00000000	0x3f800000		PRIVATE	READWRITE
26	float	0x000002899d285548	0	1	0x00000000	0x3f800000		PRIVATE	READWRITE
26	float	0x000002899d28554c	1	0	0x3f800000	0x00000000		PRIVATE	READWRITE
26	float	0x000002899d68d42c	1	3.92364e-44	0x3f800000	0x0000001c		PRIVATE	READWRITE
26	float	0x000002899d68d43c	1	0	0x3f800000	0x00000000		PRIVATE	READWRITE
26	float	0x000002899d68d444	1	3.58732e-42	0x3f800000	0x00000a00		PRIVATE	READWRITE
26	float	0x000002899d68d44c	1	1.65493e-42	0x3f800000	0x0000049d		PRIVATE	READWRITE
26	float	0x000002899d68d458	1	2.94683e-39	0x3f800000	0x00201690		PRIVATE	READWRITE
26	float	0x000002899d68e04c	1.03545e-38	1	0x0070c018	0x3f800000		PRIVATE	READWRITE
26	float	0x000002899d68e0a4	1	4.45613e-43	0x3f800000	0x0000013e		PRIVATE	READWRITE
26	float	0x000002899d68e0ac	1	9.09443e-43	0x3f800000	0x00000289		PRIVATE	READWRITE
26	float	0x000002899d68e0b4	1	8.04345e-43	0x3f800000	0x0000023e		PRIVATE	READWRITE
26	float	0x000002899d68e0bc	1	9.09443e-43	0x3f800000	0x00000289		PRIVATE	READWRITE
26	float	0x000002899d68e0c4	1	1.16308e-42	0x3f800000	0x0000033e		PRIVATE	READWRITE
26	float	0x000002899d68e0d0	1	0	0x3f800000	0x00000000		PRIVATE	READWRITE
26	float	0x000002899d68e83c	1	6.04688e-41	0x3f800000	0x0000a890		PRIVATE	READWRITE
26	float	0x000002899d68e844	1	4.42804e-39	0x3f800000	0x00303790		PRIVATE	READWRITE
26	float	0x000002899d68e84c	1	5.60519e-45	0x3f800000	0x00000004		PRIVATE	READWRITE
26	float	0x000002899d68e854	1	9.09443e-43	0x3f800000	0x00000289		PRIVATE	READWRITE
26	float	0x000002899d68e85c	1	-1.68092e-30	0x3f800000	0x8e085f50		PRIVATE	READWRITE
26	float	0x000002899d68efa0	0	1	0x00000000	0x3f800000		PRIVATE	READWRITE
26	float	0x000002899d68efec	1	0	0x3f800000	0x00000000		PRIVATE	READWRITE
26	float	0x000002899d68f000	1	2.1367e-41	0x3f800000	0x00003b90		PRIVATE	READWRITE
26	float	0x000002899d68f068	1	1.06531e-37	0x3f800000	0x02110091		PRIVATE	READWRITE
26	float	0x000002899d68f08c	1	0	0x3f800000	0x00000000		PRIVATE	READWRITE
26	float	0x000002899d68f0ac	0	1	0x00000000	0x3f800000		PRIVATE	READWRITE
26	float	0x000002899d68f0b0	1	0	0x3f800000	0x00000000		PRIVATE	READWRITE
26	float	0x000002899d68f0d4	9.09443e-43	1	0x00000289	0x3f800000		PRIVATE	READWRITE
26	float	0x000002899d68f0e0	1	0	0x3f800000	0x00000000		PRIVATE	READWRITE
26	float	0x000002899d68f13c	1.46938e-39	5	0x00100006	0x40a00000		PRIVATE	READWRITE
26	float	0x000002899d68f150	1.48822e-39	5	0x00103490	0x40a00000		PRIVATE	READWRITE
26	float	0x000002899d68f15c	5.22404e-42	1	0x00000e90	0x3f800000		PRIVATE	READWRITE
26	float	0x000002899d68f170	9.09443e-43	1	0x00000289	0x3f800000		PRIVATE	READWRITE
26	float	0x000002899d68f17c	9.09443e-43	2	0x00000289	0x40000000		PRIVATE	READWRITE
26	float	0x000002899d68f19c	-1.68052e-30	1	0x8e085710	0x3f800000		PRIVATE	READWRITE
26	float	0x000002899d68f1a8	-3.16557e-21	1	0x9d6f2f00	0x3f800000		PRIVATE	READWRITE
26	float	0x000002899d68f1ac	9.09443e-43	1	0x00000289	0x3f800000		PRIVATE	READWRITE
26	float	0x000002899d68f1b0	1.79927e-42	1	0x00000504	0x3f800000		PRIVATE	READWRITE
26	float	0x000002899d68f1b8	9.09443e-43	1	0x00000289	0x3f800000		PRIVATE	READWRITE
26	float	0x000002899d68f1bc	2.158e-42	1	0x00000604	0x3f800000		PRIVATE	READWRITE
26	float	0x000002899d68f1d0	9.09443e-43	1	0x00000289	0x3f800000		PRIVATE	READWRITE
26	float	0x000002899d68f1d4	2.87546e-42	1	0x00000804	0x3f800000		PRIVATE	READWRITE
26	float	0x000002899d68f1dc	9.09443e-43	1	0x00000289	0x3f800000		PRIVATE	READWRITE
26	float	0x000002899d68f1e8	9.09443e-43	1	0x00000289	0x3f800000		PRIVATE	READWRITE
26	float	0x000002899d68f1f4	9.09443e-43	1	0x00000289	0x3f800000		PRIVATE	READWRITE
26	float	0x000002899d68f204	4.31039e-42	1	0x00000c04	0x3f800000		PRIVATE	READWRITE
26	float	0x000002899d68f208	-1.6813e-30	1	0x8e086730	0x3f800000		PRIVATE	READWRITE
26	float	0x000002899d68f270	-4.0179e-21	1	0x9d97cac0	0x3f800000		PRIVATE	READWRITE
26	float	0x000002899d68f278	7.00649e-45	1	0x00000005	0x3f800000		PRIVATE	READWRITE
26	float	0x000002899d68f394	-0	1	0x80000000	0x3f800000		PRIVATE	READWRITE
26	float	0x000002899d68f398	-0	1	0x80000000	0x3f800000		PRIVATE	READWRITE
26	float	0x000002899d68f3a0	1	0	0x3f800000	0x00000000		PRIVATE	READWRITE
26	float	0x000002899d68f3a4	0	1	0x00000000	0x3f800000		PRIVATE	READWRITE
26	float	0x000002899d68f3ac	0	1	0x00000000	0x3f800000		PRIVATE	READWRITE
26	float	0x000002899d68f3b4	0	1	0x00000000	0x3f800000		PRIVATE	READWRITE
26	float	0x000002899d68f424	10	1.47225e-39	0x41200000	0x00100806		PRIVATE	READWRITE
26	float	0x000002899d68f42c	1	0	0x3f800000	0x00000000		PRIVATE	READWRITE
26	float	0x000002899d68f460	1	0	0x3f800000	0x00000000		PRIVATE	READWRITE
26	float	0x000002899d68f490	1	0	0x3f800000	0x00000000		PRIVATE	READWRITE
26	float	0x000002899d68f4d4	1	0	0x3f800000	0x00000000		PRIVATE	READWRITE
26	float	0x000002899d68f4d8	1	0	0x3f800000	0x00000000		PRIVATE	READWRITE
26	float	0x000002899d68f4dc	1	0	0x3f800000	0x00000000		PRIVATE	READWRITE
26	float	0x000002899d68f4e0	1	0	0x3f800000	0x00000000		PRIVATE	READWRITE
26	float	0x000002899d68f5ac	1	0	0x3f800000	0x00000000		PRIVATE	READWRITE
26	float	0x000002899d68f768	3.78351e-44	1	0x0000001b	0x3f800000		PRIVATE	READWRITE
26	float	0x000002899d68f76c	0	1	0x00000000	0x3f800000		PRIVATE	READWRITE
26	float	0x000002899d68f784	1	0	0x3f800000	0x00000000		PRIVATE	READWRITE
26	float	0x000002899d68f7fc	0	1	0x00000000	0x3f800000		PRIVATE	READWRITE
26	float	0x000002899d68f834	0	1	0x00000000	0x3f800000		PRIVATE	READWRITE
26	float	0x000002899d68f848	0	1	0x00000000	0x3f800000		PRIVATE	READWRITE
26	float	0x000002899d68f864	0	1	0x00000000	0x3f800000		PRIVATE	READWRITE
26	float	0x000002899d68f874	0	1	0x00000000	0x3f800000		PRIVATE	READWRITE
26	float	0x000002899d68f87c	0	1	0x00000000	0x3f800000		PRIVATE	READWRITE
26	float	0x000002899d68f884	0	1	0x00000000	0x3f800000		PRIVATE	READWRITE
26	float	0x000002899d68f88c	0	1	0x00000000	0x3f800000		PRIVATE	READWRITE
26	float	0x000002899d68f8a8	0	1	0x00000000	0x3f800000		PRIVATE	READWRITE
26	float	0x000002899d68f8b4	0	1	0x00000000	0x3f800000		PRIVATE	READWRITE
26	float	0x000002899d68f8c8	0	1	0x00000000	0x3f800000		PRIVATE	READWRITE
26	float	0x000002899d68f8d4	-1.68041e-30	1	0x8e0854d0	0x3f800000		PRIVATE	READWRITE
26	float	0x000002899d68f8e8	1.07626e-39	1	0x000bb830	0x3f800000		PRIVATE	READWRITE
26	float	0x000002899d68f8f4	-1.68141e-30	1	0x8e086970	0x3f800000		PRIVATE	READWRITE
26	float	0x000002899d68f900	3.78351e-44	1	0x0000001b	0x3f800000		PRIVATE	READWRITE
26	float	0x000002899d68f904	0	1	0x00000000	0x3f800000		PRIVATE	READWRITE
26	float	0x000002899d68f908	0	1	0x00000000	0x3f800000		PRIVATE	READWRITE
26	float	0x000002899d68f90c	8.96831e-43	1	0x00000280	0x3f800000		PRIVATE	READWRITE
26	float	0x000002899d68f910	5.60519e-43	1	0x00000190	0x3f800000		PRIVATE	READWRITE
26	float	0x000002899d68f924	0	10	0x00000000	0x41200000		PRIVATE	READWRITE
26	float	0x000002899d68f928	0	1	0x00000000	0x3f800000		PRIVATE	READWRITE
26	float	0x000002899d68f92c	8.96831e-43	1	0x00000280	0x3f800000		PRIVATE	READWRITE
26	float	0x000002899d68f934	1.65493e-42	1	0x0000049d	0x3f800000		PRIVATE	READWRITE
26	float	0x000002899d68f938	3.67345e-40	1	0x00040002	0x3f800000		PRIVATE	READWRITE
26	float	0x000002899d68f93c	0	1	0x00000000	0x3f800000		PRIVATE	READWRITE
26	float	0x000002899d68f954	6.16571e-44	2	0x0000002c	0x40000000		PRIVATE	READWRITE
26	float	0x000002899d68f95c	9.09443e-43	1	0x00000289	0x3f800000		PRIVATE	READWRITE
26	float	0x000002899d68f99c	1	9.09443e-43	0x3f800000	0x00000289		PRIVATE	READWRITE
26	float	0x000002899d68f9a0	1	7.2307e-43	0x3f800000	0x00000204		PRIVATE	READWRITE
26	float	0x000002899d68fa40	-1.81047e-30	1	0x8e12e1f0	0x3f800000		PRIVATE	READWRITE
26	float	0x000002899d68fb04	1	0	0x3f800000	0x00000000		PRIVATE	READWRITE
26	float	0x000002899d68fb40	1	0	0x3f800000	0x00000000		PRIVATE	READWRITE
26	float	0x000002899d68fbe0	1	0	0x3f800000	0x00000000		PRIVATE	READWRITE
26	float	0x000002899d68fd60	0	1	0x00000000	0x3f800000		PRIVATE	READWRITE
26	float	0x000002899d68fd64	0	1	0x00000000	0x3f800000		PRIVATE	READWRITE
26	float	0x000002899d68fd7c	1	0	0x3f800000	0x00000000		PRIVATE	READWRITE
26	float	0x000002899d68fdc4	1	0	0x3f800000	0x00000000		PRIVATE	READWRITE
26	float	0x000002899d68fde8	1	0	0x3f800000	0x00000000		PRIVATE	READWRITE
26	float	0x000002899d68fdf4	0	1	0x00000000	0x3f800000		PRIVATE	READWRITE
26	float	0x000002899d68fe18	0	1	0x00000000	0x3f800000		PRIVATE	READWRITE
26	float	0x000002899d68fe2c	0	1	0x00000000	0x3f800000		PRIVATE	READWRITE
26	float	0x000002899d68fe40	0	1	0x00000000	0x3f800000		PRIVATE	READWRITE
26	float	0x000002899d68fe50	1	-0	0x3f800000	0x80000000		PRIVATE	READWRITE
26	float	0x000002899d68fe6c	3	1	0x40400000	0x3f800000		PRIVATE	READWRITE
26	float	0x000002899d68fe74	3	1	0x40400000	0x3f800000		PRIVATE	READWRITE
26	float	0x000002899d68fe7c	0	1	0x00000000	0x3f800000		PRIVATE	READWRITE
26	float	0x000002899d68fe84	0	1	0x00000000	0x3f800000		PRIVATE	READWRITE
26	float	0x000002899d68fe8c	0	1	0x00000000	0x3f800000		PRIVATE	READWRITE
26	float	0x000002899d68fea0	1.17623e-38	1	0x00801490	0x3f800000		PRIVATE	READWRITE
26	float	0x000002899d68feac	5.22404e-42	1	0x00000e90	0x3f800000		PRIVATE	READWRITE
26	float	0x000002899d68feb8	-2.00452e-21	1	0x9d177500	0x3f800000		PRIVATE	READWRITE
26	float	0x000002899d68febc	9.09443e-43	1	0x00000289	0x3f800000		PRIVATE	READWRITE
26	float	0x000002899d68fec0	5.60519e-45	1	0x00000004	0x3f800000		PRIVATE	READWRITE
26	float	0x000002899d68fec4	-1.54679e-21	1	0x9ce9be80	0x3f800000		PRIVATE	READWRITE
26	float	0x000002899d68fec8	9.09443e-43	1	0x00000289	0x3f800000		PRIVATE	READWRITE
26	float	0x000002899d68fedc	-1.54518e-21	10	0x9ce98040	0x41200000		PRIVATE	READWRITE
26	float	0x000002899d68fee0	9.09443e-43	1	0x00000289	0x3f800000		PRIVATE	READWRITE
26	float	0x000002899d68fee4	1.0818e-42	1	0x00000304	0x3f800000		PRIVATE	READWRITE
26	float	0x000002899d68feec	9.09443e-43	1	0x00000289	0x3f800000		PRIVATE	READWRITE
26	float	0x000002899d68fef0	1.44053e-42	1	0x00000404	0x3f800000		PRIVATE	READWRITE
26	float	0x000002899d68fef4	-3.16557e-21	1	0x9d6f2f00	0x3f800000		PRIVATE	READWRITE
26	float	0x000002899d68fefc	1.79927e-42	1	0x00000504	0x3f800000		PRIVATE	READWRITE
26	float	0x000002899d68ff04	9.09443e-43	1	0x00000289	0x3f800000		PRIVATE	READWRITE
26	float	0x000002899d68ff5c	4.66913e-42	1	0x00000d04	0x3f800000		PRIVATE	READWRITE
26	float	0x000002899d68ff74	1.077e-39	1	0x000bba40	0x3f800000		PRIVATE	READWRITE
26	float	0x000002899d68ffa8	1	1.47225e-39	0x3f800000	0x00100806		PRIVATE	READWRITE
26	float	0x000002899d68ffac	7.00649e-44	1	0x00000032	0x3f800000		PRIVATE	READWRITE
26	float	0x000002899d68ffb0	0	1	0x00000000	0x3f800000		PRIVATE	READWRITE
26	float	0x000002899d68ffb4	0	1	0x00000000	0x3f800000		PRIVATE	READWRITE
26	float	0x000002899d69000c	0	1	0x00000000	0x3f800000		PRIVATE	READWRITE
26	float	0x000002899d690034	0	1	0x00000000	0x3f800000		PRIVATE	READWRITE
26	float	0x000002899d690060	0	1	0x00000000	0x3f800000		PRIVATE	READWRITE
26	float	0x000002899d690084	0	1	0x00000000	0x3f800000		PRIVATE	READWRITE
26	float	0x000002899d690094	0	1	0x00000000	0x3f800000		PRIVATE	READWRITE
26	float	0x000002899d6900bc	0	5	0x00000000	0x40a00000		PRIVATE	READWRITE
26	float	0x000002899d6900fc	0	1	0x00000000	0x3f800000		PRIVATE	READWRITE
26	float	0x000002899d690108	0	1	0x00000000	0x3f800000		PRIVATE	READWRITE
26	float	0x000002899d69010c	0	1	0x00000000	0x3f800000		PRIVATE	READWRITE
26	float	0x000002899d690114	0	1	0x00000000	0x3f800000		PRIVATE	READWRITE
26	float	0x000002899d690118	0	1	0x00000000	0x3f800000		PRIVATE	READWRITE
26	float	0x000002899d69011c	0	2	0x00000000	0x40000000		PRIVATE	READWRITE
26	float	0x000002899d69012c	0	1	0x00000000	0x3f800000		PRIVATE	READWRITE
26	float	0x000002899d690130	9.88756e-42	1	0x00001b90	0x3f800000		PRIVATE	READWRITE
26	float	0x000002899d690134	5.88592e-39	1	0x00401790	0x3f800000		PRIVATE	READWRITE
26	float	0x000002899d69013c	-1.68052e-30	2	0x8e085710	0x40000000		PRIVATE	READWRITE
26	float	0x000002899d690144	7.14662e-44	1	0x00000033	0x3f800000		PRIVATE	READWRITE
26	float	0x000002899d690148	-2.10633e-30	1	0x8e2ae2d0	0x3f800000		PRIVATE	READWRITE
26	float	0x000002899d690154	3.36312e-44	1	0x00000018	0x3f800000		PRIVATE	READWRITE
26	float	0x000002899d690158	8.68805e-44	1	0x0000003e	0x3f800000		PRIVATE	READWRITE
26	float	0x000002899d690164	0	1	0x00000000	0x3f800000		PRIVATE	READWRITE
26	float	0x000002899d690168	8.82818e-44	1	0x0000003f	0x3f800000		PRIVATE	READWRITE
26	float	0x000002899d690190	1	9.09443e-43	0x3f800000	0x00000289		PRIVATE	READWRITE
26	float	0x000002899d690200	0	1	0x00000000	0x3f800000		PRIVATE	READWRITE
26	float	0x000002899d690214	0	1	0x00000000	0x3f800000		PRIVATE	READWRITE
26	float	0x000002899d690228	0	1	0x00000000	0x3f800000		PRIVATE	READWRITE
26	float	0x000002899d690250	0	1	0x00000000	0x3f800000		PRIVATE	READWRITE
26	float	0x000002899d690298	0	1	0x00000000	0x3f800000		PRIVATE	READWRITE
26	float	0x000002899d6902a0	0	1	0x00000000	0x3f800000		PRIVATE	READWRITE
26	float	0x000002899d6902a8	0	1	0x00000000	0x3f800000		PRIVATE	READWRITE
26	float	0x000002899d6902b0	0	1	0x00000000	0x3f800000		PRIVATE	READWRITE
26	float	0x000002899d6902b8	0	1	0x00000000	0x3f800000		PRIVATE	READWRITE
26	float	0x000002899d6902d8	0	1	0x00000000	0x3f800000		PRIVATE	READWRITE
26	float	0x000002899d6902e4	9.09443e-43	1	0x00000289	0x3f800000		PRIVATE	READWRITE
26	float	0x000002899d6902e8	7.14662e-44	1	0x00000033	0x3f800000		PRIVATE	READWRITE
26	float	0x000002899d6902ec	-2.10633e-30	1	0x8e2ae2d0	0x3f800000		PRIVATE	READWRITE
26	float	0x000002899d6902f0	9.09443e-43	1	0x00000289	0x3f800000		PRIVATE	READWRITE
26	float	0x000002899d6902f4	1.07768e-39	1	0x000bbc20	0x3f800000		PRIVATE	READWRITE
26	float	0x000002899d6902f8	3.36312e-44	1	0x00000018	0x3f800000		PRIVATE	READWRITE
26	float	0x000002899d6902fc	8.68805e-44	1	0x0000003e	0x3f800000		PRIVATE	READWRITE
26	float	0x000002899d690300	-1.68052e-30	1	0x8e085710	0x3f800000		PRIVATE	READWRITE
26	float	0x000002899d690308	0	1	0x00000000	0x3f800000		PRIVATE	READWRITE
26	float	0x000002899d690310	0	1	0x00000000	0x3f800000		PRIVATE	READWRITE
26	float	0x000002899d69033c	2.24208e-42	1	0x00000640	0x3f800000		PRIVATE	READWRITE
26	float	0x000002899d690344	3.67345e-40	1	0x00040002	0x3f800000		PRIVATE	READWRITE
26	float	0x000002899d690368	9.09443e-43	1	0x00000289	0x3f800000		PRIVATE	READWRITE
26	float	0x000002899d690374	9.09443e-43	1	0x00000289	0x3f800000		PRIVATE	READWRITE
26	float	0x000002899d690388	-1.68052e-30	1	0x8e085710	0x3f800000		PRIVATE	READWRITE
26	float	0x000002899d69039c	1.07781e-39	1	0x000bbc80	0x3f800000		PRIVATE	READWRITE
26	float	0x000002899d6903b0	0	1	0x00000000	0x3f800000		PRIVATE	READWRITE
26	float	0x000002899d6903d0	1	0	0x3f800000	0x00000000		PRIVATE	READWRITE
26	float	0x000002899d6903d8	0	1	0x00000000	0x3f800000		PRIVATE	READWRITE
26	float	0x000002899d690410	9.09443e-43	1	0x00000289	0x3f800000		PRIVATE	READWRITE
26	float	0x000002899d690418	-2.3708e-21	1	0x9d3321e0	0x3f800000		PRIVATE	READWRITE
26	float	0x000002899d690420	5.87751e-39	1	0x00400018	0x3f800000		PRIVATE	READWRITE
26	float	0x000002899d690428	0	1	0x00000000	0x3f800000		PRIVATE	READWRITE
26	float	0x000002899d690430	0	1	0x00000000	0x3f800000		PRIVATE	READWRITE
26	float	0x000002899d69043c	0	1	0x00000000	0x3f800000		PRIVATE	READWRITE
26	float	0x000002899d690440	0	1	0x00000000	0x3f800000		PRIVATE	READWRITE
26	float	0x000002899d690444	0	1	0x00000000	0x3f800000		PRIVATE	READWRITE
26	float	0x000002899d690448	0	1	0x00000000	0x3f800000		PRIVATE	READWRITE
26	float	0x000002899d690464	4.40811e-39	1	0x00300006	0x3f800000		PRIVATE	READWRITE
26	float	0x000002899d690468	3	1	0x40400000	0x3f800000		PRIVATE	READWRITE
26	float	0x000002899d690470	3	1	0x40400000	0x3f800000		PRIVATE	READWRITE
26	float	0x000002899d690474	3	1	0x40400000	0x3f800000		PRIVATE	READWRITE
26	float	0x000002899d690478	0	1	0x00000000	0x3f800000		PRIVATE	READWRITE
26	float	0x000002899d690480	0	1	0x00000000	0x3f800000		PRIVATE	READWRITE
26	float	0x000002899d690488	0	1	0x00000000	0x3f800000		PRIVATE	READWRITE
26	float	0x000002899d6904a0	2.07392e-43	1	0x00000094	0x3f800000		PRIVATE	READWRITE
26	float	0x000002899d6904a8	2.25609e-43	1	0x000000a1	0x3f800000		PRIVATE	READWRITE
26	float	0x000002899d6904ec	0	1	0x00000000	0x3f800000		PRIVATE	READWRITE
26	float	0x000002899d6904fc	0	1	0x00000000	0x3f800000		PRIVATE	READWRITE
26	float	0x000002899d690504	7.00649e-45	1	0x00000005	0x3f800000		PRIVATE	READWRITE
26	float	0x000002899d690518	0	1	0x00000000	0x3f800000		PRIVATE	READWRITE
26	float	0x000002899d69051c	0	1	0x00000000	0x3f800000		PRIVATE	READWRITE
26	float	0x000002899d690520	0	1	0x00000000	0x3f800000		PRIVATE	READWRITE
26	float	0x000002899d690550	1	2.2101e-38	0x3f800000	0x00f0a890		PRIVATE	READWRITE
26	float	0x000002899d6905b0	0	1	0x00000000	0x3f800000		PRIVATE	READWRITE
26	float	0x000002899d6905b4	1	7.00649e-44	0x3f800000	0x00000032		PRIVATE	READWRITE
26	float	0x000002899d69060c	0	1	0x00000000	0x3f800000		PRIVATE	READWRITE
26	float	0x000002899d690638	1	1.4013e-45	0x3f800000	0x00000001		PRIVATE	READWRITE
26	float	0x000002899d690684	1.65493e-42	1	0x0000049d	0x3f800000		PRIVATE	READWRITE
26	float	0x000002899d6906f0	1	2.86986e-42	0x3f800000	0x00000800		PRIVATE	READWRITE
26	float	0x000002899d690704	0	1	0x00000000	0x3f800000		PRIVATE	READWRITE
26	float	0x000002899d690738	3.78351e-44	1	0x0000001b	0x3f800000		PRIVATE	READWRITE
26	float	0x000002899d690754	1	1.0346e-38	0x3f800000	0x0070a890		PRIVATE	READWRITE
26	float	0x000002899d690790	6.16571e-44	1	0x0000002c	0x3f800000		PRIVATE	READWRITE
26	float	0x000002899d6907b4	0	1	0x00000000	0x3f800000		PRIVATE	READWRITE
26	float	0x000002899d690894	7.00649e-45	1	0x00000005	0x3f800000		PRIVATE	READWRITE
26	float	0x000002899d6908a8	0	1	0x00000000	0x3f800000		PRIVATE	READWRITE
26	float	0x000002899d6908bc	0	1	0x00000000	0x3f800000		PRIVATE	READWRITE
26	float	0x000002899d6908d0	0	1	0x00000000	0x3f800000		PRIVATE	READWRITE
26	float	0x000002899d6908e0	1	0	0x3f800000	0x00000000		PRIVATE	READWRITE
26	float	0x000002899d690954	7.14662e-44	1	0x00000033	0x3f800000		PRIVATE	READWRITE
26	float	0x000002899d69098c	5.87751e-39	1	0x00400018	0x3f800000		PRIVATE	READWRITE
26	float	0x000002899d6909a8	0	1	0x00000000	0x3f800000		PRIVATE	READWRITE
26	float	0x000002899d6909b0	0	1	0x00000000	0x3f800000		PRIVATE	READWRITE
26	float	0x000002899d6909f4	0	1	0x00000000	0x3f800000		PRIVATE	READWRITE
26	float	0x000002899d690a14	3.78351e-44	1	0x0000001b	0x3f800000		PRIVATE	READWRITE
26	float	0x000002899d690a30	1	0	0x3f800000	0x00000000		PRIVATE	READWRITE
26	float	0x000002899d690a34	5.60519e-45	1	0x00000004	0x3f800000		PRIVATE	READWRITE
26	float	0x000002899d690a98	0	1	0x00000000	0x3f800000		PRIVATE	READWRITE
26	float	0x000002899d690aac	0	1	0x00000000	0x3f800000		PRIVATE	READWRITE
26	float	0x000002899d690ac4	1	0	0x3f800000	0x00000000		PRIVATE	READWRITE
26	float	0x000002899d690ae8	3	1	0x40400000	0x3f800000		PRIVATE	READWRITE
26	float	0x000002899d690af4	0	1	0x00000000	0x3f800000		PRIVATE	READWRITE
26	float	0x000002899d690af8	0	1	0x00000000	0x3f800000		PRIVATE	READWRITE
26	float	0x000002899d690afc	0	1	0x00000000	0x3f800000		PRIVATE	READWRITE
26	float	0x000002899d690b00	0	1	0x00000000	0x3f800000		PRIVATE	READWRITE
26	float	0x000002899d690b04	0	1	0x00000000	0x3f800000		PRIVATE	READWRITE
26	float	0x000002899d690b2c	5.60519e-45	1	0x00000004	0x3f800000		PRIVATE	READWRITE
26	float	0x000002899d690b58	5.87751e-39	1	0x00400018	0x3f800000		PRIVATE	READWRITE
26	float	0x000002899d690b60	0	1	0x00000000	0x3f800000		PRIVATE	READWRITE
26	float	0x000002899d690b68	0	1	0x00000000	0x3f800000		PRIVATE	READWRITE
26	float	0x000002899d690b78	0	1	0x00000000	0x3f800000		PRIVATE	READWRITE
26	float	0x000002899d690b80	0	1	0x00000000	0x3f800000		PRIVATE	READWRITE
26	float	0x000002899d690b98	1	5.60519e-45	0x3f800000	0x00000004		PRIVATE	READWRITE
26	float	0x000002899d690c58	1	8.68805e-44	0x3f800000	0x0000003e		PRIVATE	READWRITE
26	float	0x000002899d690cb4	3.92364e-44	1	0x0000001c	0x3f800000		PRIVATE	READWRITE
26	float	0x000002899d690cbc	1	0	0x3f800000	0x00000000		PRIVATE	READWRITE
26	float	0x000002899d690d10	5.87751e-39	1	0x00400018	0x3f800000		PRIVATE	READWRITE
26	float	0x000002899d690d24	0	1	0x00000000	0x3f800000		PRIVATE	READWRITE
26	float	0x000002899d690d38	0	1	0x00000000	0x3f800000		PRIVATE	READWRITE
26	float	0x000002899d690d50	1	0	0x3f800000	0x00000000		PRIVATE	READWRITE
26	float	0x000002899d690dd0	1.10209e-39	1	0x000c0030	0x3f800000		PRIVATE	READWRITE
26	float	0x000002899d690e08	0	1	0x00000000	0x3f800000		PRIVATE	READWRITE
26	float	0x000002899d690e24	0	1	0x00000000	0x3f800000		PRIVATE	READWRITE
26	float	0x000002899d690e2c	0	1	0x00000000	0x3f800000		PRIVATE	READWRITE
26	float	0x000002899d690e70	0	1	0x00000000	0x3f800000		PRIVATE	READWRITE
26	float	0x000002899d690e90	1.49939e-43	1	0x0000006b	0x3f800000		PRIVATE	READWRITE
26	float	0x000002899d690ea0	1	0	0x3f800000	0x00000000		PRIVATE	READWRITE
26	float	0x000002899d690eb0	3.64338e-43	1	0x00000104	0x3f800000		PRIVATE	READWRITE
26	float	0x000002899d690f14	0	1	0x00000000	0x3f800000		PRIVATE	READWRITE
26	float	0x000002899d690f48	0	1	0x00000000	0x3f800000		PRIVATE	READWRITE
26	float	0x000002899d690f64	0	1	0x00000000	0x3f800000		PRIVATE	READWRITE
26	float	0x000002899d690f70	0	1	0x00000000	0x3f800000		PRIVATE	READWRITE
26	float	0x000002899d690f74	0	1	0x00000000	0x3f800000		PRIVATE	READWRITE
26	float	0x000002899d690f78	0	1	0x00000000	0x3f800000		PRIVATE	READWRITE
26	float	0x000002899d690f7c	3.78351e-44	1	0x0000001b	0x3f800000		PRIVATE	READWRITE
26	float	0x000002899d690f80	6.40393e-43	1	0x000001c9	0x3f800000		PRIVATE	READWRITE
26	float	0x000002899d690fa4	9.09443e-43	10	0x00000289	0x41200000		PRIVATE	READWRITE
26	float	0x000002899d690fa8	7.14662e-44	1	0x00000033	0x3f800000		PRIVATE	READWRITE
26	float	0x000002899d690fac	-2.10633e-30	1	0x8e2ae2d0	0x3f800000		PRIVATE	READWRITE
26	float	0x000002899d690fd4	7.00649e-45	1	0x00000005	0x3f800000		PRIVATE	READWRITE
26	float	0x000002899d690fdc	9.09443e-43	1	0x00000289	0x3f800000		PRIVATE	READWRITE
26	float	0x000002899d690fec	0	1	0x00000000	0x3f800000		PRIVATE	READWRITE
26	float	0x000002899d690ff4	0	1	0x00000000	0x3f800000		PRIVATE	READWRITE
26	float	0x000002899d690ffc	0	1	0x00000000	0x3f800000		PRIVATE	READWRITE
26	float	0x000002899d6910cc	7.00649e-45	1	0x00000005	0x3f800000		PRIVATE	READWRITE
26	float	0x000002899d6910e0	0	1	0x00000000	0x3f800000		PRIVATE	READWRITE
26	float	0x000002899d6910f4	0	1	0x00000000	0x3f800000		PRIVATE	READWRITE
26	float	0x000002899d691108	0	1	0x00000000	0x3f800000		PRIVATE	READWRITE
26	float	0x000002899d691118	1	0	0x3f800000	0x00000000		PRIVATE	READWRITE
26	float	0x000002899d69118c	7.14662e-44	1	0x00000033	0x3f800000		PRIVATE	READWRITE
26	float	0x000002899d6911c4	5.87751e-39	1	0x00400018	0x3f800000		PRIVATE	READWRITE
26	float	0x000002899d6911e0	0	1	0x00000000	0x3f800000		PRIVATE	READWRITE
26	float	0x000002899d6911e8	0	1	0x00000000	0x3f800000		PRIVATE	READWRITE
26	float	0x000002899d69122c	0	1	0x00000000	0x3f800000		PRIVATE	READWRITE
26	float	0x000002899d69124c	3.78351e-44	1	0x0000001b	0x3f800000		PRIVATE	READWRITE
26	float	0x000002899d691268	1	0	0x3f800000	0x00000000		PRIVATE	READWRITE
26	float	0x000002899d69126c	5.60519e-45	1	0x00000004	0x3f800000		PRIVATE	READWRITE
26	float	0x000002899d6912d0	0	1	0x00000000	0x3f800000		PRIVATE	READWRITE
26	float	0x000002899d6912e4	0	1	0x00000000	0x3f800000		PRIVATE	READWRITE
26	float	0x000002899d6912fc	1	0	0x3f800000	0x00000000		PRIVATE	READWRITE
26	float	0x000002899d691300	5.87748e-39	1	0x00400006	0x3f800000		PRIVATE	READWRITE
26	float	0x000002899d691314	3	1	0x40400000	0x3f800000		PRIVATE	READWRITE
26	float	0x000002899d691320	3	1	0x40400000	0x3f800000		PRIVATE	READWRITE
26	float	0x000002899d691334	0	1	0x00000000	0x3f800000		PRIVATE	READWRITE
26	float	0x000002899d691340	0	1	0x00000000	0x3f800000		PRIVATE	READWRITE
26	float	0x000002899d691354	2.12997e-43	1	0x00000098	0x3f800000		PRIVATE	READWRITE
26	float	0x000002899d691374	-2.10633e-30	1	0x8e2ae2d0	0x3f800000		PRIVATE	READWRITE
26	float	0x000002899d691390	6.16571e-44	2	0x0000002c	0x40000000		PRIVATE	READWRITE
26	float	0x000002899d69139c	7.00649e-45	1	0x00000005	0x3f800000		PRIVATE	READWRITE
26	float	0x000002899d6913a4	9.09443e-43	1	0x00000289	0x3f800000		PRIVATE	READWRITE
26	float	0x000002899d6913a8	5.87751e-39	1	0x00400018	0x3f800000		PRIVATE	READWRITE
26	float	0x000002899d6913d0	0	10	0x00000000	0x41200000		PRIVATE	READWRITE
26	float	0x000002899d6913d8	0	1	0x00000000	0x3f800000		PRIVATE	READWRITE
26	float	0x000002899d691400	3	1	0x40400000	0x3f800000		PRIVATE	READWRITE
26	float	0x000002899d691410	0	1	0x00000000	0x3f800000		PRIVATE	READWRITE
26	float	0x000002899d691414	0	1	0x00000000	0x3f800000		PRIVATE	READWRITE
26	float	0x000002899d691418	0	1	0x00000000	0x3f800000		PRIVATE	READWRITE
26	float	0x000002899d691420	0	1	0x00000000	0x3f800000		PRIVATE	READWRITE
26	float	0x000002899d691428	0	1	0x00000000	0x3f800000		PRIVATE	READWRITE
26	float	0x000002899d691430	3.78351e-44	1	0x0000001b	0x3f800000		PRIVATE	READWRITE
26	float	0x000002899d691438	5.00264e-43	1	0x00000165	0x3f800000		PRIVATE	READWRITE
26	float	0x000002899d691450	5.60519e-45	1	0x00000004	0x3f800000		PRIVATE	READWRITE
26	float	0x000002899d691458	9.09443e-43	1	0x00000289	0x3f800000		PRIVATE	READWRITE
26	float	0x000002899d691468	7.14662e-44	1	0x00000033	0x3f800000		PRIVATE	READWRITE
26	float	0x000002899d691470	9.09443e-43	1	0x00000289	0x3f800000		PRIVATE	READWRITE
26	float	0x000002899d691478	8.40779e-44	1	0x0000003c	0x3f800000		PRIVATE	READWRITE
26	float	0x000002899d691480	3.3061e-39	1	0x00240012	0x3f800000		PRIVATE	READWRITE
26	float	0x000002899d691488	6.16571e-44	1	0x0000002c	0x3f800000		PRIVATE	READWRITE
26	float	0x000002899d6914e0	1	9.09443e-43	0x3f800000	0x00000289		PRIVATE	READWRITE
26	float	0x000002899d691528	3.78351e-44	1	0x0000001b	0x3f800000		PRIVATE	READWRITE
26	float	0x000002899d69160c	0	1	0x00000000	0x3f800000		PRIVATE	READWRITE
26	float	0x000002899d691620	1.48538e-43	1	0x0000006a	0x3f800000		PRIVATE	READWRITE
26	float	0x000002899d691630	1	0	0x3f800000	0x00000000		PRIVATE	READWRITE
26	float	0x000002899d691634	5.60519e-45	1	0x00000004	0x3f800000		PRIVATE	READWRITE
26	float	0x000002899d691648	9.09443e-43	1	0x00000289	0x3f800000		PRIVATE	READWRITE
26	float	0x000002899d6916d4	0	1	0x00000000	0x3f800000		PRIVATE	READWRITE
26	float	0x000002899d6916f0	0	1	0x00000000	0x3f800000		PRIVATE	READWRITE
26	float	0x000002899d6916f8	0	1	0x00000000	0x3f800000		PRIVATE	READWRITE
26	float	0x000002899d691700	0	1	0x00000000	0x3f800000		PRIVATE	READWRITE
26	float	0x000002899d691708	0	1	0x00000000	0x3f800000		PRIVATE	READWRITE
26	float	0x000002899d691710	1.23875e-42	1	0x00000374	0x3f800000		PRIVATE	READWRITE
26	float	0x000002899d691724	0	1	0x00000000	0x3f800000		PRIVATE	READWRITE
26	float	0x000002899d691728	1	0	0x3f800000	0x00000000		PRIVATE	READWRITE
26	float	0x000002899d691744	1.13236e-39	1	0x000c5490	0x3f800000		PRIVATE	READWRITE
26	float	0x000002899d691750	3.3061e-39	1	0x00240012	0x3f800000		PRIVATE	READWRITE
26	float	0x000002899d691760	9.09443e-43	1	0x00000289	0x3f800000		PRIVATE	READWRITE
26	float	0x000002899d691764	7.00649e-45	1	0x00000005	0x3f800000		PRIVATE	READWRITE
26	float	0x000002899d69176c	9.09443e-43	1	0x00000289	0x3f800000		PRIVATE	READWRITE
26	float	0x000002899d691790	0	1	0x00000000	0x3f800000		PRIVATE	READWRITE
26	float	0x000002899d6917a0	0	1	0x00000000	0x3f800000		PRIVATE	READWRITE
26	float	0x000002899d6917c0	0	1	0x00000000	0x3f800000		PRIVATE	READWRITE
26	float	0x000002899d6917c8	3	1	0x40400000	0x3f800000		PRIVATE	READWRITE
26	float	0x000002899d691814	1	8.04345e-43	0x3f800000	0x0000023e		PRIVATE	READWRITE
26	float	0x000002899d691854	-1.51804e-21	1	0x9ce56630	0x3f800000		PRIVATE	READWRITE
26	float	0x000002899d6918d8	0	1	0x00000000	0x3f800000		PRIVATE	READWRITE
26	float	0x000002899d6918ec	0	1	0x00000000	0x3f800000		PRIVATE	READWRITE
26	float	0x000002899d691900	2.12997e-43	1	0x00000098	0x3f800000		PRIVATE	READWRITE
26	float	0x000002899d69190c	1	0	0x3f800000	0x00000000		PRIVATE	READWRITE
26	float	0x000002899d6919a0	0	1	0x00000000	0x3f800000		PRIVATE	READWRITE
26	float	0x000002899d6919bc	0	1	0x00000000	0x3f800000		PRIVATE	READWRITE
26	float	0x000002899d6919c4	0	1	0x00000000	0x3f800000		PRIVATE	READWRITE
26	float	0x000002899d6919cc	0	1	0x00000000	0x3f800000		PRIVATE	READWRITE
26	float	0x000002899d6919d4	0	1	0x00000000	0x3f800000		PRIVATE	READWRITE
26	float	0x000002899d6919dc	3.78351e-44	1	0x0000001b	0x3f800000		PRIVATE	READWRITE
26	float	0x000002899d6919f0	3.92364e-44	1	0x0000001c	0x3f800000		PRIVATE	READWRITE
26	float	0x000002899d6919f8	1	0	0x3f800000	0x00000000		PRIVATE	READWRITE
26	float	0x000002899d6919fc	5.60519e-45	1	0x00000004	0x3f800000		PRIVATE	READWRITE
26	float	0x000002899d691a08	3.64338e-43	1	0x00000104	0x3f800000		PRIVATE	READWRITE
26	float	0x000002899d691a10	9.09443e-43	1	0x00000289	0x3f800000		PRIVATE	READWRITE
26	float	0x000002899d691a14	7.14662e-44	1	0x00000033	0x3f800000		PRIVATE	READWRITE
26	float	0x000002899d691a18	-2.10633e-30	1	0x8e2ae2d0	0x3f800000		PRIVATE	READWRITE
26	float	0x000002899d691a4c	5.87751e-39	1	0x00400018	0x3f800000		PRIVATE	READWRITE
26	float	0x000002899d691a54	0	1	0x00000000	0x3f800000		PRIVATE	READWRITE
26	float	0x000002899d691a8c	1	2.95674e-43	0x3f800000	0x000000d3		PRIVATE	READWRITE
26	float	0x000002899d691ab4	0	1	0x00000000	0x3f800000		PRIVATE	READWRITE
26	float	0x000002899d691abc	0	1	0x00000000	0x3f800000		PRIVATE	READWRITE
26	float	0x000002899d691ac4	0	1	0x00000000	0x3f800000		PRIVATE	READWRITE
26	float	0x000002899d691acc	0	1	0x00000000	0x3f800000		PRIVATE	READWRITE
26	float	0x000002899d691ae0	1.68156e-43	1	0x00000078	0x3f800000		PRIVATE	READWRITE
26	float	0x000002899d691ae4	2.12997e-43	1	0x00000098	0x3f800000		PRIVATE	READWRITE
26	float	0x000002899d691ae8	3.92364e-44	1	0x0000001c	0x3f800000		PRIVATE	READWRITE
26	float	0x000002899d691af0	1	7.00649e-45	0x3f800000	0x00000005		PRIVATE	READWRITE
26	float	0x000002899d691fec	7.00649e-45	1	0x00000005	0x3f800000		PRIVATE	READWRITE
26	float	0x000002899d692000	0	1	0x00000000	0x3f800000		PRIVATE	READWRITE
26	float	0x000002899d692014	0	1	0x00000000	0x3f800000		PRIVATE	READWRITE
26	float	0x000002899d692028	0	1	0x00000000	0x3f800000		PRIVATE	READWRITE
26	float	0x000002899d692038	1	0	0x3f800000	0x00000000		PRIVATE	READWRITE
26	float	0x000002899d6920ac	7.14662e-44	1	0x00000033	0x3f800000		PRIVATE	READWRITE
26	float	0x000002899d6920e4	5.87751e-39	1	0x00400018	0x3f800000		PRIVATE	READWRITE
26	float	0x000002899d692100	0	1	0x00000000	0x3f800000		PRIVATE	READWRITE
26	float	0x000002899d692108	0	1	0x00000000	0x3f800000		PRIVATE	READWRITE
26	float	0x000002899d69214c	0	1	0x00000000	0x3f800000		PRIVATE	READWRITE
26	float	0x000002899d69216c	3.78351e-44	1	0x0000001b	0x3f800000		PRIVATE	READWRITE
26	float	0x000002899d692188	1	0	0x3f800000	0x00000000		PRIVATE	READWRITE
26	float	0x000002899d69218c	5.60519e-45	1	0x00000004	0x3f800000		PRIVATE	READWRITE
26	float	0x000002899d6921f0	0	1	0x00000000	0x3f800000		PRIVATE	READWRITE
26	float	0x000002899d692204	0	1	0x00000000	0x3f800000		PRIVATE	READWRITE
26	float	0x000002899d69221c	1	0	0x3f800000	0x00000000		PRIVATE	READWRITE
26	float	0x000002899d692220	5.87748e-39	1	0x00400006	0x3f800000		PRIVATE	READWRITE
26	float	0x000002899d692234	3	1	0x40400000	0x3f800000		PRIVATE	READWRITE
26	float	0x000002899d692240	3	1	0x40400000	0x3f800000		PRIVATE	READWRITE
26	float	0x000002899d692254	0	1	0x00000000	0x3f800000		PRIVATE	READWRITE
26	float	0x000002899d692260	0	1	0x00000000	0x3f800000		PRIVATE	READWRITE
26	float	0x000002899d692274	2.12997e-43	1	0x00000098	0x3f800000		PRIVATE	READWRITE
26	float	0x000002899d692294	-2.10633e-30	1	0x8e2ae2d0	0x3f800000		PRIVATE	READWRITE
26	float	0x000002899d6922a0	8.40779e-44	1	0x0000003c	0x3f800000		PRIVATE	READWRITE
26	float	0x000002899d6922d4	0	1	0x00000000	0x3f800000		PRIVATE	READWRITE
26	float	0x000002899d692308	1	0	0x3f800000	0x00000000		PRIVATE	READWRITE
26	float	0x000002899d692314	0	1	0x00000000	0x3f800000		PRIVATE	READWRITE
26	float	0x000002899d692318	0	1	0x00000000	0x3f800000		PRIVATE	READWRITE
26	float	0x000002899d69231c	0	1	0x00000000	0x3f800000		PRIVATE	READWRITE
26	float	0x000002899d692340	0	10	0x00000000	0x41200000		PRIVATE	READWRITE
26	float	0x000002899d692344	0	1	0x00000000	0x3f800000		PRIVATE	READWRITE
26	float	0x000002899d692348	0	1	0x00000000	0x3f800000		PRIVATE	READWRITE
26	float	0x000002899d69236c	1	0	0x3f800000	0x00000000		PRIVATE	READWRITE
26	float	0x000002899d692370	5.60519e-45	2	0x00000004	0x40000000		PRIVATE	READWRITE
26	float	0x000002899d692384	9.09443e-43	1	0x00000289	0x3f800000		PRIVATE	READWRITE
26	float	0x000002899d692388	7.14662e-44	1	0x00000033	0x3f800000		PRIVATE	READWRITE
26	float	0x000002899d692390	9.09443e-43	1	0x00000289	0x3f800000		PRIVATE	READWRITE
26	float	0x000002899d692398	8.40779e-44	1	0x0000003c	0x3f800000		PRIVATE	READWRITE
26	float	0x000002899d6923a0	3.3061e-39	1	0x00240012	0x3f800000		PRIVATE	READWRITE
26	float	0x000002899d6923a8	6.16571e-44	1	0x0000002c	0x3f800000		PRIVATE	READWRITE
26	float	0x000002899d6923b0	9.09443e-43	1	0x00000289	0x3f800000		PRIVATE	READWRITE
26	float	0x000002899d6923c0	5.87751e-39	1	0x00400018	0x3f800000		PRIVATE	READWRITE
26	float	0x000002899d6923d0	0	1	0x00000000	0x3f800000		PRIVATE	READWRITE
26	float	0x000002899d6923e0	0	1	0x00000000	0x3f800000		PRIVATE	READWRITE
26	float	0x000002899d6923e8	0	1	0x00000000	0x3f800000		PRIVATE	READWRITE
26	float	0x000002899d6923f0	0	1	0x00000000	0x3f800000		PRIVATE	READWRITE
26	float	0x000002899d692400	1	9.88756e-42	0x3f800000	0x00001b90		PRIVATE	READWRITE
26	float	0x000002899d6924ec	1	0	0x3f800000	0x00000000		PRIVATE	READWRITE
26	float	0x000002899d6924fc	0	1	0x00000000	0x3f800000		PRIVATE	READWRITE
26	float	0x000002899d692550	1	2.60824e-38	0x3f800000	0x010e0191		PRIVATE	READWRITE
26	float	0x000002899d692a24	-2.10633e-30	1	0x8e2ae2d0	0x3f800000		PRIVATE	READWRITE
26	float	0x000002899d692a38	3.3061e-39	1	0x00240012	0x3f800000		PRIVATE	READWRITE
26	float	0x000002899d692a4c	7.00649e-45	1	0x00000005	0x3f800000		PRIVATE	READWRITE
26	float	0x000002899d692a60	0	1	0x00000000	0x3f800000		PRIVATE	READWRITE
26	float	0x000002899d692a98	1	0	0x3f800000	0x00000000		PRIVATE	READWRITE
26	float	0x000002899d692aec	1.49939e-43	1	0x0000006b	0x3f800000		PRIVATE	READWRITE
26	float	0x000002899d692b08	9.09443e-43	1	0x00000289	0x3f800000		PRIVATE	READWRITE
26	float	0x000002899d692b18	7.14662e-44	1	0x00000033	0x3f800000		PRIVATE	READWRITE
26	float	0x000002899d692b20	9.09443e-43	1	0x00000289	0x3f800000		PRIVATE	READWRITE
26	float	0x000002899d692b28	8.40779e-44	1	0x0000003c	0x3f800000		PRIVATE	READWRITE
26	float	0x000002899d692b3c	-1.51804e-21	1	0x9ce56630	0x3f800000		PRIVATE	READWRITE
26	float	0x000002899d692b5c	0	1	0x00000000	0x3f800000		PRIVATE	READWRITE
26	float	0x000002899d692b90	1	0	0x3f800000	0x00000000		PRIVATE	READWRITE
26	float	0x000002899d692b94	5.87748e-39	1	0x00400006	0x3f800000		PRIVATE	READWRITE
26	float	0x000002899d692b9c	0	1	0x00000000	0x3f800000		PRIVATE	READWRITE
26	float	0x000002899d692ba0	0	1	0x00000000	0x3f800000		PRIVATE	READWRITE
26	float	0x000002899d692ba4	0	1	0x00000000	0x3f800000		PRIVATE	READWRITE
26	float	0x000002899d692bd8	3.78351e-44	1	0x0000001b	0x3f800000		PRIVATE	READWRITE
26	float	0x000002899d692bdc	1.38869e-42	1	0x000003df	0x3f800000		PRIVATE	READWRITE
26	float	0x000002899d692be0	6.96445e-43	1	0x000001f1	0x3f800000		PRIVATE	READWRITE
26	float	0x000002899d692be8	2.12997e-43	1	0x00000098	0x3f800000		PRIVATE	READWRITE
26	float	0x000002899d692bf0	0	1	0x00000000	0x3f800000		PRIVATE	READWRITE
26	float	0x000002899d692bf4	1	0	0x3f800000	0x00000000		PRIVATE	READWRITE
26	float	0x000002899d692bf8	5.60519e-45	2	0x00000004	0x40000000		PRIVATE	READWRITE
26	float	0x000002899d692c00	9.09443e-43	1	0x00000289	0x3f800000		PRIVATE	READWRITE
26	float	0x000002899d692c08	-2.10633e-30	1	0x8e2ae2d0	0x3f800000		PRIVATE	READWRITE
26	float	0x000002899d692c10	1.19895e-39	1	0x000d0e30	0x3f800000		PRIVATE	READWRITE
26	float	0x000002899d692c6c	1	0	0x3f800000	0x00000000		PRIVATE	READWRITE
26	float	0x000002899d692c90	1	1.46926e-41	0x3f800000	0x000028f5		PRIVATE	READWRITE
26	float	0x000002899d692cbc	3.78351e-44	1	0x0000001b	0x3f800000		PRIVATE	READWRITE
26	float	0x000002899d692cc4	7.39886e-43	1	0x00000210	0x3f800000		PRIVATE	READWRITE
26	float	0x000002899d692ccc	5.46506e-43	1	0x00000186	0x3f800000		PRIVATE	READWRITE
26	float	0x000002899d692cd4	0	1	0x00000000	0x3f800000		PRIVATE	READWRITE
26	float	0x000002899d692cd8	1	6.16571e-44	0x3f800000	0x0000002c		PRIVATE	READWRITE
26	float	0x000002899d692ce8	3.58732e-42	1	0x00000a00	0x3f800000		PRIVATE	READWRITE
26	float	0x000002899d69392c	0	1	0x00000000	0x3f800000		PRIVATE	READWRITE
26	float	0x000002899d693940	0	1	0x00000000	0x3f800000		PRIVATE	READWRITE
26	float	0x000002899d693954	3.36312e-44	1	0x00000018	0x3f800000		PRIVATE	READWRITE
26	float	0x000002899d693968	0	1	0x00000000	0x3f800000		PRIVATE	READWRITE
26	float	0x000002899d6939ec	0	1	0x00000000	0x3f800000		PRIVATE	READWRITE
26	float	0x000002899d693a24	0	1	0x00000000	0x3f800000		PRIVATE	READWRITE
26	float	0x000002899d693a40	1.65493e-42	1	0x0000049d	0x3f800000		PRIVATE	READWRITE
26	float	0x000002899d693a48	0	1	0x00000000	0x3f800000		PRIVATE	READWRITE
26	float	0x000002899d693a58	0	1	0x00000000	0x3f800000		PRIVATE	READWRITE
26	float	0x000002899d693a8c	0	1	0x00000000	0x3f800000		PRIVATE	READWRITE
26	float	0x000002899d693acc	0	1	0x00000000	0x3f800000		PRIVATE	READWRITE
26	float	0x000002899d693b30	5.87751e-39	1	0x00400018	0x3f800000		PRIVATE	READWRITE
26	float	0x000002899d693b44	0	1	0x00000000	0x3f800000		PRIVATE	READWRITE
26	float	0x000002899d693b58	0	1	0x00000000	0x3f800000		PRIVATE	READWRITE
26	float	0x000002899d693b60	0	1	0x00000000	0x3f800000		PRIVATE	READWRITE
26	float	0x000002899d693b70	1	0	0x3f800000	0x00000000		PRIVATE	READWRITE
26	float	0x000002899d693b74	5.87748e-39	1	0x00400006	0x3f800000		PRIVATE	READWRITE
26	float	0x000002899d693b80	0	1	0x00000000	0x3f800000		PRIVATE	READWRITE
26	float	0x000002899d693b94	3	1	0x40400000	0x3f800000		PRIVATE	READWRITE
26	float	0x000002899d693ba0	0	1	0x00000000	0x3f800000		PRIVATE	READWRITE
26	float	0x000002899d693bb4	0	1	0x00000000	0x3f800000		PRIVATE	READWRITE
26	float	0x000002899d693bc0	1.14906e-42	1	0x00000334	0x3f800000		PRIVATE	READWRITE
26	float	0x000002899d693be0	9.09443e-43	1	0x00000289	0x3f800000		PRIVATE	READWRITE
26	float	0x000002899d693c10	9.09443e-43	1	0x00000289	0x3f800000		PRIVATE	READWRITE
26	float	0x000002899d693c1c	9.09443e-43	1	0x00000289	0x3f800000		PRIVATE	READWRITE
26	float	0x000002899d693c20	1.20924e-39	1	0x000d2ae0	0x3f800000		PRIVATE	READWRITE
26	float	0x000002899d693c24	8.40779e-44	1	0x0000003c	0x3f800000		PRIVATE	READWRITE
26	float	0x000002899d693c28	1.65493e-42	1	0x0000049d	0x3f800000		PRIVATE	READWRITE
26	float	0x000002899d693c2c	1.10203e-39	1	0x000c0006	0x3f800000		PRIVATE	READWRITE
26	float	0x000002899d693c54	0	1	0x00000000	0x3f800000		PRIVATE	READWRITE
26	float	0x000002899d693c58	0	1	0x00000000	0x3f800000		PRIVATE	READWRITE
26	float	0x000002899d693c8c	1	0	0x3f800000	0x00000000		PRIVATE	READWRITE
26	float	0x000002899d693c90	5.87748e-39	1	0x00400006	0x3f800000		PRIVATE	READWRITE
26	float	0x000002899d693c98	0	1	0x00000000	0x3f800000		PRIVATE	READWRITE
26	float	0x000002899d693ca0	0	1	0x00000000	0x3f800000		PRIVATE	READWRITE
26	float	0x000002899d693ca8	3	1	0x40400000	0x3f800000		PRIVATE	READWRITE
26	float	0x000002899d693cb0	3	1	0x40400000	0x3f800000		PRIVATE	READWRITE
26	float	0x000002899d693cb8	0	1	0x00000000	0x3f800000		PRIVATE	READWRITE
26	float	0x000002899d693cc0	0	2	0x00000000	0x40000000		PRIVATE	READWRITE
26	float	0x000002899d693cc8	0	1	0x00000000	0x3f800000		PRIVATE	READWRITE
26	float	0x000002899d693ccc	0	1	0x00000000	0x3f800000		PRIVATE	READWRITE
26	float	0x000002899d693cd0	0	1	0x00000000	0x3f800000		PRIVATE	READWRITE
26	float	0x000002899d693ce0	7.14662e-44	1	0x00000033	0x3f800000		PRIVATE	READWRITE
26	float	0x000002899d693ce8	9.09443e-43	1	0x00000289	0x3f800000		PRIVATE	READWRITE
26	float	0x000002899d693cf0	8.40779e-44	1	0x0000003c	0x3f800000		PRIVATE	READWRITE
26	float	0x000002899d693cf8	1.10203e-39	1	0x000c0006	0x3f800000		PRIVATE	READWRITE
26	float	0x000002899d693d80	1	9.09443e-43	0x3f800000	0x00000289		PRIVATE	READWRITE
26	float	0x000002899d693d88	1	-1.68063e-30	0x3f800000	0x8e085950		PRIVATE	READWRITE
26	float	0x000002899d693dd0	1.10203e-39	1	0x000c0006	0x3f800000		PRIVATE	READWRITE
26	float	0x000002899d693dec	0	1	0x00000000	0x3f800000		PRIVATE	READWRITE
26	float	0x000002899d693e04	5.87751e-39	1	0x00400018	0x3f800000		PRIVATE	READWRITE
26	float	0x000002899d693e14	0	1	0x00000000	0x3f800000		PRIVATE	READWRITE
26	float	0x000002899d693e44	1	2.81028e-38	0x3f800000	0x01190191		PRIVATE	READWRITE
26	float	0x000002899d693e64	1	9.09443e-43	0x3f800000	0x00000289		PRIVATE	READWRITE
26	float	0x000002899d693e74	0	1	0x00000000	0x3f800000		PRIVATE	READWRITE
26	float	0x000002899d693e80	2.74654e-43	1	0x000000c4	0x3f800000		PRIVATE	READWRITE
26	float	0x000002899d693e94	0	1	0x00000000	0x3f800000		PRIVATE	READWRITE
26	float	0x000002899d693e98	1	0	0x3f800000	0x00000000		PRIVATE	READWRITE
26	float	0x000002899d693ea0	-2.00452e-21	1	0x9d177500	0x3f800000		PRIVATE	READWRITE
26	float	0x000002899d693eb4	7.14662e-44	1	0x00000033	0x3f800000		PRIVATE	READWRITE
26	float	0x000002899d693ec0	1.21227e-39	1	0x000d3350	0x3f800000		PRIVATE	READWRITE
26	float	0x000002899d693ed4	6.16571e-44	1	0x0000002c	0x3f800000		PRIVATE	READWRITE
26	float	0x000002899d693ef0	0	2	0x00000000	0x40000000		PRIVATE	READWRITE
26	float	0x000002899d693efc	9.09443e-43	1	0x00000289	0x3f800000		PRIVATE	READWRITE
26	float	0x000002899d693f00	5.87751e-39	1	0x00400018	0x3f800000		PRIVATE	READWRITE
26	float	0x000002899d693f08	0	1	0x00000000	0x3f800000		PRIVATE	READWRITE
26	float	0x000002899d693f0c	0	1	0x00000000	0x3f800000		PRIVATE	READWRITE
26	float	0x000002899d693f30	0	10	0x00000000	0x41200000		PRIVATE	READWRITE
26	float	0x000002899d693f60	3	1	0x40400000	0x3f800000		PRIVATE	READWRITE
26	float	0x000002899d693f74	0	1	0x00000000	0x3f800000		PRIVATE	READWRITE
26	float	0x000002899d693f78	0	1	0x00000000	0x3f800000		PRIVATE	READWRITE
26	float	0x000002899d693f80	0	1	0x00000000	0x3f800000		PRIVATE	READWRITE
26	float	0x000002899d693f88	3.78351e-44	1	0x0000001b	0x3f800000		PRIVATE	READWRITE
26	float	0x000002899d693f90	1.14906e-42	1	0x00000334	0x3f800000		PRIVATE	READWRITE
26	float	0x000002899d693f98	7.14662e-44	1	0x00000033	0x3f800000		PRIVATE	READWRITE
26	float	0x000002899d693fb0	9.09443e-43	1	0x00000289	0x3f800000		PRIVATE	READWRITE
26	float	0x000002899d693fc0	3.64338e-43	1	0x00000104	0x3f800000		PRIVATE	READWRITE
26	float	0x000002899d693fc8	9.09443e-43	1	0x00000289	0x3f800000		PRIVATE	READWRITE
26	float	0x000002899d693fd0	-2.10633e-30	1	0x8e2ae2d0	0x3f800000		PRIVATE	READWRITE
26	float	0x000002899d693fd8	1.21254e-39	1	0x000d3410	0x3f800000		PRIVATE	READWRITE
26	float	0x000002899d693fe0	1.65493e-42	1	0x0000049d	0x3f800000		PRIVATE	READWRITE
26	float	0x000002899d693fe8	0	1	0x00000000	0x3f800000		PRIVATE	READWRITE
26	float	0x000002899d694038	1	3.95166e-42	0x3f800000	0x00000b04		PRIVATE	READWRITE
26	float	0x000002899d694068	1	0	0x3f800000	0x00000000		PRIVATE	READWRITE
26	float	0x000002899d694088	9.09443e-43	1	0x00000289	0x3f800000		PRIVATE	READWRITE
26	float	0x000002899d6940a4	1.10203e-39	1	0x000c0006	0x3f800000		PRIVATE	READWRITE
26	float	0x000002899d694104	1	8.81624e-39	0x3f800000	0x00600018		PRIVATE	READWRITE
26	float	0x000002899d694168	1	2.36477e-38	0x3f800000	0x0100c018		PRIVATE	READWRITE
26	float	0x000002899d69416c	5.60519e-45	1	0x00000004	0x3f800000		PRIVATE	READWRITE
26	float	0x000002899d694180	9.09443e-43	1	0x00000289	0x3f800000		PRIVATE	READWRITE
26	float	0x000002899d6941a8	1.21456e-39	1	0x000d39b0	0x3f800000		PRIVATE	READWRITE
26	float	0x000002899d694234	3	1	0x40400000	0x3f800000		PRIVATE	READWRITE
26	float	0x000002899d694250	0	1	0x00000000	0x3f800000		PRIVATE	READWRITE
26	float	0x000002899d694258	0	1	0x00000000	0x3f800000		PRIVATE	READWRITE
26	float	0x000002899d694268	7.14662e-44	1	0x00000033	0x3f800000		PRIVATE	READWRITE
26	float	0x000002899d694270	9.09443e-43	1	0x00000289	0x3f800000		PRIVATE	READWRITE
26	float	0x000002899d694284	0	1	0x00000000	0x3f800000		PRIVATE	READWRITE
26	float	0x000002899d694290	9.09443e-43	1	0x00000289	0x3f800000		PRIVATE	READWRITE
26	float	0x000002899d6942b0	0	1	0x00000000	0x3f800000		PRIVATE	READWRITE
26	float	0x000002899d6942bc	0	1	0x00000000	0x3f800000		PRIVATE	READWRITE
26	float	0x000002899d6942c0	0	1	0x00000000	0x3f800000		PRIVATE	READWRITE
26	float	0x000002899d6942c4	0	1	0x00000000	0x3f800000		PRIVATE	READWRITE
26	float	0x000002899d6942c8	0	1	0x00000000	0x3f800000		PRIVATE	READWRITE
26	float	0x000002899d6942e0	1	0	0x3f800000	0x00000000		PRIVATE	READWRITE
26	float	0x000002899d6942f0	0	1	0x00000000	0x3f800000		PRIVATE	READWRITE
26	float	0x000002899d694300	3	1	0x40400000	0x3f800000		PRIVATE	READWRITE
26	float	0x000002899d694304	3	1	0x40400000	0x3f800000		PRIVATE	READWRITE
26	float	0x000002899d694308	0	1	0x00000000	0x3f800000		PRIVATE	READWRITE
26	float	0x000002899d694310	0	1	0x00000000	0x3f800000		PRIVATE	READWRITE
26	float	0x000002899d694318	0	1	0x00000000	0x3f800000		PRIVATE	READWRITE
26	float	0x000002899d694320	0	1	0x00000000	0x3f800000		PRIVATE	READWRITE
26	float	0x000002899d694328	5.60519e-45	1	0x00000004	0x3f800000		PRIVATE	READWRITE
26	float	0x000002899d6943b4	0	1	0x00000000	0x3f800000		PRIVATE	READWRITE
26	float	0x000002899d69444c	-1.54679e-21	1	0x9ce9be80	0x3f800000		PRIVATE	READWRITE
26	float	0x000002899d694460	1.21758e-39	1	0x000d4220	0x3f800000		PRIVATE	READWRITE
26	float	0x000002899d694474	5.87751e-39	1	0x00400018	0x3f800000		PRIVATE	READWRITE
26	float	0x000002899d6944b4	1	0	0x3f800000	0x00000000		PRIVATE	READWRITE
26	float	0x000002899d694500	3.92364e-44	1	0x0000001c	0x3f800000		PRIVATE	READWRITE
26	float	0x000002899d69451c	3.36312e-44	1	0x00000018	0x3f800000		PRIVATE	READWRITE
26	float	0x000002899d694524	7.3469e-40	1	0x00080004	0x3f800000		PRIVATE	READWRITE
26	float	0x000002899d69452c	6.16571e-44	1	0x0000002c	0x3f800000		PRIVATE	READWRITE
26	float	0x000002899d694534	9.09443e-43	1	0x00000289	0x3f800000		PRIVATE	READWRITE
26	float	0x000002899d69453c	0	1	0x00000000	0x3f800000		PRIVATE	READWRITE
26	float	0x000002899d694568	0	1	0x00000000	0x3f800000		PRIVATE	READWRITE
26	float	0x000002899d69456c	0	1	0x00000000	0x3f800000		PRIVATE	READWRITE
26	float	0x000002899d694574	0	1	0x00000000	0x3f800000		PRIVATE	READWRITE
26	float	0x000002899d694578	0	1	0x00000000	0x3f800000		PRIVATE	READWRITE
26	float	0x000002899d694598	1	0	0x3f800000	0x00000000		PRIVATE	READWRITE
26	float	0x000002899d6945ac	0	1	0x00000000	0x3f800000		PRIVATE	READWRITE
26	float	0x000002899d6945b0	3	1	0x40400000	0x3f800000		PRIVATE	READWRITE
26	float	0x000002899d6945b4	3	1	0x40400000	0x3f800000		PRIVATE	READWRITE
26	float	0x000002899d6945c4	0	1	0x00000000	0x3f800000		PRIVATE	READWRITE
26	float	0x000002899d69476c	1	0	0x3f800000	0x00000000		PRIVATE	READWRITE
26	float	0x000002899d694774	1	2.32616e-43	0x3f800000	0x000000a6		PRIVATE	READWRITE
26	float	0x000002899d69477c	1	9.09443e-43	0x3f800000	0x00000289		PRIVATE	READWRITE
26	float	0x000002899d694784	1	0	0x3f800000	0x00000000		PRIVATE	READWRITE
26	float	0x000002899d694790	1	0	0x3f800000	0x00000000		PRIVATE	READWRITE
26	float	0x000002899d7b15ec	0	1	0x00000000	0x3f800000		PRIVATE	READWRITE
26	float	0x000002899d7b15fc	0	1	0x00000000	0x3f800000		PRIVATE	READWRITE
26	float	0x000002899d7b160c	0	1	0x00000000	0x3f800000		PRIVATE	READWRITE
26	float	0x000002899d7b1618	0	1	0x00000000	0x3f800000		PRIVATE	READWRITE
26	float	0x000002899d7b1a24	3.58732e-42	1	0x00000a00	0x3f800000		PRIVATE	READWRITE
26	float	0x000002899d7b1a2c	3.92364e-44	1	0x0000001c	0x3f800000		PRIVATE	READWRITE
26	float	0x000002899d7b1a3c	0	1	0x00000000	0x3f800000		PRIVATE	READWRITE
26	float	0x000002899d7b1a44	3.58732e-42	1	0x00000a00	0x3f800000		PRIVATE	READWRITE
26	float	0x000002899d7b1a50	3.67345e-40	1	0x00040002	0x3f800000		PRIVATE	READWRITE
26	float	0x000002899d7b2668	1	0	0x3f800000	0x00000000		PRIVATE	READWRITE
26	float	0x000002899d7b269c	7.35386e-39	1	0x00501390	0x3f800000		PRIVATE	READWRITE
26	float	0x000002899d7b26a4	2.21092e-38	1	0x00f0bf90	0x3f800000		PRIVATE	READWRITE
26	float	0x000002899d7b26ac	4.45613e-43	1	0x0000013e	0x3f800000		PRIVATE	READWRITE
26	float	0x000002899d7b26b4	0	1	0x00000000	0x3f800000		PRIVATE	READWRITE
26	float	0x000002899d7b26bc	8.04345e-43	1	0x0000023e	0x3f800000		PRIVATE	READWRITE
26	float	0x000002899d7b26c8	0	1	0x00000000	0x3f800000		PRIVATE	READWRITE
26	float	0x000002899d7b3314	0	1	0x00000000	0x3f800000		PRIVATE	READWRITE
26	float	0x000002899d7b331c	0	1	0x00000000	0x3f800000		PRIVATE	READWRITE
26	float	0x000002899d7b3324	0	1	0x00000000	0x3f800000		PRIVATE	READWRITE
26	float	0x000002899d7b332c	6.16571e-44	1	0x0000002c	0x3f800000		PRIVATE	READWRITE
26	float	0x000002899d7b3334	9.09443e-43	1	0x00000289	0x3f800000		PRIVATE	READWRITE
26	float	0x000002899d7b3340	9.09443e-43	1	0x00000289	0x3f800000		PRIVATE	READWRITE
26	float	0x000002899d7b3ab4	1.18239e-38	1	0x0080c018	0x3f800000		PRIVATE	READWRITE
26	float	0x000002899d7b3abc	0	1	0x00000000	0x3f800000		PRIVATE	READWRITE
26	float	0x000002899d7b3ac4	0	1	0x00000000	0x3f800000		PRIVATE	READWRITE
26	float	0x000002899d7b3acc	0	1	0x00000000	0x3f800000		PRIVATE	READWRITE
26	float	0x000002899d7b3ad4	1	0	0x3f800000	0x00000000		PRIVATE	READWRITE
26	float	0x000002899d7b3ad8	0	1	0x00000000	0x3f800000		PRIVATE	READWRITE
26	float	0x000002899d7b4244	0	1	0x00000000	0x3f800000		PRIVATE	READWRITE
26	float	0x000002899d7b4248	1	0	0x3f800000	0x00000000		PRIVATE	READWRITE
26	float	0x000002899d7b424c	-0	1	0x80000000	0x3f800000		PRIVATE	READWRITE
26	float	0x000002899d7b425c	0	1	0x00000000	0x3f800000		PRIVATE	READWRITE
26	float	0x000002899d7b4270	0	1	0x00000000	0x3f800000		PRIVATE	READWRITE
26	float	0x000002899d7b4274	1	1.54143e-44	0x3f800000	0x0000000b		PRIVATE	READWRITE
26	float	0x000002899d7b427c	1	6.81031e-42	0x3f800000	0x000012fc		PRIVATE	READWRITE
26	float	0x000002899d7b4284	1	5.79297e-42	0x3f800000	0x00001026		PRIVATE	READWRITE
26	float	0x000002899d7b428c	1	7.53058e-42	0x3f800000	0x000014fe		PRIVATE	READWRITE
26	float	0x000002899d7b4290	1	2.94683e-39	0x3f800000	0x00201690		PRIVATE	READWRITE
26	float	0x000002899d7b42a8	1	9.09443e-43	0x3f800000	0x00000289		PRIVATE	READWRITE
26	float	0x000002899d7b42b4	1	-2.10693e-30	0x3f800000	0x8e2aef30		PRIVATE	READWRITE
26	float	0x000002899d7b42c8	1	3.58732e-42	0x3f800000	0x00000a00		PRIVATE	READWRITE
26	float	0x000002899d7b42d4	1	0	0x3f800000	0x00000000		PRIVATE	READWRITE
26	float	0x000002899d7b42d8	0	1	0x00000000	0x3f800000		PRIVATE	READWRITE
26	float	0x000002899d7b42e8	1	3.58732e-42	0x3f800000	0x00000a00		PRIVATE	READWRITE
26	float	0x000002899d7b42f4	1	5.60519e-45	0x3f800000	0x00000004		PRIVATE	READWRITE
26	float	0x000002899d7b42fc	0	1	0x00000000	0x3f800000		PRIVATE	READWRITE
26	float	0x000002899d7b4300	1	0	0x3f800000	0x00000000		PRIVATE	READWRITE
26	float	0x000002899d7b4304	1	1.4013e-45	0x3f800000	0x00000001		PRIVATE	READWRITE
26	float	0x000002899d7b4308	1	0	0x3f800000	0x00000000		PRIVATE	READWRITE
26	float	0x000002899d7b430c	1	0	0x3f800000	0x00000000		PRIVATE	READWRITE
26	float	0x000002899d7b4310	1	3.58732e-42	0x3f800000	0x00000a00		PRIVATE	READWRITE
26	float	0x000002899d7b4324	10	0	0x41200000	0x00000000		PRIVATE	READWRITE
26	float	0x000002899d7b4334	1	0	0x3f800000	0x00000000		PRIVATE	READWRITE
26	float	0x000002899d7b4338	1	0	0x3f800000	0x00000000		PRIVATE	READWRITE
26	float	0x000002899d7b433c	1	6.16571e-44	0x3f800000	0x0000002c		PRIVATE	READWRITE
26	float	0x000002899d7b4344	1	9.09443e-43	0x3f800000	0x00000289		PRIVATE	READWRITE
26	float	0x000002899d7b434c	1	0	0x3f800000	0x00000000		PRIVATE	READWRITE
26	float	0x000002899d7b4350	0	1	0x00000000	0x3f800000		PRIVATE	READWRITE
26	float	0x000002899d7b4354	2	0	0x40000000	0x00000000		PRIVATE	READWRITE
26	float	0x000002899d7b435c	1	7.00649e-45	0x3f800000	0x00000005		PRIVATE	READWRITE
26	float	0x000002899d7b4440	1	9.09443e-43	0x3f800000	0x00000289		PRIVATE	READWRITE
26	float	0x000002899d7b4610	0	1	0x00000000	0x3f800000		PRIVATE	READWRITE
26	float	0x000002899d7b4634	0	1	0x00000000	0x3f800000		PRIVATE	READWRITE
26	float	0x000002899d7b4694	0	10	0x00000000	0x41200000		PRIVATE	READWRITE
26	float	0x000002899d7b4698	0	1	0x00000000	0x3f800000		PRIVATE	READWRITE
26	float	0x000002899d7b469c	0	1	0x00000000	0x3f800000		PRIVATE	READWRITE
26	float	0x000002899d7b46d0	0	1	0x00000000	0x3f800000		PRIVATE	READWRITE
26	float	0x000002899d7b4700	0	1	0x00000000	0x3f800000		PRIVATE	READWRITE
26	float	0x000002899d7b4744	0	1	0x00000000	0x3f800000		PRIVATE	READWRITE
26	float	0x000002899d7b4748	0	1	0x00000000	0x3f800000		PRIVATE	READWRITE
26	float	0x000002899d7b474c	0	1	0x00000000	0x3f800000		PRIVATE	READWRITE
26	float	0x000002899d7b4750	0	1	0x00000000	0x3f800000		PRIVATE	READWRITE
26	float	0x000002899d7b4760	1	0	0x3f800000	0x00000000		PRIVATE	READWRITE
26	float	0x000002899d7b4764	1	7.00649e-45	0x3f800000	0x00000005		PRIVATE	READWRITE
26	float	0x000002899d7b47f4	1	8.82818e-44	0x3f800000	0x0000003f		PRIVATE	READWRITE
26	float	0x000002899d7b4818	1	0	0x3f800000	0x00000000		PRIVATE	READWRITE
26	float	0x000002899d7b481c	0	1	0x00000000	0x3f800000		PRIVATE	READWRITE
26	float	0x000002899d7b482c	1	8.96831e-43	0x3f800000	0x00000280		PRIVATE	READWRITE
26	float	0x000002899d7b4840	1	1.46976e-39	0x3f800000	0x00100118		PRIVATE	READWRITE
26	float	0x000002899d7b485c	1	9.09443e-43	0x3f800000	0x00000289		PRIVATE	READWRITE
26	float	0x000002899d7b4874	1	7.00649e-45	0x3f800000	0x00000005		PRIVATE	READWRITE
26	float	0x000002899d7b487c	1	9.09443e-43	0x3f800000	0x00000289		PRIVATE	READWRITE
26	float	0x000002899d7b4884	1	0	0x3f800000	0x00000000		PRIVATE	READWRITE
26	float	0x000002899d7b488c	1	0	0x3f800000	0x00000000		PRIVATE	READWRITE
26	float	0x000002899d7b48a0	1	0	0x3f800000	0x00000000		PRIVATE	READWRITE
26	float	0x000002899d7b48ac	1	0	0x3f800000	0x00000000		PRIVATE	READWRITE
26	float	0x000002899d7b48b8	1	0	0x3f800000	0x00000000		PRIVATE	READWRITE
26	float	0x000002899d7b48bc	1	0	0x3f800000	0x00000000		PRIVATE	READWRITE
26	float	0x000002899d7b48c0	1	0	0x3f800000	0x00000000		PRIVATE	READWRITE
26	float	0x000002899d7b48c8	1	0	0x3f800000	0x00000000		PRIVATE	READWRITE
26	float	0x000002899d7b48dc	10	0	0x41200000	0x00000000		PRIVATE	READWRITE
26	float	0x000002899d7b48e0	1	0	0x3f800000	0x00000000		PRIVATE	READWRITE
26	float	0x000002899d7b48ec	1	0	0x3f800000	0x00000000		PRIVATE	READWRITE
26	float	0x000002899d7b48f0	1	0	0x3f800000	0x00000000		PRIVATE	READWRITE
26	float	0x000002899d7b48fc	1	0	0x3f800000	0x00000000		PRIVATE	READWRITE
26	float	0x000002899d7b495c	1	0	0x3f800000	0x00000000		PRIVATE	READWRITE
26	float	0x000002899d7b4974	1	0	0x3f800000	0x00000000		PRIVATE	READWRITE
26	float	0x000002899d7b49ac	1	-1.68141e-30	0x3f800000	0x8e086970		PRIVATE	READWRITE
26	float	0x000002899d7b49b0	1	9.09443e-43	0x3f800000	0x00000289		PRIVATE	READWRITE
26	float	0x000002899d7b49b4	1	7.14662e-44	0x3f800000	0x00000033		PRIVATE	READWRITE
26	float	0x000002899d7b4a0c	1	1.65493e-42	0x3f800000	0x0000049d		PRIVATE	READWRITE
26	float	0x000002899d7b4a34	1	0	0x3f800000	0x00000000		PRIVATE	READWRITE
26	float	0x000002899d7b4a7c	1	0	0x3f800000	0x00000000		PRIVATE	READWRITE
26	float	0x000002899d7b4a84	1	0	0x3f800000	0x00000000		PRIVATE	READWRITE
26	float	0x000002899d7b4a8c	1	0	0x3f800000	0x00000000		PRIVATE	READWRITE
26	float	0x000002899d7b4a94	1	0	0x3f800000	0x00000000		PRIVATE	READWRITE
26	float	0x000002899d7b4abc	5	0	0x40a00000	0x00000000		PRIVATE	READWRITE
26	float	0x000002899d7b4afc	1	0	0x3f800000	0x00000000		PRIVATE	READWRITE
26	float	0x000002899d7b4b08	1	0	0x3f800000	0x00000000		PRIVATE	READWRITE
26	float	0x000002899d7b4b0c	1	0	0x3f800000	0x00000000		PRIVATE	READWRITE
26	float	0x000002899d7b4b14	1	0	0x3f800000	0x00000000		PRIVATE	READWRITE
26	float	0x000002899d7b4b18	1	0	0x3f800000	0x00000000		PRIVATE	READWRITE
26	float	0x000002899d7b4b1c	2	0	0x40000000	0x00000000		PRIVATE	READWRITE
26	float	0x000002899d7b4b2c	1	0	0x3f800000	0x00000000		PRIVATE	READWRITE
26	float	0x000002899d7b4b34	1	0	0x3f800000	0x00000000		PRIVATE	READWRITE
26	float	0x000002899d7b4b3c	2	0	0x40000000	0x00000000		PRIVATE	READWRITE
26	float	0x000002899d7b4b44	1	-1.68041e-30	0x3f800000	0x8e0854d0		PRIVATE	READWRITE
26	float	0x000002899d7b4b48	1	9.09443e-43	0x3f800000	0x00000289		PRIVATE	READWRITE
26	float	0x000002899d7b4b54	1	9.09443e-43	0x3f800000	0x00000289		PRIVATE	READWRITE
26	float	0x000002899d7b4b58	1	1.88382e-39	0x3f800000	0x00148350		PRIVATE	READWRITE
26	float	0x000002899d7b4b64	1	-1.68141e-30	0x3f800000	0x8e086970		PRIVATE	READWRITE
26	float	0x000002899d7b4b68	1	9.09443e-43	0x3f800000	0x00000289		PRIVATE	READWRITE
26	float	0x000002899d7b4b8c	-1.85559e-30	1	0x8e168b10	0x3f800000		PRIVATE	READWRITE
26	float	0x000002899d7b4c00	1	4.49656e-37	0x3f800000	0x03190291		PRIVATE	READWRITE
26	float	0x000002899d7b4c08	0	1	0x00000000	0x3f800000		PRIVATE	READWRITE
26	float	0x000002899d7b4c10	0	1	0x00000000	0x3f800000		PRIVATE	READWRITE
26	float	0x000002899d7b4c28	1	-1.68141e-30	0x3f800000	0x8e086970		PRIVATE	READWRITE
26	float	0x000002899d7b4c50	1	8.68805e-44	0x3f800000	0x0000003e		PRIVATE	READWRITE
26	float	0x000002899d7b4c7c	1	2.24208e-42	0x3f800000	0x00000640		PRIVATE	READWRITE
26	float	0x000002899d7b4c98	1	3.58732e-42	0x3f800000	0x00000a00		PRIVATE	READWRITE
26	float	0x000002899d7b4ca0	1	1.65493e-42	0x3f800000	0x0000049d		PRIVATE	READWRITE
26	float	0x000002899d7b4ca8	1	0	0x3f800000	0x00000000		PRIVATE	READWRITE
26	float	0x000002899d7b4cb0	1	-1.81047e-30	0x3f800000	0x8e12e1f0		PRIVATE	READWRITE
26	float	0x000002899d7b4cb8	1	2.9391e-39	0x3f800000	0x00200106		PRIVATE	READWRITE
26	float	0x000002899d7b4cd8	1	0	0x3f800000	0x00000000		PRIVATE	READWRITE
26	float	0x000002899d7b4ce4	1	9.09443e-43	0x3f800000	0x00000289		PRIVATE	READWRITE
26	float	0x000002899d7b4ce8	1	1.05796e-37	0x3f800000	0x02100091		PRIVATE	READWRITE
26	float	0x000002899d7b4cec	1	1.06531e-37	0x3f800000	0x02110091		PRIVATE	READWRITE
26	float	0x000002899d7b4cf0	1	1.07265e-37	0x3f800000	0x02120091		PRIVATE	READWRITE
26	float	0x000002899d7b4cf4	1	4.40811e-39	0x3f800000	0x00300006		PRIVATE	READWRITE
26	float	0x000002899d7b4d3c	1	9.09443e-43	0x3f800000	0x00000289		PRIVATE	READWRITE
26	float	0x000002899d7b4d44	1	3.36312e-44	0x3f800000	0x00000018		PRIVATE	READWRITE
26	float	0x000002899d7b4d68	1	2.24208e-42	0x3f800000	0x00000640		PRIVATE	READWRITE
26	float	0x000002899d7b4d88	1	2.24208e-42	0x3f800000	0x00000640		PRIVATE	READWRITE
26	float	0x000002899d7b4d9c	1	1.47459e-39	0x3f800000	0x00100e90		PRIVATE	READWRITE
26	float	0x000002899d7b4dd8	1	0	0x3f800000	0x00000000		PRIVATE	READWRITE
26	float	0x000002899d7b4e10	1	5.87751e-39	0x3f800000	0x00400018		PRIVATE	READWRITE
26	float	0x000002899d7b4e18	1	0	0x3f800000	0x00000000		PRIVATE	READWRITE
26	float	0x000002899d7b4e20	1	0	0x3f800000	0x00000000		PRIVATE	READWRITE
26	float	0x000002899d7b4e30	1	0	0x3f800000	0x00000000		PRIVATE	READWRITE
26	float	0x000002899d7b4e40	1	0	0x3f800000	0x00000000		PRIVATE	READWRITE
26	float	0x000002899d7b4e60	1	0	0x3f800000	0x00000000		PRIVATE	READWRITE
26	float	0x000002899d7b4e64	1	0	0x3f800000	0x00000000		PRIVATE	READWRITE
26	float	0x000002899d7b4e78	1	0	0x3f800000	0x00000000		PRIVATE	READWRITE
26	float	0x000002899d7b4e80	1	0	0x3f800000	0x00000000		PRIVATE	READWRITE
26	float	0x000002899d7b4e88	1	0	0x3f800000	0x00000000		PRIVATE	READWRITE
26	float	0x000002899d7b4ea0	1	1.47746e-39	0x3f800000	0x00101690		PRIVATE	READWRITE
26	float	0x000002899d7b4ea8	1	5.22404e-42	0x3f800000	0x00000e90		PRIVATE	READWRITE
26	float	0x000002899d7b4eec	1	-3.16557e-21	0x3f800000	0x9d6f2f00		PRIVATE	READWRITE
26	float	0x000002899d7b4ef4	1	1.79927e-42	0x3f800000	0x00000504		PRIVATE	READWRITE
26	float	0x000002899d7b4efc	1	9.09443e-43	0x3f800000	0x00000289		PRIVATE	READWRITE
26	float	0x000002899d7b4f18	1	2.87546e-42	0x3f800000	0x00000804		PRIVATE	READWRITE
26	float	0x000002899d7b4f20	1	9.09443e-43	0x3f800000	0x00000289		PRIVATE	READWRITE
26	float	0x000002899d7b4fb0	1	0	0x3f800000	0x00000000		PRIVATE	READWRITE
26	float	0x000002899d7b4fc8	1.65493e-42	1	0x0000049d	0x3f800000		PRIVATE	READWRITE
26	float	0x000002899d7b4fec	0	1	0x00000000	0x3f800000		PRIVATE	READWRITE
26	float	0x000002899d7b500c	1	-3.16557e-21	0x3f800000	0x9d6f2f00		PRIVATE	READWRITE
26	float	0x000002899d7b5030	1	0	0x3f800000	0x00000000		PRIVATE	READWRITE
26	float	0x000002899d7b5034	0	1	0x00000000	0x3f800000		PRIVATE	READWRITE
26	float	0x000002899d7b5058	0	1	0x00000000	0x3f800000		PRIVATE	READWRITE
26	float	0x000002899d7b50a8	1	0	0x3f800000	0x00000000		PRIVATE	READWRITE
26	float	0x000002899d7b50c0	2.86986e-42	1	0x00000800	0x3f800000		PRIVATE	READWRITE
26	float	0x000002899d7b5104	1	0	0x3f800000	0x00000000		PRIVATE	READWRITE
26	float	0x000002899d7b5138	1	9.09443e-43	0x3f800000	0x00000289		PRIVATE	READWRITE
26	float	0x000002899d7b5190	1	2.87546e-42	0x3f800000	0x00000804		PRIVATE	READWRITE
26	float	0x000002899d7b51b4	1	3.95166e-42	0x3f800000	0x00000b04		PRIVATE	READWRITE
26	float	0x000002899d7b51d4	1	9.09443e-43	0x3f800000	0x00000289		PRIVATE	READWRITE
26	float	0x000002899d7b5294	1	0	0x3f800000	0x00000000		PRIVATE	READWRITE
26	float	0x000002899d7b52a8	1	0	0x3f800000	0x00000000		PRIVATE	READWRITE
26	float	0x000002899d7b52d0	1	0	0x3f800000	0x00000000		PRIVATE	READWRITE
26	float	0x000002899d7b5354	1	0	0x3f800000	0x00000000		PRIVATE	READWRITE
26	float	0x000002899d7b538c	1	0	0x3f800000	0x00000000		PRIVATE	READWRITE
26	float	0x000002899d7b53a8	1	5.60519e-45	0x3f800000	0x00000004		PRIVATE	READWRITE
26	float	0x000002899d7b53b0	1	9.09443e-43	0x3f800000	0x00000289		PRIVATE	READWRITE
26	float	0x000002899d7b53b8	1	-2.10633e-30	0x3f800000	0x8e2ae2d0		PRIVATE	READWRITE
26	float	0x000002899d7b53c0	1	1.88509e-39	0x3f800000	0x001486e0		PRIVATE	READWRITE
26	float	0x000002899d7b53f4	1	2.24208e-42	0x3f800000	0x00000640		PRIVATE	READWRITE
26	float	0x000002899d7b5414	1	2.24208e-42	0x3f800000	0x00000640		PRIVATE	READWRITE
26	float	0x000002899d7b5434	1	0	0x3f800000	0x00000000		PRIVATE	READWRITE
26	float	0x000002899d7b5498	1	0	0x3f800000	0x00000000		PRIVATE	READWRITE
26	float	0x000002899d7b54b8	1	1.32243e-38	0x3f800000	0x00900006		PRIVATE	READWRITE
26	float	0x000002899d7b54e8	1	0	0x3f800000	0x00000000		PRIVATE	READWRITE
26	float	0x000002899d7b54f4	1	0	0x3f800000	0x00000000		PRIVATE	READWRITE
26	float	0x000002899d7b54f8	1	0	0x3f800000	0x00000000		PRIVATE	READWRITE
26	float	0x000002899d7b5500	1	0	0x3f800000	0x00000000		PRIVATE	READWRITE
26	float	0x000002899d7b5504	1	0	0x3f800000	0x00000000		PRIVATE	READWRITE
26	float	0x000002899d7b5528	10	0	0x41200000	0x00000000		PRIVATE	READWRITE
26	float	0x000002899d7b5530	1	0	0x3f800000	0x00000000		PRIVATE	READWRITE
26	float	0x000002899d7b5558	1	7.14662e-44	0x3f800000	0x00000033		PRIVATE	READWRITE
26	float	0x000002899d7b555c	1	-2.10633e-30	0x3f800000	0x8e2ae2d0		PRIVATE	READWRITE
26	float	0x000002899d7b5560	1	9.09443e-43	0x3f800000	0x00000289		PRIVATE	READWRITE
26	float	0x000002899d7b5568	1	3.36312e-44	0x3f800000	0x00000018		PRIVATE	READWRITE
26	float	0x000002899d7b5570	1	-1.68052e-30	0x3f800000	0x8e085710		PRIVATE	READWRITE
26	float	0x000002899d7b5578	1	0	0x3f800000	0x00000000		PRIVATE	READWRITE
26	float	0x000002899d7b5580	1	0	0x3f800000	0x00000000		PRIVATE	READWRITE
26	float	0x000002899d7b5598	5.60519e-45	1	0x00000004	0x3f800000		PRIVATE	READWRITE
26	float	0x000002899d7b5640	9.40412e-38	1	0x02000094	0x3f800000		PRIVATE	READWRITE
26	float	0x000002899d7b56b4	1	0	0x3f800000	0x00000000		PRIVATE	READWRITE
26	float	0x000002899d7b56d0	1.2858e-37	1	0x022f03c0	0x3f800000		PRIVATE	READWRITE
26	float	0x000002899d7b5728	4.49759e-37	1	0x03190b91	0x3f800000		PRIVATE	READWRITE
26	float	0x000002899d7b5794	1	0	0x3f800000	0x00000000		PRIVATE	READWRITE
26	float	0x000002899d7b57a8	1	0	0x3f800000	0x00000000		PRIVATE	READWRITE
26	float	0x000002899d7b57c0	0	1	0x00000000	0x3f800000		PRIVATE	READWRITE
26	float	0x000002899d7b57d0	1	0	0x3f800000	0x00000000		PRIVATE	READWRITE
26	float	0x000002899d7b5854	1	0	0x3f800000	0x00000000		PRIVATE	READWRITE
26	float	0x000002899d7b588c	1	0	0x3f800000	0x00000000		PRIVATE	READWRITE
26	float	0x000002899d7b58c0	1	0	0x3f800000	0x00000000		PRIVATE	READWRITE
26	float	0x000002899d7b58f4	1	1.65493e-42	0x3f800000	0x0000049d		PRIVATE	READWRITE
26	float	0x000002899d7b5914	1	7.00649e-45	0x3f800000	0x00000005		PRIVATE	READWRITE
26	float	0x000002899d7b5934	1	0	0x3f800000	0x00000000		PRIVATE	READWRITE
26	float	0x000002899d7b5960	0	1	0x00000000	0x3f800000		PRIVATE	READWRITE
26	float	0x000002899d7b5998	1	0	0x3f800000	0x00000000		PRIVATE	READWRITE
26	float	0x000002899d7b59ac	1	2.63444e-43	0x3f800000	0x000000bc		PRIVATE	READWRITE
26	float	0x000002899d7b59c0	1	0	0x3f800000	0x00000000		PRIVATE	READWRITE
26	float	0x000002899d7b59c4	0	1	0x00000000	0x3f800000		PRIVATE	READWRITE
26	float	0x000002899d7b59c8	1	6.5861e-44	0x3f800000	0x0000002f		PRIVATE	READWRITE
26	float	0x000002899d7b59dc	1	9.09443e-43	0x3f800000	0x00000289		PRIVATE	READWRITE
26	float	0x000002899d7b59e8	1	9.09443e-43	0x3f800000	0x00000289		PRIVATE	READWRITE
26	float	0x000002899d7b59fc	1	0	0x3f800000	0x00000000		PRIVATE	READWRITE
26	float	0x000002899d7b5a08	1	9.09443e-43	0x3f800000	0x00000289		PRIVATE	READWRITE
26	float	0x000002899d7b5a28	1	0	0x3f800000	0x00000000		PRIVATE	READWRITE
26	float	0x000002899d7b5a3c	1	0	0x3f800000	0x00000000		PRIVATE	READWRITE
26	float	0x000002899d7b5a58	2	1	0x40000000	0x3f800000		PRIVATE	READWRITE
26	float	0x000002899d7b5a64	1	0	0x3f800000	0x00000000		PRIVATE	READWRITE
26	float	0x000002899d7b5a68	1	0	0x3f800000	0x00000000		PRIVATE	READWRITE
26	float	0x000002899d7b5a6c	1	0	0x3f800000	0x00000000		PRIVATE	READWRITE
26	float	0x000002899d7b5a98	10	0	0x41200000	0x00000000		PRIVATE	READWRITE
26	float	0x000002899d7b5a9c	1	0	0x3f800000	0x00000000		PRIVATE	READWRITE
26	float	0x000002899d7b5aa0	1	3.78351e-44	0x3f800000	0x0000001b		PRIVATE	READWRITE
26	float	0x000002899d7b5abc	0	1	0x00000000	0x3f800000		PRIVATE	READWRITE
26	float	0x000002899d7b5ac8	1	9.09443e-43	0x3f800000	0x00000289		PRIVATE	READWRITE
26	float	0x000002899d7b5ad8	1	7.14662e-44	0x3f800000	0x00000033		PRIVATE	READWRITE
26	float	0x000002899d7b5adc	1	-2.10633e-30	0x3f800000	0x8e2ae2d0		PRIVATE	READWRITE
26	float	0x000002899d7b5ae0	1	9.09443e-43	0x3f800000	0x00000289		PRIVATE	READWRITE
26	float	0x000002899d7b5ae8	1	8.40779e-44	0x3f800000	0x0000003c		PRIVATE	READWRITE
26	float	0x000002899d7b5af0	1	3.3061e-39	0x3f800000	0x00240012		PRIVATE	READWRITE
26	float	0x000002899d7b5af8	1	6.16571e-44	0x3f800000	0x0000002c		PRIVATE	READWRITE
26	float	0x000002899d7b5b00	1	9.09443e-43	0x3f800000	0x00000289		PRIVATE	READWRITE
26	float	0x000002899d7b5b18	1	0	0x3f800000	0x00000000		PRIVATE	READWRITE
26	float	0x000002899d7b5b20	1	0	0x3f800000	0x00000000		PRIVATE	READWRITE
26	float	0x000002899d7b5b30	1	0	0x3f800000	0x00000000		PRIVATE	READWRITE
26	float	0x000002899d7b5b38	1	0	0x3f800000	0x00000000		PRIVATE	READWRITE
26	float	0x000002899d7b5b40	1	0	0x3f800000	0x00000000		PRIVATE	READWRITE
26	float	0x000002899d7b5bb4	9.09443e-43	1	0x00000289	0x3f800000		PRIVATE	READWRITE
26	float	0x000002899d7b5bf0	1	7.00649e-45	0x3f800000	0x00000005		PRIVATE	READWRITE
26	float	0x000002899d7b5c0c	1	0	0x3f800000	0x00000000		PRIVATE	READWRITE
26	float	0x000002899d7b5c3c	0	1	0x00000000	0x3f800000		PRIVATE	READWRITE
26	float	0x000002899d7b5cd4	1	3.3061e-39	0x3f800000	0x00240012		PRIVATE	READWRITE
26	float	0x000002899d7b5ce8	1	7.00649e-45	0x3f800000	0x00000005		PRIVATE	READWRITE
26	float	0x000002899d7b5cfc	1	0	0x3f800000	0x00000000		PRIVATE	READWRITE
26	float	0x000002899d7b5d10	1	0	0x3f800000	0x00000000		PRIVATE	READWRITE
26	float	0x000002899d7b5d34	0	1	0x00000000	0x3f800000		PRIVATE	READWRITE
26	float	0x000002899d7b5d98	0	1	0x00000000	0x3f800000		PRIVATE	READWRITE
26	float	0x000002899d7b5d9c	1	5.60519e-45	0x3f800000	0x00000004		PRIVATE	READWRITE
26	float	0x000002899d7b5db8	1	8.40779e-44	0x3f800000	0x0000003c		PRIVATE	READWRITE
26	float	0x000002899d7b5dc0	1	3.3061e-39	0x3f800000	0x00240012		PRIVATE	READWRITE
26	float	0x000002899d7b5dc8	1	5.87751e-39	0x3f800000	0x00400018		PRIVATE	READWRITE
26	float	0x000002899d7b5dd0	1	0	0x3f800000	0x00000000		PRIVATE	READWRITE
26	float	0x000002899d7b5dd8	1	0	0x3f800000	0x00000000		PRIVATE	READWRITE
26	float	0x000002899d7b5dec	1	0	0x3f800000	0x00000000		PRIVATE	READWRITE
26	float	0x000002899d7b5df8	1	0	0x3f800000	0x00000000		PRIVATE	READWRITE
26	float	0x000002899d7b5e08	0	1	0x00000000	0x3f800000		PRIVATE	READWRITE
26	float	0x000002899d7b5e0c	1	5.87748e-39	0x3f800000	0x00400006		PRIVATE	READWRITE
26	float	0x000002899d7b5e18	1	0	0x3f800000	0x00000000		PRIVATE	READWRITE
26	float	0x000002899d7b5e30	1	0	0x3f800000	0x00000000		PRIVATE	READWRITE
26	float	0x000002899d7b5e34	1	0	0x3f800000	0x00000000		PRIVATE	READWRITE
26	float	0x000002899d7b5e58	1	9.09443e-43	0x3f800000	0x00000289		PRIVATE	READWRITE
26	float	0x000002899d7b5e68	1	3.3061e-39	0x3f800000	0x00240012		PRIVATE	READWRITE
26	float	0x000002899d7b5e6c	1	0	0x3f800000	0x00000000		PRIVATE	READWRITE
26	float	0x000002899d7b5e70	1	6.16571e-44	0x3f800000	0x0000002c		PRIVATE	READWRITE
26	float	0x000002899d7b5e78	1	9.09443e-43	0x3f800000	0x00000289		PRIVATE	READWRITE
26	float	0x000002899d7b5e88	1	5.87751e-39	0x3f800000	0x00400018		PRIVATE	READWRITE
26	float	0x000002899d7b5e90	1	0	0x3f800000	0x00000000		PRIVATE	READWRITE
26	float	0x000002899d7b5ec8	9.09443e-43	1	0x00000289	0x3f800000		PRIVATE	READWRITE
26	float	0x000002899d7b5f1c	1	1.49939e-43	0x3f800000	0x0000006b		PRIVATE	READWRITE
26	float	0x000002899d7b5f2c	7.00649e-45	1	0x00000005	0x3f800000		PRIVATE	READWRITE
26	float	0x000002899d7b5fa0	1	0	0x3f800000	0x00000000		PRIVATE	READWRITE
26	float	0x000002899d7b5fc0	0	1	0x00000000	0x3f800000		PRIVATE	READWRITE
26	float	0x000002899d7b6068	1	9.09443e-43	0x3f800000	0x00000289		PRIVATE	READWRITE
26	float	0x000002899d7b608c	1	0	0x3f800000	0x00000000		PRIVATE	READWRITE
26	float	0x000002899d7b6094	1	0	0x3f800000	0x00000000		PRIVATE	READWRITE
26	float	0x000002899d7b609c	1	0	0x3f800000	0x00000000		PRIVATE	READWRITE
26	float	0x000002899d7b60ac	0	1	0x00000000	0x3f800000		PRIVATE	READWRITE
26	float	0x000002899d7b60b8	1	0	0x3f800000	0x00000000		PRIVATE	READWRITE
26	float	0x000002899d7b60d4	1	0	0x3f800000	0x00000000		PRIVATE	READWRITE
26	float	0x000002899d7b60d8	1	0	0x3f800000	0x00000000		PRIVATE	READWRITE
26	float	0x000002899d7b60dc	1	0	0x3f800000	0x00000000		PRIVATE	READWRITE
26	float	0x000002899d7b60e0	1	0	0x3f800000	0x00000000		PRIVATE	READWRITE
26	float	0x000002899d7b6110	0	1	0x00000000	0x3f800000		PRIVATE	READWRITE
26	float	0x000002899d7b6114	1	5.60519e-45	0x3f800000	0x00000004		PRIVATE	READWRITE
26	float	0x000002899d7b611c	1	9.09443e-43	0x3f800000	0x00000289		PRIVATE	READWRITE
26	float	0x000002899d7b612c	1	7.14662e-44	0x3f800000	0x00000033		PRIVATE	READWRITE
26	float	0x000002899d7b6184	1	0	0x3f800000	0x00000000		PRIVATE	READWRITE
26	float	0x000002899d7b618c	1	0	0x3f800000	0x00000000		PRIVATE	READWRITE
26	float	0x000002899d7b6194	1	0	0x3f800000	0x00000000		PRIVATE	READWRITE
26	float	0x000002899d7b61a4	1.4726e-39	1	0x00100906	0x3f800000		PRIVATE	READWRITE
26	float	0x000002899d7b61a8	1	5.87748e-39	0x3f800000	0x00400006		PRIVATE	READWRITE
26	float	0x000002899d7b61b0	1	0	0x3f800000	0x00000000		PRIVATE	READWRITE
26	float	0x000002899d7b66b4	1	3.92364e-44	0x3f800000	0x0000001c		PRIVATE	READWRITE
26	float	0x000002899d7b66bc	0	1	0x00000000	0x3f800000		PRIVATE	READWRITE
26	float	0x000002899d7b66c8	1	9.09443e-43	0x3f800000	0x00000289		PRIVATE	READWRITE
26	float	0x000002899d7b66dc	1	-2.10633e-30	0x3f800000	0x8e2ae2d0		PRIVATE	READWRITE
26	float	0x000002899d7b66f0	1	3.3061e-39	0x3f800000	0x00240012		PRIVATE	READWRITE
26	float	0x000002899d7b67ac	1	3.92364e-44	0x3f800000	0x0000001c		PRIVATE	READWRITE
26	float	0x000002899d7b67c8	1	-2.10633e-30	0x3f800000	0x8e2ae2d0		PRIVATE	READWRITE
26	float	0x000002899d7b67d0	1	1.93386e-39	0x3f800000	0x00150ed0		PRIVATE	READWRITE
26	float	0x000002899d7b67d8	1	1.65493e-42	0x3f800000	0x0000049d		PRIVATE	READWRITE
26	float	0x000002899d7b67e0	1	0	0x3f800000	0x00000000		PRIVATE	READWRITE
26	float	0x000002899d7b68a0	0	1	0x00000000	0x3f800000		PRIVATE	READWRITE
26	float	0x000002899d7b68b8	1	9.09443e-43	0x3f800000	0x00000289		PRIVATE	READWRITE
26	float	0x000002899d7b68cc	1	8.40779e-44	0x3f800000	0x0000003c		PRIVATE	READWRITE
26	float	0x000002899d7b68e0	1	-1.51804e-21	0x3f800000	0x9ce56630		PRIVATE	READWRITE
26	float	0x000002899d7b68e8	1	7.00649e-45	0x3f800000	0x00000005		PRIVATE	READWRITE
26	float	0x000002899d7b68fc	1	0	0x3f800000	0x00000000		PRIVATE	READWRITE
26	float	0x000002899d7b6908	1	0	0x3f800000	0x00000000		PRIVATE	READWRITE
26	float	0x000002899d7b691c	1	0	0x3f800000	0x00000000		PRIVATE	READWRITE
26	float	0x000002899d7b6934	0	1	0x00000000	0x3f800000		PRIVATE	READWRITE
26	float	0x000002899d7b6948	1	0	0x3f800000	0x00000000		PRIVATE	READWRITE
26	float	0x000002899d7b695c	1	0	0x3f800000	0x00000000		PRIVATE	READWRITE
26	float	0x000002899d7b6968	1	0	0x3f800000	0x00000000		PRIVATE	READWRITE
26	float	0x000002899d7b697c	1	3.78351e-44	0x3f800000	0x0000001b		PRIVATE	READWRITE
26	float	0x000002899d7b6988	1	1.68156e-43	0x3f800000	0x00000078		PRIVATE	READWRITE
26	float	0x000002899d7b6998	0	1	0x00000000	0x3f800000		PRIVATE	READWRITE
26	float	0x000002899d7b699c	1	5.60519e-45	0x3f800000	0x00000004		PRIVATE	READWRITE
26	float	0x000002899d7b69c4	1	0	0x3f800000	0x00000000		PRIVATE	READWRITE
26	float	0x000002899d7b69dc	1	9.09443e-43	0x3f800000	0x00000289		PRIVATE	READWRITE
26	float	0x000002899d7b69e0	1	5.87751e-39	0x3f800000	0x00400018		PRIVATE	READWRITE
26	float	0x000002899d7b6a08	10	0	0x41200000	0x00000000		PRIVATE	READWRITE
26	float	0x000002899d7b6a10	1	0	0x3f800000	0x00000000		PRIVATE	READWRITE
26	float	0x000002899d7b6a48	1	0	0x3f800000	0x00000000		PRIVATE	READWRITE
26	float	0x000002899d7b6a4c	1	0	0x3f800000	0x00000000		PRIVATE	READWRITE
26	float	0x000002899d7b6a50	1	0	0x3f800000	0x00000000		PRIVATE	READWRITE
26	float	0x000002899d7b6a58	1	0	0x3f800000	0x00000000		PRIVATE	READWRITE
26	float	0x000002899d7b6a60	1	0	0x3f800000	0x00000000		PRIVATE	READWRITE
26	float	0x000002899d7b6a68	1	3.78351e-44	0x3f800000	0x0000001b		PRIVATE	READWRITE
26	float	0x000002899d7b6a70	1	5.00264e-43	0x3f800000	0x00000165		PRIVATE	READWRITE
26	float	0x000002899d7b6a78	1	1.79366e-43	0x3f800000	0x00000080		PRIVATE	READWRITE
26	float	0x000002899d7b6a80	1	0	0x3f800000	0x00000000		PRIVATE	READWRITE
26	float	0x000002899d7b6a84	0	1	0x00000000	0x3f800000		PRIVATE	READWRITE
26	float	0x000002899d7b6a88	1	5.60519e-45	0x3f800000	0x00000004		PRIVATE	READWRITE
26	float	0x000002899d7b6aa0	1	7.14662e-44	0x3f800000	0x00000033		PRIVATE	READWRITE
26	float	0x000002899d7b6aa8	1	9.09443e-43	0x3f800000	0x00000289		PRIVATE	READWRITE
26	float	0x000002899d7b6ab0	1	8.40779e-44	0x3f800000	0x0000003c		PRIVATE	READWRITE
26	float	0x000002899d7b6ab8	1	3.3061e-39	0x3f800000	0x00240012		PRIVATE	READWRITE
26	float	0x000002899d7b6ac0	1	6.16571e-44	0x3f800000	0x0000002c		PRIVATE	READWRITE
26	float	0x000002899d7b6b18	9.09443e-43	1	0x00000289	0x3f800000		PRIVATE	READWRITE
26	float	0x000002899d7b6b7c	1.54143e-44	1	0x0000000b	0x3f800000		PRIVATE	READWRITE
26	float	0x000002899d7b6ba8	1	0	0x3f800000	0x00000000		PRIVATE	READWRITE
26	float	0x000002899d7b6bc4	1	5.87751e-39	0x3f800000	0x00400018		PRIVATE	READWRITE
26	float	0x000002899d7b6c04	9.09443e-43	1	0x00000289	0x3f800000		PRIVATE	READWRITE
26	float	0x000002899d7b70ec	1	0	0x3f800000	0x00000000		PRIVATE	READWRITE
26	float	0x000002899d7b7100	1	0	0x3f800000	0x00000000		PRIVATE	READWRITE
26	float	0x000002899d7b7114	1	6.96445e-43	0x3f800000	0x000001f1		PRIVATE	READWRITE
26	float	0x000002899d7b71b0	0	1	0x00000000	0x3f800000		PRIVATE	READWRITE
26	float	0x000002899d7b71b4	1	5.87748e-39	0x3f800000	0x00400006		PRIVATE	READWRITE
26	float	0x000002899d7b71d8	1	0	0x3f800000	0x00000000		PRIVATE	READWRITE
26	float	0x000002899d7b71e0	1	0	0x3f800000	0x00000000		PRIVATE	READWRITE
26	float	0x000002899d7b71e8	1	0	0x3f800000	0x00000000		PRIVATE	READWRITE
26	float	0x000002899d7b71f0	1	0	0x3f800000	0x00000000		PRIVATE	READWRITE
26	float	0x000002899d7b7204	1	1.49939e-43	0x3f800000	0x0000006b		PRIVATE	READWRITE
26	float	0x000002899d7b7210	1	0	0x3f800000	0x00000000		PRIVATE	READWRITE
26	float	0x000002899d7b7214	0	1	0x00000000	0x3f800000		PRIVATE	READWRITE
26	float	0x000002899d7b7224	1	3.64338e-43	0x3f800000	0x00000104		PRIVATE	READWRITE
26	float	0x000002899d7b7230	1	7.14662e-44	0x3f800000	0x00000033		PRIVATE	READWRITE
26	float	0x000002899d7b7244	1	1.65493e-42	0x3f800000	0x0000049d		PRIVATE	READWRITE
26	float	0x000002899d7b7250	1	6.16571e-44	0x3f800000	0x0000002c		PRIVATE	READWRITE
26	float	0x000002899d7b725c	1	7.00649e-45	0x3f800000	0x00000005		PRIVATE	READWRITE
26	float	0x000002899d7b7264	1	9.09443e-43	0x3f800000	0x00000289		PRIVATE	READWRITE
26	float	0x000002899d7b7268	1	5.87751e-39	0x3f800000	0x00400018		PRIVATE	READWRITE
26	float	0x000002899d7b72b8	1	0	0x3f800000	0x00000000		PRIVATE	READWRITE
26	float	0x000002899d7b72d0	1	0	0x3f800000	0x00000000		PRIVATE	READWRITE
26	float	0x000002899d7b72d8	1	0	0x3f800000	0x00000000		PRIVATE	READWRITE
26	float	0x000002899d7b7384	1	0	0x3f800000	0x00000000		PRIVATE	READWRITE
26	float	0x000002899d7b73c4	1	0	0x3f800000	0x00000000		PRIVATE	READWRITE
26	float	0x000002899d7b8008	1	0	0x3f800000	0x00000000		PRIVATE	READWRITE
26	float	0x000002899d7b801c	1	1.47926e-39	0x3f800000	0x00101b90		PRIVATE	READWRITE
26	float	0x000002899d7b8030	1	5.22404e-42	0x3f800000	0x00000e90		PRIVATE	READWRITE
26	float	0x000002899d7b80ec	1	7.14662e-44	0x3f800000	0x00000033		PRIVATE	READWRITE
26	float	0x000002899d7b8108	1	9.09443e-43	0x3f800000	0x00000289		PRIVATE	READWRITE
26	float	0x000002899d7b8110	1	3.78351e-44	0x3f800000	0x0000001b		PRIVATE	READWRITE
26	float	0x000002899d7b8118	1	9.64093e-43	0x3f800000	0x000002b0		PRIVATE	READWRITE
26	float	0x000002899d7b8120	1	9.80909e-44	0x3f800000	0x00000046		PRIVATE	READWRITE
26	float	0x000002899d7b8154	1	-2.37077e-21	0x3f800000	0x9d332150		PRIVATE	READWRITE
26	float	0x000002899d7b8174	1	0	0x3f800000	0x00000000		PRIVATE	READWRITE
26	float	0x000002899d7b8194	1	0	0x3f800000	0x00000000		PRIVATE	READWRITE
26	float	0x000002899d7b81f8	1	0	0x3f800000	0x00000000		PRIVATE	READWRITE
26	float	0x000002899d7b820c	1	0	0x3f800000	0x00000000		PRIVATE	READWRITE
26	float	0x000002899d7b8220	1	1.32243e-38	0x3f800000	0x00900006		PRIVATE	READWRITE
26	float	0x000002899d7b8228	1	0	0x3f800000	0x00000000		PRIVATE	READWRITE
26	float	0x000002899d7b823c	1	0	0x3f800000	0x00000000		PRIVATE	READWRITE
26	float	0x000002899d7b8248	1	0	0x3f800000	0x00000000		PRIVATE	READWRITE
26	float	0x000002899d7b825c	1	0	0x3f800000	0x00000000		PRIVATE	READWRITE
26	float	0x000002899d7b8268	1	0	0x3f800000	0x00000000		PRIVATE	READWRITE
26	float	0x000002899d7b827c	1	0	0x3f800000	0x00000000		PRIVATE	READWRITE
26	float	0x000002899d7b8288	1	0	0x3f800000	0x00000000		PRIVATE	READWRITE
26	float	0x000002899d7b829c	1	0	0x3f800000	0x00000000		PRIVATE	READWRITE
26	float	0x000002899d7b82a8	1	0	0x3f800000	0x00000000		PRIVATE	READWRITE
26	float	0x000002899d7b82bc	1	5.60519e-45	0x3f800000	0x00000004		PRIVATE	READWRITE
26	float	0x000002899d7b82d8	1	3.36312e-44	0x3f800000	0x00000018		PRIVATE	READWRITE
26	float	0x000002899d7b82e4	1	9.09443e-43	0x3f800000	0x00000289		PRIVATE	READWRITE
26	float	0x000002899d7b82e8	1	0	0x3f800000	0x00000000		PRIVATE	READWRITE
26	float	0x000002899d7b82ec	1	8.82818e-44	0x3f800000	0x0000003f		PRIVATE	READWRITE
26	float	0x000002899d7b82f0	1	-2.10693e-30	0x3f800000	0x8e2aef30		PRIVATE	READWRITE
26	float	0x000002899d7b82f4	1	9.09443e-43	0x3f800000	0x00000289		PRIVATE	READWRITE
26	float	0x000002899d7b8318	10	7.00649e-44	0x41200000	0x00000032		PRIVATE	READWRITE
26	float	0x000002899d7b831c	1	0	0x3f800000	0x00000000		PRIVATE	READWRITE
26	float	0x000002899d7b8320	1	0	0x3f800000	0x00000000		PRIVATE	READWRITE
26	float	0x000002899d7b8358	1	0	0x3f800000	0x00000000		PRIVATE	READWRITE
26	float	0x000002899d7b835c	1	0	0x3f800000	0x00000000		PRIVATE	READWRITE
26	float	0x000002899d7b8368	1	0	0x3f800000	0x00000000		PRIVATE	READWRITE
26	float	0x000002899d7b8378	1	0	0x3f800000	0x00000000		PRIVATE	READWRITE
26	float	0x000002899d7b8388	2	0	0x40000000	0x00000000		PRIVATE	READWRITE
26	float	0x000002899d7b8394	1	0	0x3f800000	0x00000000		PRIVATE	READWRITE
26	float	0x000002899d7b8398	1	0	0x3f800000	0x00000000		PRIVATE	READWRITE
26	float	0x000002899d7b83a8	1	0	0x3f800000	0x00000000		PRIVATE	READWRITE
26	float	0x000002899d7b83b8	1	0	0x3f800000	0x00000000		PRIVATE	READWRITE
26	float	0x000002899d7b8498	1	0	0x3f800000	0x00000000		PRIVATE	READWRITE
26	float	0x000002899d7b84ac	0	1	0x00000000	0x3f800000		PRIVATE	READWRITE
26	float	0x000002899d7b84b4	1	0	0x3f800000	0x00000000		PRIVATE	READWRITE
26	float	0x000002899d7b84cc	1	0	0x3f800000	0x00000000		PRIVATE	READWRITE
26	float	0x000002899d7b84e4	1	6.16571e-44	0x3f800000	0x0000002c		PRIVATE	READWRITE
26	float	0x000002899d7b911c	1	0	0x3f800000	0x00000000		PRIVATE	READWRITE
26	float	0x000002899d7b9138	1	0	0x3f800000	0x00000000		PRIVATE	READWRITE
26	float	0x000002899d7b9158	1	0	0x3f800000	0x00000000		PRIVATE	READWRITE
26	float	0x000002899d7b9194	1	0	0x3f800000	0x00000000		PRIVATE	READWRITE
26	float	0x000002899d7b91b8	1	0	0x3f800000	0x00000000		PRIVATE	READWRITE
26	float	0x000002899d7b91c8	1	0	0x3f800000	0x00000000		PRIVATE	READWRITE
26	float	0x000002899d8a7ce4	1	0	0x3f800000	0x00000000		PRIVATE	READWRITE
26	float	0x000002899d8a8584	0	1	0x00000000	0x3f800000		PRIVATE	READWRITE
26	float	0x00000289e1feb91c	1	0	0x3f800000	0x00000000		PRIVATE	READWRITE
26	float	0x00000289e1feb920	5.60519e-45	1	0x00000004	0x3f800000		PRIVATE	READWRITE
26	float	0x00000289e1feb940	1.65493e-42	1	0x0000049d	0x3f800000		PRIVATE	READWRITE
26	float	0x00000289e1feb960	0	1	0x00000000	0x3f800000		PRIVATE	READWRITE
26	float	0x00000289e1feb98c	1	0	0x3f800000	0x00000000		PRIVATE	READWRITE
26	float	0x00000289e1feb9c4	0	1	0x00000000	0x3f800000		PRIVATE	READWRITE
26	float	0x00000289e1feb9d8	2.87266e-43	1	0x000000cd	0x3f800000		PRIVATE	READWRITE
26	float	0x00000289e1feb9ec	0	1	0x00000000	0x3f800000		PRIVATE	READWRITE
26	float	0x00000289e1feb9f0	1	0	0x3f800000	0x00000000		PRIVATE	READWRITE
26	float	0x00000289e1feb9f4	5.60519e-45	1	0x00000004	0x3f800000		PRIVATE	READWRITE
26	float	0x00000289e1feba08	9.09443e-43	1	0x00000289	0x3f800000		PRIVATE	READWRITE
26	float	0x00000289e1feba14	1.65493e-42	1	0x0000049d	0x3f800000		PRIVATE	READWRITE
26	float	0x00000289e1feba28	0	1	0x00000000	0x3f800000		PRIVATE	READWRITE
26	float	0x00000289e1feba34	0	1	0x00000000	0x3f800000		PRIVATE	READWRITE
26	float	0x00000289e1feba48	0	1	0x00000000	0x3f800000		PRIVATE	READWRITE
26	float	0x00000289e1feba60	1	0	0x3f800000	0x00000000		PRIVATE	READWRITE
26	float	0x00000289e1feba74	0	1	0x00000000	0x3f800000		PRIVATE	READWRITE
26	float	0x00000289e1feba88	0	1	0x00000000	0x3f800000		PRIVATE	READWRITE
26	float	0x00000289e1febaa4	0	1	0x00000000	0x3f800000		PRIVATE	READWRITE
26	float	0x00000289e1febab0	1.31302e-42	1	0x000003a9	0x3f800000		PRIVATE	READWRITE
26	float	0x00000289e1febab4	2.9147e-43	1	0x000000d0	0x3f800000		PRIVATE	READWRITE
26	float	0x00000289e1febab8	2.9147e-43	1	0x000000d0	0x3f800000		PRIVATE	READWRITE
26	float	0x00000289e1febabc	3.92364e-44	1	0x0000001c	0x3f800000		PRIVATE	READWRITE
26	float	0x00000289e1febac0	0	1	0x00000000	0x3f800000		PRIVATE	READWRITE
26	float	0x00000289e1febae4	8.40779e-44	10	0x0000003c	0x41200000		PRIVATE	READWRITE
26	float	0x00000289e1febae8	1.65493e-42	1	0x0000049d	0x3f800000		PRIVATE	READWRITE
26	float	0x00000289e1febaec	3.67345e-40	1	0x00040002	0x3f800000		PRIVATE	READWRITE
26	float	0x00000289e1febb24	0	1	0x00000000	0x3f800000		PRIVATE	READWRITE
26	float	0x00000289e1febb28	1.17849e-42	1	0x00000349	0x3f800000		PRIVATE	READWRITE
26	float	0x00000289e1febb2c	9.29061e-43	1	0x00000297	0x3f800000		PRIVATE	READWRITE
26	float	0x00000289e1febb34	3.92364e-44	1	0x0000001c	0x3f800000		PRIVATE	READWRITE
26	float	0x00000289e1febb44	0	1	0x00000000	0x3f800000		PRIVATE	READWRITE
26	float	0x00000289e1febb4c	3.58732e-42	1	0x00000a00	0x3f800000		PRIVATE	READWRITE
26	float	0x00000289e1febb54	2.24208e-43	2	0x000000a0	0x40000000		PRIVATE	READWRITE
26	float	0x00000289e1febb64	0	1	0x00000000	0x3f800000		PRIVATE	READWRITE
26	float	0x00000289e1febb74	9.29061e-43	1	0x00000297	0x3f800000		PRIVATE	READWRITE
26	float	0x00000289e1febb7c	8.68805e-44	1	0x0000003e	0x3f800000		PRIVATE	READWRITE
26	float	0x00000289e1febb84	9.09443e-43	1	0x00000289	0x3f800000		PRIVATE	READWRITE
26	float	0x00000289e1febb8c	3.78351e-44	1	0x0000001b	0x3f800000		PRIVATE	READWRITE
26	float	0x00000289e1febba8	1	9.09443e-43	0x3f800000	0x00000289		PRIVATE	READWRITE
26	float	0x00000289e1febbcc	1	9.09443e-43	0x3f800000	0x00000289		PRIVATE	READWRITE
26	float	0x00000289e1febc34	1	9.09443e-43	0x3f800000	0x00000289		PRIVATE	READWRITE
26	float	0x00000289e1febc68	0	1	0x00000000	0x3f800000		PRIVATE	READWRITE
26	float	0x00000289e1febc84	1.17623e-38	1	0x00801490	0x3f800000		PRIVATE	READWRITE
26	float	0x00000289e1febc9c	-2.00452e-21	1	0x9d177500	0x3f800000		PRIVATE	READWRITE
26	float	0x00000289e1febcac	9.09443e-43	1	0x00000289	0x3f800000		PRIVATE	READWRITE
26	float	0x00000289e1fec08c	0	1	0x00000000	0x3f800000		PRIVATE	READWRITE
26	float	0x00000289e1fec0b4	0	1	0x00000000	0x3f800000		PRIVATE	READWRITE
26	float	0x00000289e1fec0c8	9.09443e-43	1	0x00000289	0x3f800000		PRIVATE	READWRITE
26	float	0x00000289e1fec154	-1.51809e-21	1	0x9ce56870	0x3f800000		PRIVATE	READWRITE
26	float	0x00000289e1fec170	9.09443e-43	1	0x00000289	0x3f800000		PRIVATE	READWRITE
26	float	0x00000289e1fec178	-2.10633e-30	1	0x8e2ae2d0	0x3f800000		PRIVATE	READWRITE
26	float	0x00000289e1fec180	7.38809e-40	1	0x00080b80	0x3f800000		PRIVATE	READWRITE
26	float	0x00000289e1fec188	8.68805e-44	1	0x0000003e	0x3f800000		PRIVATE	READWRITE
26	float	0x00000289e1fec190	9.09443e-43	1	0x00000289	0x3f800000		PRIVATE	READWRITE
26	float	0x00000289e1fec1a4	3.58732e-42	1	0x00000a00	0x3f800000		PRIVATE	READWRITE
26	float	0x00000289e1fec1b0	0	1	0x00000000	0x3f800000		PRIVATE	READWRITE
26	float	0x00000289e1fec1b4	1	0	0x3f800000	0x00000000		PRIVATE	READWRITE
26	float	0x00000289e1fec1c4	3.58732e-42	1	0x00000a00	0x3f800000		PRIVATE	READWRITE
26	float	0x00000289e1fec1d0	3.67345e-40	1	0x00040002	0x3f800000		PRIVATE	READWRITE
26	float	0x00000289e1fec1e4	0	1	0x00000000	0x3f800000		PRIVATE	READWRITE
26	float	0x00000289e1fec1f0	-1.51804e-21	1	0x9ce56630	0x3f800000		PRIVATE	READWRITE
26	float	0x00000289e1fec1fc	-1.51804e-21	1	0x9ce56660	0x3f800000		PRIVATE	READWRITE
26	float	0x00000289e1fec200	9.09443e-43	1	0x00000289	0x3f800000		PRIVATE	READWRITE
26	float	0x00000289e1fec204	5.87751e-39	1	0x00400018	0x3f800000		PRIVATE	READWRITE
26	float	0x00000289e1fec20c	0	1	0x00000000	0x3f800000		PRIVATE	READWRITE
26	float	0x00000289e1fec248	5.87748e-39	1	0x00400006	0x3f800000		PRIVATE	READWRITE
26	float	0x00000289e1fec260	3	2	0x40400000	0x40000000		PRIVATE	READWRITE
26	float	0x00000289e1fec268	3	1	0x40400000	0x3f800000		PRIVATE	READWRITE
26	float	0x00000289e1fec270	0	1	0x00000000	0x3f800000		PRIVATE	READWRITE
26	float	0x00000289e1fec278	0	1	0x00000000	0x3f800000		PRIVATE	READWRITE
26	float	0x00000289e1fec27c	0	1	0x00000000	0x3f800000		PRIVATE	READWRITE
26	float	0x00000289e1fec2ac	1	9.09443e-43	0x3f800000	0x00000289		PRIVATE	READWRITE
26	float	0x00000289e1fec320	0	1	0x00000000	0x3f800000		PRIVATE	READWRITE
26	float	0x00000289e1fec328	0	1	0x00000000	0x3f800000		PRIVATE	READWRITE
26	float	0x00000289e1fec344	1	9.09443e-43	0x3f800000	0x00000289		PRIVATE	READWRITE
26	float	0x00000289e1fec34c	3	1	0x40400000	0x3f800000		PRIVATE	READWRITE
26	float	0x00000289e1fec360	0	1	0x00000000	0x3f800000		PRIVATE	READWRITE
26	float	0x00000289e1fecf90	0	1	0x00000000	0x3f800000		PRIVATE	READWRITE
26	float	0x00000289e1fecfa8	1	0	0x3f800000	0x00000000		PRIVATE	READWRITE
26	float	0x00000289e1fecfb8	0	1	0x00000000	0x3f800000		PRIVATE	READWRITE
26	float	0x00000289e1fecfcc	3	1	0x40400000	0x3f800000		PRIVATE	READWRITE
26	float	0x00000289e1fed00c	1	0	0x3f800000	0x00000000		PRIVATE	READWRITE
26	float	0x00000289e1fed050	0	1	0x00000000	0x3f800000		PRIVATE	READWRITE
26	float	0x00000289e1fed088	0	1	0x00000000	0x3f800000		PRIVATE	READWRITE
26	float	0x00000289e1fed0a8	1	0	0x3f800000	0x00000000		PRIVATE	READWRITE
26	float	0x00000289e1fed0ac	4.40811e-39	1	0x00300006	0x3f800000		PRIVATE	READWRITE
26	float	0x00000289e1fed0b4	3	1	0x40400000	0x3f800000		PRIVATE	READWRITE
26	float	0x00000289e1fed0bc	3	1	0x40400000	0x3f800000		PRIVATE	READWRITE
26	float	0x00000289e1fed0f0	3.36312e-44	1	0x00000018	0x3f800000		PRIVATE	READWRITE
26	float	0x00000289e1fed110	0	1	0x00000000	0x3f800000		PRIVATE	READWRITE
26	float	0x00000289e1fed16c	1	0	0x3f800000	0x00000000		PRIVATE	READWRITE
26	float	0x00000289e1fed194	0	1	0x00000000	0x3f800000		PRIVATE	READWRITE
26	float	0x00000289e1fed1a8	0	1	0x00000000	0x3f800000		PRIVATE	READWRITE
26	float	0x00000289e1fed1b4	3.78351e-44	1	0x0000001b	0x3f800000		PRIVATE	READWRITE
26	float	0x00000289e1fed1c8	3.92364e-44	1	0x0000001c	0x3f800000		PRIVATE	READWRITE
26	float	0x00000289e1fed1d0	1	0	0x3f800000	0x00000000		PRIVATE	READWRITE
26	float	0x00000289e1fed1d4	6.5861e-44	1	0x0000002f	0x3f800000		PRIVATE	READWRITE
26	float	0x00000289e1fed1e8	9.09443e-43	1	0x00000289	0x3f800000		PRIVATE	READWRITE
26	float	0x00000289e1fed1f4	9.09443e-43	1	0x00000289	0x3f800000		PRIVATE	READWRITE
26	float	0x00000289e1fed208	0	1	0x00000000	0x3f800000		PRIVATE	READWRITE
26	float	0x00000289e1fed224	5.87751e-39	1	0x00400018	0x3f800000		PRIVATE	READWRITE
26	float	0x00000289e1fed230	0	1	0x00000000	0x3f800000		PRIVATE	READWRITE
26	float	0x00000289e1fed234	0	1	0x00000000	0x3f800000		PRIVATE	READWRITE
26	float	0x00000289e1fed238	0	1	0x00000000	0x3f800000		PRIVATE	READWRITE
26	float	0x00000289e1fed240	0	1	0x00000000	0x3f800000		PRIVATE	READWRITE
26	float	0x00000289e1fed268	5.87748e-39	1	0x00400006	0x3f800000		PRIVATE	READWRITE
26	float	0x00000289e1fed26c	0	1	0x00000000	0x3f800000		PRIVATE	READWRITE
26	float	0x00000289e1fed2a4	0	1	0x00000000	0x3f800000		PRIVATE	READWRITE
26	float	0x00000289e1fed2a8	0	1	0x00000000	0x3f800000		PRIVATE	READWRITE
26	float	0x00000289e1fed2ac	3.78351e-44	1	0x0000001b	0x3f800000		PRIVATE	READWRITE
26	float	0x00000289e1fed2b4	1.91137e-42	1	0x00000554	0x3f800000		PRIVATE	READWRITE
26	float	0x00000289e1fed2bc	1.35926e-43	1	0x00000061	0x3f800000		PRIVATE	READWRITE
26	float	0x00000289e1fed2c4	0	1	0x00000000	0x3f800000		PRIVATE	READWRITE
26	float	0x00000289e1fed2c8	1	0	0x3f800000	0x00000000		PRIVATE	READWRITE
26	float	0x00000289e1fed2cc	6.5861e-44	1	0x0000002f	0x3f800000		PRIVATE	READWRITE
26	float	0x00000289e1fed2d4	9.09443e-43	1	0x00000289	0x3f800000		PRIVATE	READWRITE
26	float	0x00000289e1fed2dc	-1.54679e-21	1	0x9ce9be80	0x3f800000		PRIVATE	READWRITE
26	float	0x00000289e1fed2e4	7.14662e-44	1	0x00000033	0x3f800000		PRIVATE	READWRITE
26	float	0x00000289e1fed2ec	9.09443e-43	1	0x00000289	0x3f800000		PRIVATE	READWRITE
26	float	0x00000289e1fed364	1	3.59293e-42	0x3f800000	0x00000a04		PRIVATE	READWRITE
26	float	0x00000289e1fed3cc	0	1	0x00000000	0x3f800000		PRIVATE	READWRITE
26	float	0x00000289e1fed3e8	0	1	0x00000000	0x3f800000		PRIVATE	READWRITE
26	float	0x00000289e1fed400	0	1	0x00000000	0x3f800000		PRIVATE	READWRITE
26	float	0x00000289e1fed404	0	1	0x00000000	0x3f800000		PRIVATE	READWRITE
26	float	0x00000289e1fed41c	1	0	0x3f800000	0x00000000		PRIVATE	READWRITE
26	float	0x00000289e1fee03c	1	0	0x3f800000	0x00000000		PRIVATE	READWRITE
26	float	0x00000289e1fee058	3	1	0x40400000	0x3f800000		PRIVATE	READWRITE
26	float	0x00000289e1fee06c	0	1	0x00000000	0x3f800000		PRIVATE	READWRITE
26	float	0x00000289e1fee0a0	1	0	0x3f800000	0x00000000		PRIVATE	READWRITE
26	float	0x00000289e1fee0f8	0	1	0x00000000	0x3f800000		PRIVATE	READWRITE
26	float	0x00000289e1fee110	1	0	0x3f800000	0x00000000		PRIVATE	READWRITE
26	float	0x00000289e1fee114	5.87748e-39	1	0x00400006	0x3f800000		PRIVATE	READWRITE
26	float	0x00000289e1fee11c	0	1	0x00000000	0x3f800000		PRIVATE	READWRITE
26	float	0x00000289e1fee124	0	1	0x00000000	0x3f800000		PRIVATE	READWRITE
26	float	0x00000289e1fee12c	3	1	0x40400000	0x3f800000		PRIVATE	READWRITE
26	float	0x00000289e1fee134	3	1	0x40400000	0x3f800000		PRIVATE	READWRITE
26	float	0x00000289e1fee148	0	1	0x00000000	0x3f800000		PRIVATE	READWRITE
26	float	0x00000289e1fee154	0	1	0x00000000	0x3f800000		PRIVATE	READWRITE
26	float	0x00000289e1fee168	3.50325e-44	1	0x00000019	0x3f800000		PRIVATE	READWRITE
26	float	0x00000289e1fee188	-2.10633e-30	1	0x8e2ae2d0	0x3f800000		PRIVATE	READWRITE
26	float	0x00000289e1fee194	8.40779e-44	1	0x0000003c	0x3f800000		PRIVATE	READWRITE
26	float	0x00000289e1fee1a0	0	1	0x00000000	0x3f800000		PRIVATE	READWRITE
26	float	0x00000289e1fee1a4	5.87751e-39	1	0x00400018	0x3f800000		PRIVATE	READWRITE
26	float	0x00000289e1fee1ac	0	1	0x00000000	0x3f800000		PRIVATE	READWRITE
26	float	0x00000289e1fee1b0	0	1	0x00000000	0x3f800000		PRIVATE	READWRITE
26	float	0x00000289e1fee1e8	5.87748e-39	1	0x00400006	0x3f800000		PRIVATE	READWRITE
26	float	0x00000289e1fee1f4	0	1	0x00000000	0x3f800000		PRIVATE	READWRITE
26	float	0x00000289e1fee1fc	3	1	0x40400000	0x3f800000		PRIVATE	READWRITE
26	float	0x00000289e1fee204	3	2	0x40400000	0x40000000		PRIVATE	READWRITE
26	float	0x00000289e1fee20c	0	1	0x00000000	0x3f800000		PRIVATE	READWRITE
26	float	0x00000289e1fee214	0	1	0x00000000	0x3f800000		PRIVATE	READWRITE
26	float	0x00000289e1fee21c	0	1	0x00000000	0x3f800000		PRIVATE	READWRITE
26	float	0x00000289e1fee248	1	9.09443e-43	0x3f800000	0x00000289		PRIVATE	READWRITE
26	float	0x00000289e1fee2ac	1	2.99037e-42	0x3f800000	0x00000856		PRIVATE	READWRITE
26	float	0x00000289e1fee2c8	3	1	0x40400000	0x3f800000		PRIVATE	READWRITE
26	float	0x00000289e1fee2d0	3	1	0x40400000	0x3f800000		PRIVATE	READWRITE
26	float	0x00000289e1fee2d8	0	1	0x00000000	0x3f800000		PRIVATE	READWRITE
26	float	0x00000289e1fee2e0	0	1	0x00000000	0x3f800000		PRIVATE	READWRITE
26	float	0x00000289e1fee2f8	3.78351e-44	1	0x0000001b	0x3f800000		PRIVATE	READWRITE
26	float	0x00000289e1fee304	2.28412e-43	1	0x000000a3	0x3f800000		PRIVATE	READWRITE
26	float	0x00000289e1fee314	1	7.00649e-45	0x3f800000	0x00000005		PRIVATE	READWRITE
26	float	0x00000289e1feea6c	0	1	0x00000000	0x3f800000		PRIVATE	READWRITE
26	float	0x00000289e1feea80	0	1	0x00000000	0x3f800000		PRIVATE	READWRITE
26	float	0x00000289e1feea94	0	1	0x00000000	0x3f800000		PRIVATE	READWRITE
26	float	0x00000289e1feeb50	0	1	0x00000000	0x3f800000		PRIVATE	READWRITE
26	float	0x00000289e1feeb6c	0	1	0x00000000	0x3f800000		PRIVATE	READWRITE
26	float	0x00000289e1feeb74	0	1	0x00000000	0x3f800000		PRIVATE	READWRITE
26	float	0x00000289e1feeb7c	0	1	0x00000000	0x3f800000		PRIVATE	READWRITE
26	float	0x00000289e1feeb84	0	1	0x00000000	0x3f800000		PRIVATE	READWRITE
26	float	0x00000289e1feebb8	9.88756e-42	1	0x00001b90	0x3f800000		PRIVATE	READWRITE
26	float	0x00000289e1feebd8	9.09443e-43	1	0x00000289	0x3f800000		PRIVATE	READWRITE
26	float	0x00000289e1feebf8	0	1	0x00000000	0x3f800000		PRIVATE	READWRITE
26	float	0x00000289e1feec10	1	0	0x3f800000	0x00000000		PRIVATE	READWRITE
26	float	0x00000289e1feec5c	0	1	0x00000000	0x3f800000		PRIVATE	READWRITE
26	float	0x00000289e1feec70	0	1	0x00000000	0x3f800000		PRIVATE	READWRITE
26	float	0x00000289e1feec84	0	1	0x00000000	0x3f800000		PRIVATE	READWRITE
26	float	0x00000289e1feec8c	0	1	0x00000000	0x3f800000		PRIVATE	READWRITE
26	float	0x00000289e1feeca0	0	1	0x00000000	0x3f800000		PRIVATE	READWRITE
26	float	0x00000289e1feecac	0	1	0x00000000	0x3f800000		PRIVATE	READWRITE
26	float	0x00000289e1feecc0	0	1	0x00000000	0x3f800000		PRIVATE	READWRITE
26	float	0x00000289e1feeccc	0	1	0x00000000	0x3f800000		PRIVATE	READWRITE
26	float	0x00000289e1feece0	0	1	0x00000000	0x3f800000		PRIVATE	READWRITE
26	float	0x00000289e1feecec	0	1	0x00000000	0x3f800000		PRIVATE	READWRITE
26	float	0x00000289e1feed00	0	1	0x00000000	0x3f800000		PRIVATE	READWRITE
26	float	0x00000289e1feed0c	0	1	0x00000000	0x3f800000		PRIVATE	READWRITE
26	float	0x00000289e1feed20	0	1	0x00000000	0x3f800000		PRIVATE	READWRITE
26	float	0x00000289e1feed3c	0	1	0x00000000	0x3f800000		PRIVATE	READWRITE
26	float	0x00000289e1feed4c	0	1	0x00000000	0x3f800000		PRIVATE	READWRITE
26	float	0x00000289e1feed50	0	1	0x00000000	0x3f800000		PRIVATE	READWRITE
26	float	0x00000289e1feed54	0	1	0x00000000	0x3f800000		PRIVATE	READWRITE
26	float	0x00000289e1feed7c	0	10	0x00000000	0x41200000		PRIVATE	READWRITE
26	float	0x00000289e1feed80	0	1	0x00000000	0x3f800000		PRIVATE	READWRITE
26	float	0x00000289e1feed84	0	1	0x00000000	0x3f800000		PRIVATE	READWRITE
26	float	0x00000289e1feedbc	0	1	0x00000000	0x3f800000		PRIVATE	READWRITE
26	float	0x00000289e1feedc0	0	1	0x00000000	0x3f800000		PRIVATE	READWRITE
26	float	0x00000289e1feedc4	0	1	0x00000000	0x3f800000		PRIVATE	READWRITE
26	float	0x00000289e1feedcc	0	1	0x00000000	0x3f800000		PRIVATE	READWRITE
26	float	0x00000289e1feedd4	0	1	0x00000000	0x3f800000		PRIVATE	READWRITE
26	float	0x00000289e1feeddc	0	1	0x00000000	0x3f800000		PRIVATE	READWRITE
26	float	0x00000289e1feede4	0	1	0x00000000	0x3f800000		PRIVATE	READWRITE
26	float	0x00000289e1feedec	0	1	0x00000000	0x3f800000		PRIVATE	READWRITE
26	float	0x00000289e1feedf4	0	1	0x00000000	0x3f800000		PRIVATE	READWRITE
26	float	0x00000289e1feedfc	0	1	0x00000000	0x3f800000		PRIVATE	READWRITE
26	float	0x00000289e1feee0c	0	1	0x00000000	0x3f800000		PRIVATE	READWRITE
26	float	0x00000289e1feee14	0	1	0x00000000	0x3f800000		PRIVATE	READWRITE
26	float	0x00000289e1feee1c	0	1	0x00000000	0x3f800000		PRIVATE	READWRITE
26	float	0x00000289e1feee24	0	1	0x00000000	0x3f800000		PRIVATE	READWRITE
26	float	0x00000289e1feef28	0	1	0x00000000	0x3f800000		PRIVATE	READWRITE
26	float	0x00000289e1feef40	0	1	0x00000000	0x3f800000		PRIVATE	READWRITE
26	float	0x00000289e1feef50	0	1	0x00000000	0x3f800000		PRIVATE	READWRITE
26	float	0x00000289e1feef58	0	1	0x00000000	0x3f800000		PRIVATE	READWRITE
26	float	0x00000289e1fef690	0	1	0x00000000	0x3f800000		PRIVATE	READWRITE
26	float	0x00000289e1fef6a4	3	1	0x40400000	0x3f800000		PRIVATE	READWRITE
26	float	0x00000289e1fef6b8	0	1	0x00000000	0x3f800000		PRIVATE	READWRITE
26	float	0x00000289e1fef6cc	7.95938e-43	1	0x00000238	0x3f800000		PRIVATE	READWRITE
26	float	0x00000289e1fef6e4	1	0	0x3f800000	0x00000000		PRIVATE	READWRITE
26	float	0x00000289e1fef758	0	1	0x00000000	0x3f800000		PRIVATE	READWRITE
26	float	0x00000289e1fef774	0	1	0x00000000	0x3f800000		PRIVATE	READWRITE
26	float	0x00000289e1fef77c	0	1	0x00000000	0x3f800000		PRIVATE	READWRITE
26	float	0x00000289e1fef784	0	1	0x00000000	0x3f800000		PRIVATE	READWRITE
26	float	0x00000289e1fef78c	0	1	0x00000000	0x3f800000		PRIVATE	READWRITE
26	float	0x00000289e1fef794	1.01874e-42	1	0x000002d7	0x3f800000		PRIVATE	READWRITE
26	float	0x00000289e1fef7a8	0	1	0x00000000	0x3f800000		PRIVATE	READWRITE
26	float	0x00000289e1fef7ac	1	0	0x3f800000	0x00000000		PRIVATE	READWRITE
26	float	0x00000289e1fef7b4	-2.10633e-30	1	0x8e2ae2d0	0x3f800000		PRIVATE	READWRITE
26	float	0x00000289e1fef7c8	3.67345e-40	1	0x00040002	0x3f800000		PRIVATE	READWRITE
26	float	0x00000289e1fef7f4	0	1	0x00000000	0x3f800000		PRIVATE	READWRITE
26	float	0x00000289e1fef800	0	1	0x00000000	0x3f800000		PRIVATE	READWRITE
26	float	0x00000289e1fef844	0	1	0x00000000	0x3f800000		PRIVATE	READWRITE
26	float	0x00000289e1fef848	0	1	0x00000000	0x3f800000		PRIVATE	READWRITE
26	float	0x00000289e1fef84c	0	1	0x00000000	0x3f800000		PRIVATE	READWRITE
26	float	0x00000289e1fef854	0	1	0x00000000	0x3f800000		PRIVATE	READWRITE
26	float	0x00000289e1fef85c	1.20652e-42	1	0x0000035d	0x3f800000		PRIVATE	READWRITE
26	float	0x00000289e1fef864	4.2039e-45	2	0x00000003	0x40000000		PRIVATE	READWRITE
26	float	0x00000289e1fef86c	3.92364e-44	1	0x0000001c	0x3f800000		PRIVATE	READWRITE
26	float	0x00000289e1fef87c	-2.10633e-30	1	0x8e2ae2d0	0x3f800000		PRIVATE	READWRITE
26	float	0x00000289e1fef89c	1	3.64338e-43	0x3f800000	0x00000104		PRIVATE	READWRITE
26	float	0x00000289e1fef8d8	1	0	0x3f800000	0x00000000		PRIVATE	READWRITE
26	float	0x00000289e1fef920	3.78351e-44	1	0x0000001b	0x3f800000		PRIVATE	READWRITE
26	float	0x00000289e1fef93c	1	4.48275e-39	0x3f800000	0x0030d018		PRIVATE	READWRITE
26	float	0x00000289e1fef954	1.65493e-42	1	0x0000049d	0x3f800000		PRIVATE	READWRITE
26	float	0x00000289e1fef95c	0	1	0x00000000	0x3f800000		PRIVATE	READWRITE
26	float	0x00000289e1fef96c	0	1	0x00000000	0x3f800000		PRIVATE	READWRITE
26	float	0x00000289e1fef980	0	1	0x00000000	0x3f800000		PRIVATE	READWRITE
26	float	0x00000289e1fef9a0	1	7.00649e-45	0x3f800000	0x00000005		PRIVATE	READWRITE
26	float	0x00000289e1fefa04	1	1.48822e-39	0x3f800000	0x00103490		PRIVATE	READWRITE
26	float	0x00000289e1fefa94	1	3.2342e-42	0x3f800000	0x00000904		PRIVATE	READWRITE
26	float	0x00000289e1fefae8	1	1.65493e-42	0x3f800000	0x0000049d		PRIVATE	READWRITE
26	float	0x00000289e1fefbc0	0	1	0x00000000	0x3f800000		PRIVATE	READWRITE
26	float	0x00000289e1fefbe4	0	1	0x00000000	0x3f800000		PRIVATE	READWRITE
26	float	0x00000289e1fefbe8	1	1.73472e-18	0x3f800000	0x22000001		PRIVATE	READWRITE
26	float	0x00000289e1fefc44	0	10	0x00000000	0x41200000		PRIVATE	READWRITE
26	float	0x00000289e1fefc48	0	1	0x00000000	0x3f800000		PRIVATE	READWRITE
26	float	0x00000289e1fefc4c	0	1	0x00000000	0x3f800000		PRIVATE	READWRITE
26	float	0x00000289e1fefc64	1	0	0x3f800000	0x00000000		PRIVATE	READWRITE
26	float	0x00000289e1fefc70	0	2	0x00000000	0x40000000		PRIVATE	READWRITE
26	float	0x00000289e1fefc80	3	1	0x40400000	0x3f800000		PRIVATE	READWRITE
26	float	0x00000289e1fefccc	1	3.64338e-43	0x3f800000	0x00000104		PRIVATE	READWRITE
26	float	0x00000289e1fefd04	0	1	0x00000000	0x3f800000		PRIVATE	READWRITE
26	float	0x00000289e1fefda0	1	1.65493e-42	0x3f800000	0x0000049d		PRIVATE	READWRITE
26	float	0x00000289e1fefe3c	0	1	0x00000000	0x3f800000		PRIVATE	READWRITE
26	float	0x00000289e1fefe60	1.96182e-44	1	0x0000000e	0x3f800000		PRIVATE	READWRITE
26	float	0x00000289e1fefec0	0	10	0x00000000	0x41200000		PRIVATE	READWRITE
26	float	0x00000289e1fefec4	0	1	0x00000000	0x3f800000		PRIVATE	READWRITE
26	float	0x00000289e1fefee8	0	2	0x00000000	0x40000000		PRIVATE	READWRITE
26	float	0x00000289e1fefeec	0	2	0x00000000	0x40000000		PRIVATE	READWRITE
26	float	0x00000289e1fefefc	3	1	0x40400000	0x3f800000		PRIVATE	READWRITE
26	float	0x00000289e1feff44	1	6.16571e-44	0x3f800000	0x0000002c		PRIVATE	READWRITE
26	float	0x00000289e1feff58	-2.10633e-30	1	0x8e2ae2d0	0x3f800000		PRIVATE	READWRITE
26	float	0x00000289e1feffd4	1	4.42804e-39	0x3f800000	0x00303790		PRIVATE	READWRITE
26	float	0x00000289e1ff002c	1	5.87751e-39	0x3f800000	0x00400018		PRIVATE	READWRITE
26	float	0x00000289e1ff0090	0	1	0x00000000	0x3f800000		PRIVATE	READWRITE
26	float	0x00000289e1ff00a8	1	0	0x3f800000	0x00000000		PRIVATE	READWRITE
26	float	0x00000289e1ff00b4	3	1	0x40400000	0x3f800000		PRIVATE	READWRITE
26	float	0x00000289e1ff0114	1.65493e-42	10	0x0000049d	0x41200000		PRIVATE	READWRITE
26	float	0x00000289e1ff0118	7.3469e-40	1	0x00080004	0x3f800000		PRIVATE	READWRITE
26	float	0x00000289e1ff011c	0	1	0x00000000	0x3f800000		PRIVATE	READWRITE
26	float	0x00000289e1ff013c	0	1	0x00000000	0x3f800000		PRIVATE	READWRITE
26	float	0x00000289e1ff0150	0	1	0x00000000	0x3f800000		PRIVATE	READWRITE
26	float	0x00000289e1ff01ac	3.92364e-44	1	0x0000001c	0x3f800000		PRIVATE	READWRITE
26	float	0x00000289e1ff01b4	1	0	0x3f800000	0x00000000		PRIVATE	READWRITE
26	float	0x00000289e1ff0218	1	0	0x3f800000	0x00000000		PRIVATE	READWRITE
26	float	0x00000289e1ff026c	1	6.16571e-44	0x3f800000	0x0000002c		PRIVATE	READWRITE
26	float	0x00000289e1ff02d0	1	0	0x3f800000	0x00000000		PRIVATE	READWRITE
26	float	0x00000289e1ff02e8	0	1	0x00000000	0x3f800000		PRIVATE	READWRITE
26	float	0x00000289e1ff030c	1.26537e-42	1	0x00000387	0x3f800000		PRIVATE	READWRITE
26	float	0x00000289e1ff034c	0	10	0x00000000	0x41200000		PRIVATE	READWRITE
26	float	0x00000289e1ff0350	0	1	0x00000000	0x3f800000		PRIVATE	READWRITE
26	float	0x00000289e1ff0354	0	1	0x00000000	0x3f800000		PRIVATE	READWRITE
26	float	0x00000289e1ff0388	0	1	0x00000000	0x3f800000		PRIVATE	READWRITE
26	float	0x00000289e1ff040c	1	0	0x3f800000	0x00000000		PRIVATE	READWRITE
26	float	0x00000289e1ff0444	0	1	0x00000000	0x3f800000		PRIVATE	READWRITE
26	float	0x00000289e1ff044c	1	1.4013e-45	0x3f800000	0x00000001		PRIVATE	READWRITE
26	float	0x00000289e1ff0488	1	9.09443e-43	0x3f800000	0x00000289		PRIVATE	READWRITE
26	float	0x00000289e1ff0514	1	0	0x3f800000	0x00000000		PRIVATE	READWRITE
26	float	0x00000289e1ff0560	0	1	0x00000000	0x3f800000		PRIVATE	READWRITE
26	float	0x00000289e1ff0568	3	1	0x40400000	0x3f800000		PRIVATE	READWRITE
26	float	0x00000289e1ff0574	3	1	0x40400000	0x3f800000		PRIVATE	READWRITE
26	float	0x00000289e1ff05b4	1	7.2307e-43	0x3f800000	0x00000204		PRIVATE	READWRITE
26	float	0x00000289e1ff0734	3.78351e-44	1	0x0000001b	0x3f800000		PRIVATE	READWRITE
26	float	0x00000289e1ff073c	2.94273e-44	1	0x00000015	0x3f800000		PRIVATE	READWRITE
26	float	0x00000289e1ff0744	1.48538e-43	1	0x0000006a	0x3f800000		PRIVATE	READWRITE
26	float	0x00000289e1ff074c	0	1	0x00000000	0x3f800000		PRIVATE	READWRITE
26	float	0x00000289e1ff0750	1	1.46938e-39	0x3f800000	0x00100006		PRIVATE	READWRITE
26	float	0x00000289e1ff0754	5.60519e-45	1	0x00000004	0x3f800000		PRIVATE	READWRITE
26	float	0x00000289e1ff0760	7.14662e-44	1	0x00000033	0x3f800000		PRIVATE	READWRITE
26	float	0x00000289e1ff07b0	0	1	0x00000000	0x3f800000		PRIVATE	READWRITE
26	float	0x00000289e1ff07c0	1	2.5898e-38	0x3f800000	0x010d0091		PRIVATE	READWRITE
26	float	0x00000289e1ff0cf4	9.09443e-43	1	0x00000289	0x3f800000		PRIVATE	READWRITE
26	float	0x00000289e1ff0cfc	3.78351e-44	1	0x0000001b	0x3f800000		PRIVATE	READWRITE
26	float	0x00000289e1ff0d04	0	1	0x00000000	0x3f800000		PRIVATE	READWRITE
26	float	0x00000289e1ff0d0c	2.24208e-42	1	0x00000640	0x3f800000		PRIVATE	READWRITE
26	float	0x00000289e1ff0d14	0	1	0x00000000	0x3f800000		PRIVATE	READWRITE
26	float	0x00000289e1ff0d18	1	0	0x3f800000	0x00000000		PRIVATE	READWRITE
26	float	0x00000289e1ff0d28	3.58732e-42	1	0x00000a00	0x3f800000		PRIVATE	READWRITE
26	float	0x00000289e1ff0d34	3.67345e-40	1	0x00040002	0x3f800000		PRIVATE	READWRITE
26	float	0x00000289e1ff0d54	0	1	0x00000000	0x3f800000		PRIVATE	READWRITE
26	float	0x00000289e1ff0d5c	0	1	0x00000000	0x3f800000		PRIVATE	READWRITE
26	float	0x00000289e1ff12e8	0	1	0x00000000	0x3f800000		PRIVATE	READWRITE
26	float	0x00000289e1ff12f0	0	1	0x00000000	0x3f800000		PRIVATE	READWRITE
26	float	0x00000289e1ff12f8	0	1	0x00000000	0x3f800000		PRIVATE	READWRITE
26	float	0x00000289e1ff1300	0	1	0x00000000	0x3f800000		PRIVATE	READWRITE
26	float	0x00000289e1ff1308	0	1	0x00000000	0x3f800000		PRIVATE	READWRITE
26	float	0x00000289e1ff1f60	3.92364e-44	1	0x0000001c	0x3f800000		PRIVATE	READWRITE
26	float	0x00000289e1ff1f70	0	1	0x00000000	0x3f800000		PRIVATE	READWRITE
26	float	0x00000289e1ff1f78	3.58732e-42	1	0x00000a00	0x3f800000		PRIVATE	READWRITE
26	float	0x00000289e1ff1f80	1.65493e-42	1	0x0000049d	0x3f800000		PRIVATE	READWRITE
26	float	0x00000289e1ff1f8c	1.88079e-36	1	0x04200006	0x3f800000		PRIVATE	READWRITE
26	float	0x00000289e1ff2bc8	0	1	0x00000000	0x3f800000		PRIVATE	READWRITE
26	float	0x00000289e1ff2bd0	0	1	0x00000000	0x3f800000		PRIVATE	READWRITE
26	float	0x00000289e1ff2bd8	0	1	0x00000000	0x3f800000		PRIVATE	READWRITE
26	float	0x00000289e1ff2be0	0	1	0x00000000	0x3f800000		PRIVATE	READWRITE
26	float	0x00000289e1ff2be8	0	1	0x00000000	0x3f800000		PRIVATE	READWRITE
26	float	0x00000289e1ff2bf4	0	1	0x00000000	0x3f800000		PRIVATE	READWRITE
26	float	0x00000289e1ff2d80	0	1	0x00000000	0x3f800000		PRIVATE	READWRITE
26	float	0x00000289e1ff2d88	0	1	0x00000000	0x3f800000		PRIVATE	READWRITE
26	float	0x00000289e1ff2d90	0	1	0x00000000	0x3f800000		PRIVATE	READWRITE
26	float	0x00000289e1ff2d98	0	1	0x00000000	0x3f800000		PRIVATE	READWRITE
26	float	0x00000289e1ff2da0	0	1	0x00000000	0x3f800000		PRIVATE	READWRITE
26	float	0x00000289e1ff2f48	0	1	0x00000000	0x3f800000		PRIVATE	READWRITE
26	float	0x00000289e1ff2f50	0	1	0x00000000	0x3f800000		PRIVATE	READWRITE
26	float	0x00000289e1ff2f58	0	1	0x00000000	0x3f800000		PRIVATE	READWRITE
26	float	0x00000289e1ff2f60	0	1	0x00000000	0x3f800000		PRIVATE	READWRITE
26	float	0x00000289e1ff2f68	0	1	0x00000000	0x3f800000		PRIVATE	READWRITE
26	float	0x00000289e1ff2f74	0	1	0x00000000	0x3f800000		PRIVATE	READWRITE
26	float	0x00000289e1ff3388	0	1	0x00000000	0x3f800000		PRIVATE	READWRITE
26	float	0x00000289e1ff3398	0	1	0x00000000	0x3f800000		PRIVATE	READWRITE
26	float	0x00000289e1ff33ac	0	1	0x00000000	0x3f800000		PRIVATE	READWRITE
26	float	0x00000289e1ff37c8	0	1	0x00000000	0x3f800000		PRIVATE	READWRITE
26	float	0x00000289e1ff37e0	1	0	0x3f800000	0x00000000		PRIVATE	READWRITE
26	float	0x00000289e1ff37e4	0	1	0x00000000	0x3f800000		PRIVATE	READWRITE
26	float	0x00000289e1ff37e8	1	2.32616e-43	0x3f800000	0x000000a6		PRIVATE	READWRITE
26	float	0x00000289e1ff37f0	1	9.09443e-43	0x3f800000	0x00000289		PRIVATE	READWRITE
26	float	0x00000289e1ff3874	2.32616e-43	1	0x000000a6	0x3f800000		PRIVATE	READWRITE
26	float	0x00000289e1ff3878	-1.35296e-21	1	0x9ccc7400	0x3f800000		PRIVATE	READWRITE
26	float	0x00000289e1ff3880	4.59177e-41	1	0x00008000	0x3f800000		PRIVATE	READWRITE
26	float	0x00000289e1ff38a4	1	-1.35296e-21	0x3f800000	0x9ccc7400		PRIVATE	READWRITE
26	float	0x00000289e1ff38ac	1	4.59177e-41	0x3f800000	0x00008000		PRIVATE	READWRITE
26	float	0x00000289e1ff38b4	1	9.80909e-45	0x3f800000	0x00000007		PRIVATE	READWRITE
26	float	0x00000289e1ff38bc	1	2.32616e-43	0x3f800000	0x000000a6		PRIVATE	READWRITE
26	float	0x00000289e1ff38c4	1	9.09443e-43	0x3f800000	0x00000289		PRIVATE	READWRITE
26	float	0x00000289e518464c	2	9.09443e-43	0x40000000	0x00000289		PRIVATE	READWRITE
26	float	0x00000289e5186da0	2	0	0x40000000	0x00000000		PRIVATE	READWRITE
26	float	0x00007ff40f020de4	0	1	0x00000000	0x3f800000		PRIVATE	READWRITE
26	float	0x00007ff40f020eac	0	1	0x00000000	0x3f800000		PRIVATE	READWRITE
26	float	0x00007ff40f020f74	0	1	0x00000000	0x3f800000		PRIVATE	READWRITE
26	float	0x00007ff40f02103c	0	1	0x00000000	0x3f800000		PRIVATE	READWRITE
26	float	0x00007ff40f0212fc	0	1	0x00000000	0x3f800000		PRIVATE	READWRITE
26	float	0x00007ff40f0213c4	0	1	0x00000000	0x3f800000		PRIVATE	READWRITE
26	float	0x00007ff40f02148c	0	1	0x00000000	0x3f800000		PRIVATE	READWRITE
26	float	0x00007ff40f0215bc	0	1	0x00000000	0x3f800000		PRIVATE	READWRITE
26	float	0x00007ff40f021684	0	1	0x00000000	0x3f800000		PRIVATE	READWRITE
26	float	0x00007ff40f02174c	0	1	0x00000000	0x3f800000		PRIVATE	READWRITE
26	float	0x00007ff40f021814	0	1	0x00000000	0x3f800000		PRIVATE	READWRITE
26	float	0x00007ff40f0218dc	0	1	0x00000000	0x3f800000		PRIVATE	READWRITE
26	float	0x00007ff415ea59b4	1	4.59051e-41	0x3f800000	0x00007ff7		PRIVATE	READWRITE
26	float	0x00007ff415ea59b8	1	1.4013e-45	0x3f800000	0x00000001		PRIVATE	READWRITE
26	float	0x00007ff415ea5a20	0	1	0x00000000	0x3f800000		PRIVATE	READWRITE
26	float	0x00007ff415ea5a24	2.8026e-45	1	0x00000002	0x3f800000		PRIVATE	READWRITE
26	float	0x00007ff415ea5a3c	1	0	0x3f800000	0x00000000		PRIVATE	READWRITE
26	float	0x00007ff415ea5a40	1	0	0x3f800000	0x00000000		PRIVATE	READWRITE
26	float	0x00007ff415ea5a44	1	0	0x3f800000	0x00000000		PRIVATE	READWRITE
26	float	0x00007ff415ea5b80	1	0	0x3f800000	0x00000000		PRIVATE	READWRITE
26	float	0x00007ff415ea5b84	1	0	0x3f800000	0x00000000		PRIVATE	READWRITE
26	float	0x00007ff415ea5c74	4.59051e-41	1	0x00007ff7	0x3f800000		PRIVATE	READWRITE
26	float	0x00007ff415ea5c78	0	1	0x00000000	0x3f800000		PRIVATE	READWRITE
26	float	0x00007ff415ea5d20	1	0	0x3f800000	0x00000000		PRIVATE	READWRITE
26	float	0x00007ff415ea5d24	1	0	0x3f800000	0x00000000		PRIVATE	READWRITE
26	float	0x00007ff415ea5d28	1	0	0x3f800000	0x00000000		PRIVATE	READWRITE
26	float	0x00007ff415ea5d2c	1	0	0x3f800000	0x00000000		PRIVATE	READWRITE
26	float	0x00007ff415ea5d30	1	0	0x3f800000	0x00000000		PRIVATE	READWRITE
26	float	0x00007ff415ea5d34	1	0	0x3f800000	0x00000000		PRIVATE	READWRITE
26	float	0x00007ff415ea5d38	1	0	0x3f800000	0x00000000		PRIVATE	READWRITE
26	float	0x00007ff415ea5d3c	1	0	0x3f800000	0x00000000		PRIVATE	READWRITE
26	float	0x00007ff415ea5d40	1	0	0x3f800000	0x00000000		PRIVATE	READWRITE
26	float	0x00007ff415ea5d44	1	0	0x3f800000	0x00000000		PRIVATE	READWRITE
26	float	0x00007ff415ea5d48	1	0	0x3f800000	0x00000000		PRIVATE	READWRITE
26	float	0x00007ff415ea5d4c	1	0	0x3f800000	0x00000000		PRIVATE	READWRITE
26	float	0x00007ff415ea5d50	1	0	0x3f800000	0x00000000		PRIVATE	READWRITE
26	float	0x00007ff415ea5d54	1	0	0x3f800000	0x00000000		PRIVATE	READWRITE
26	float	0x00007ff415ea5d58	1	0	0x3f800000	0x00000000		PRIVATE	READWRITE
26	float	0x00007ff415ea5d5c	1	0	0x3f800000	0x00000000		PRIVATE	READWRITE
26	float	0x00007ff415ea5fa0	0	1	0x00000000	0x3f800000		PRIVATE	READWRITE
26	float	0x00007ff415ea5fa4	0	1	0x00000000	0x3f800000		PRIVATE	READWRITE
26	float	0x00007ff415ea5fa8	0	1	0x00000000	0x3f800000		PRIVATE	READWRITE
26	float	0x00007ff415ea5fac	0	1	0x00000000	0x3f800000		PRIVATE	READWRITE
26	float	0x00007ff415ea5fb0	0	1	0x00000000	0x3f800000		PRIVATE	READWRITE
26	float	0x00007ff415ea5fb4	0	1	0x00000000	0x3f800000		PRIVATE	READWRITE
26	float	0x00007ff415ea5fb8	0	1	0x00000000	0x3f800000		PRIVATE	READWRITE
26	float	0x00007ff415ea5fbc	0	1	0x00000000	0x3f800000		PRIVATE	READWRITE
26	float	0x00007ff415ea5fc0	0	1	0x00000000	0x3f800000		PRIVATE	READWRITE
26	float	0x00007ff415ea5fc4	0	1	0x00000000	0x3f800000		PRIVATE	READWRITE
26	float	0x00007ff415ea5fc8	0	1	0x00000000	0x3f800000		PRIVATE	READWRITE
26	float	0x00007ff415ea5fcc	0	1	0x00000000	0x3f800000		PRIVATE	READWRITE
26	float	0x00007ff415ea6400	0	1	0x00000000	0x3f800000		PRIVATE	READWRITE
26	float	0x00007ff415ea6404	0	1	0x00000000	0x3f800000		PRIVATE	READWRITE
26	float	0x00007ff415ea6408	0	1	0x00000000	0x3f800000		PRIVATE	READWRITE
26	float	0x00007ff415ea640c	0	1	0x00000000	0x3f800000		PRIVATE	READWRITE
26	float	0x00007ff415ea6410	0	1	0x00000000	0x3f800000		PRIVATE	READWRITE
26	float	0x00007ff415ea6414	0	1	0x00000000	0x3f800000		PRIVATE	READWRITE
26	float	0x00007ff415ea6418	0	1	0x00000000	0x3f800000		PRIVATE	READWRITE
26	float	0x00007ff415ea641c	0	1	0x00000000	0x3f800000		PRIVATE	READWRITE
26	float	0x00007ff415ea6420	0	1	0x00000000	0x3f800000		PRIVATE	READWRITE
26	float	0x00007ff415ea6424	0	1	0x00000000	0x3f800000		PRIVATE	READWRITE
26	float	0x00007ff415ea6428	0	1	0x00000000	0x3f800000		PRIVATE	READWRITE
26	float	0x00007ff415ea642c	0	1	0x00000000	0x3f800000		PRIVATE	READWRITE
26	float	0x00007ff415ea6430	0	1	0x00000000	0x3f800000		PRIVATE	READWRITE
26	float	0x00007ff415ea6434	0	1	0x00000000	0x3f800000		PRIVATE	READWRITE
26	float	0x00007ff415ea6438	0	1	0x00000000	0x3f800000		PRIVATE	READWRITE
26	float	0x00007ff415ea643c	0	1	0x00000000	0x3f800000		PRIVATE	READWRITE
26	float	0x00007ff415ea64b4	4.59051e-41	1	0x00007ff7	0x3f800000		PRIVATE	READWRITE
26	float	0x00007ff415ea64b8	0	1	0x00000000	0x3f800000		PRIVATE	READWRITE
26	float	0x00007ff415ea6560	1	0	0x3f800000	0x00000000		PRIVATE	READWRITE
26	float	0x00007ff415ea6564	1	0	0x3f800000	0x00000000		PRIVATE	READWRITE
26	float	0x00007ff415ea6568	1	0	0x3f800000	0x00000000		PRIVATE	READWRITE
26	float	0x00007ff415ea656c	1	0	0x3f800000	0x00000000		PRIVATE	READWRITE
26	float	0x00007ff415ea6570	1	0	0x3f800000	0x00000000		PRIVATE	READWRITE
26	float	0x00007ff415ea6574	1	0	0x3f800000	0x00000000		PRIVATE	READWRITE
26	float	0x00007ff415ea6578	1	0	0x3f800000	0x00000000		PRIVATE	READWRITE
26	float	0x00007ff415ea657c	1	0	0x3f800000	0x00000000		PRIVATE	READWRITE
26	float	0x00007ff415ea6580	1	0	0x3f800000	0x00000000		PRIVATE	READWRITE
26	float	0x00007ff415ea6584	1	0	0x3f800000	0x00000000		PRIVATE	READWRITE
26	float	0x00007ff415ea6588	1	0	0x3f800000	0x00000000		PRIVATE	READWRITE
26	float	0x00007ff415ea658c	1	0	0x3f800000	0x00000000		PRIVATE	READWRITE
26	float	0x00007ff415ea6590	1	0	0x3f800000	0x00000000		PRIVATE	READWRITE
26	float	0x00007ff415ea6594	1	0	0x3f800000	0x00000000		PRIVATE	READWRITE
26	float	0x00007ff415ea6598	1	0	0x3f800000	0x00000000		PRIVATE	READWRITE
26	float	0x00007ff415ea659c	1	0	0x3f800000	0x00000000		PRIVATE	READWRITE
26	float	0x00007ff415ea6614	1	4.59051e-41	0x3f800000	0x00007ff7		PRIVATE	READWRITE
26	float	0x00007ff415ea6618	1	1.4013e-45	0x3f800000	0x00000001		PRIVATE	READWRITE
26	float	0x00007ff415ea6680	0	1	0x00000000	0x3f800000		PRIVATE	READWRITE
26	float	0x00007ff415ea6684	2.8026e-45	1	0x00000002	0x3f800000		PRIVATE	READWRITE
26	float	0x00007ff415ea669c	1	0	0x3f800000	0x00000000		PRIVATE	READWRITE
26	float	0x00007ff415ea66a0	1	0	0x3f800000	0x00000000		PRIVATE	READWRITE
26	float	0x00007ff415ea66a4	1	0	0x3f800000	0x00000000		PRIVATE	READWRITE
26	float	0x00007ff415ea6820	0	1	0x00000000	0x3f800000		PRIVATE	READWRITE
26	float	0x00007ff415ea6824	0	1	0x00000000	0x3f800000		PRIVATE	READWRITE
26	float	0x00007ff415ea6828	0	1	0x00000000	0x3f800000		PRIVATE	READWRITE
26	float	0x00007ff415ea682c	0	1	0x00000000	0x3f800000		PRIVATE	READWRITE
26	float	0x00007ff415ea6830	0	1	0x00000000	0x3f800000		PRIVATE	READWRITE
26	float	0x00007ff415ea6834	0	1	0x00000000	0x3f800000		PRIVATE	READWRITE
26	float	0x00007ff415ea6838	0	1	0x00000000	0x3f800000		PRIVATE	READWRITE
26	float	0x00007ff415ea683c	0	1	0x00000000	0x3f800000		PRIVATE	READWRITE
26	float	0x00007ff415ea6840	0	1	0x00000000	0x3f800000		PRIVATE	READWRITE
26	float	0x00007ff415ea6844	0	1	0x00000000	0x3f800000		PRIVATE	READWRITE
26	float	0x00007ff415ea6848	0	1	0x00000000	0x3f800000		PRIVATE	READWRITE
26	float	0x00007ff415ea684c	0	1	0x00000000	0x3f800000		PRIVATE	READWRITE
26	float	0x00007ff415ea6850	0	1	0x00000000	0x3f800000		PRIVATE	READWRITE
26	float	0x00007ff415ea6854	0	1	0x00000000	0x3f800000		PRIVATE	READWRITE
26	float	0x00007ff415ea6858	0	1	0x00000000	0x3f800000		PRIVATE	READWRITE
26	float	0x00007ff415ea685c	0	1	0x00000000	0x3f800000		PRIVATE	READWRITE
26	float	0x00007ff415ea6940	1	0	0x3f800000	0x00000000		PRIVATE	READWRITE
26	float	0x00007ff415ea6944	1	0	0x3f800000	0x00000000		PRIVATE	READWRITE
26	float	0x00007ff415ea6ec0	0	1	0x00000000	0x3f800000		PRIVATE	READWRITE
26	float	0x00007ff415ea6ec4	0	1	0x00000000	0x3f800000		PRIVATE	READWRITE
26	float	0x00007ff415ea6ec8	0	1	0x00000000	0x3f800000		PRIVATE	READWRITE
26	float	0x00007ff415ea6ecc	0	1	0x00000000	0x3f800000		PRIVATE	READWRITE
26	float	0x00007ff415ea6ed0	0	1	0x00000000	0x3f800000		PRIVATE	READWRITE
26	float	0x00007ff415ea6ed4	0	1	0x00000000	0x3f800000		PRIVATE	READWRITE
26	float	0x00007ff415ea6ed8	0	1	0x00000000	0x3f800000		PRIVATE	READWRITE
26	float	0x00007ff415ea6edc	0	1	0x00000000	0x3f800000		PRIVATE	READWRITE
26	float	0x00007ff415ea6ee0	0	1	0x00000000	0x3f800000		PRIVATE	READWRITE
26	float	0x00007ff415ea6ee4	0	1	0x00000000	0x3f800000		PRIVATE	READWRITE
26	float	0x00007ff415ea6ee8	0	1	0x00000000	0x3f800000		PRIVATE	READWRITE
26	float	0x00007ff415ea6eec	0	1	0x00000000	0x3f800000		PRIVATE	READWRITE
26	float	0x00007ff415ed2c08	0	1	0x00000000	0x3f800000		PRIVATE	READWRITE
26	float	0x00007ff415ed2c0c	0	1	0x00000000	0x3f800000		PRIVATE	READWRITE
26	float	0x00007ff415ed2c10	0	1	0x00000000	0x3f800000		PRIVATE	READWRITE
26	float	0x00007ff415ed2c14	0	1	0x00000000	0x3f800000		PRIVATE	READWRITE
26	float	0x00007ff415ed2c18	0	1	0x00000000	0x3f800000		PRIVATE	READWRITE
26	float	0x00007ff415ed2c1c	0	1	0x00000000	0x3f800000		PRIVATE	READWRITE
26	float	0x00007ff415ed2c20	0	1	0x00000000	0x3f800000		PRIVATE	READWRITE
26	float	0x00007ff415ed2c24	0	1	0x00000000	0x3f800000		PRIVATE	READWRITE
26	float	0x00007ff415ed2c28	0	1	0x00000000	0x3f800000		PRIVATE	READWRITE
26	float	0x00007ff415ed2c2c	0	1	0x00000000	0x3f800000		PRIVATE	READWRITE
26	float	0x00007ff415ed2e54	1	4.59051e-41	0x3f800000	0x00007ff7		PRIVATE	READWRITE
26	float	0x00007ff415ed2e58	1	2.8026e-45	0x3f800000	0x00000002		PRIVATE	READWRITE
26	float	0x00007ff415ed2f00	0	1	0x00000000	0x3f800000		PRIVATE	READWRITE
26	float	0x00007ff415ed2f04	0	1	0x00000000	0x3f800000		PRIVATE	READWRITE
26	float	0x00007ff415ed2f08	0	1	0x00000000	0x3f800000		PRIVATE	READWRITE
26	float	0x00007ff415ed2f0c	0	1	0x00000000	0x3f800000		PRIVATE	READWRITE
26	float	0x00007ff415ed2f10	0	1	0x00000000	0x3f800000		PRIVATE	READWRITE
26	float	0x00007ff415ed2f14	0	1	0x00000000	0x3f800000		PRIVATE	READWRITE
26	float	0x00007ff415ed2f18	0	1	0x00000000	0x3f800000		PRIVATE	READWRITE
26	float	0x00007ff415ed2f1c	0	1	0x00000000	0x3f800000		PRIVATE	READWRITE
26	float	0x00007ff415ed2f20	0	1	0x00000000	0x3f800000		PRIVATE	READWRITE
26	float	0x00007ff415ed2f24	0	1	0x00000000	0x3f800000		PRIVATE	READWRITE
26	float	0x00007ff415ed2f28	0	1	0x00000000	0x3f800000		PRIVATE	READWRITE
26	float	0x00007ff415ed2f2c	0	1	0x00000000	0x3f800000		PRIVATE	READWRITE
26	float	0x00007ff415ed2f30	0	1	0x00000000	0x3f800000		PRIVATE	READWRITE
26	float	0x00007ff415ed2f34	0	1	0x00000000	0x3f800000		PRIVATE	READWRITE
26	float	0x00007ff415ed2f38	0	1	0x00000000	0x3f800000		PRIVATE	READWRITE
26	float	0x00007ff415ed2f3c	0	1	0x00000000	0x3f800000		PRIVATE	READWRITE
26	float	0x00007ff415ed3028	1	0	0x3f800000	0x00000000		PRIVATE	READWRITE
26	float	0x00007ff415ed302c	1	0	0x3f800000	0x00000000		PRIVATE	READWRITE
26	float	0x00007ff415ed3030	1	0	0x3f800000	0x00000000		PRIVATE	READWRITE
26	float	0x00007ff415ed3034	1	0	0x3f800000	0x00000000		PRIVATE	READWRITE
26	float	0x00007ff415ed3038	1	0	0x3f800000	0x00000000		PRIVATE	READWRITE
26	float	0x00007ff415ed303c	1	0	0x3f800000	0x00000000		PRIVATE	READWRITE
26	float	0x00007ff415ed3040	1	0	0x3f800000	0x00000000		PRIVATE	READWRITE
26	float	0x00007ff415ed3044	1	0	0x3f800000	0x00000000		PRIVATE	READWRITE
26	float	0x00007ff415ed3048	1	0	0x3f800000	0x00000000		PRIVATE	READWRITE
26	float	0x00007ff415ed304c	1	0	0x3f800000	0x00000000		PRIVATE	READWRITE
26	float	0x00007ff415ed32e8	1	0	0x3f800000	0x00000000		PRIVATE	READWRITE
26	float	0x00007ff415ed32ec	1	0	0x3f800000	0x00000000		PRIVATE	READWRITE
26	float	0x00007ff415ed32f0	1	0	0x3f800000	0x00000000		PRIVATE	READWRITE
26	float	0x00007ff415ed32f4	1	0	0x3f800000	0x00000000		PRIVATE	READWRITE
26	float	0x00007ff415ed32f8	1	0	0x3f800000	0x00000000		PRIVATE	READWRITE
26	float	0x00007ff415ed32fc	1	0	0x3f800000	0x00000000		PRIVATE	READWRITE
26	float	0x00007ff415ed3300	1	0	0x3f800000	0x00000000		PRIVATE	READWRITE
26	float	0x00007ff415ed3304	1	0	0x3f800000	0x00000000		PRIVATE	READWRITE
26	float	0x00007ff415ed3308	1	0	0x3f800000	0x00000000		PRIVATE	READWRITE
26	float	0x00007ff415ed330c	1	0	0x3f800000	0x00000000		PRIVATE	READWRITE
26	float	0x00007ff415ed33d4	1	4.59051e-41	0x3f800000	0x00007ff7		PRIVATE	READWRITE
26	float	0x00007ff415ed33d8	1	2.8026e-45	0x3f800000	0x00000002		PRIVATE	READWRITE
26	float	0x00007ff415ed3480	0	1	0x00000000	0x3f800000		PRIVATE	READWRITE
26	float	0x00007ff415ed3484	0	1	0x00000000	0x3f800000		PRIVATE	READWRITE
26	float	0x00007ff415ed3488	0	1	0x00000000	0x3f800000		PRIVATE	READWRITE
26	float	0x00007ff415ed348c	0	1	0x00000000	0x3f800000		PRIVATE	READWRITE
26	float	0x00007ff415ed3490	0	1	0x00000000	0x3f800000		PRIVATE	READWRITE
26	float	0x00007ff415ed3494	0	1	0x00000000	0x3f800000		PRIVATE	READWRITE
26	float	0x00007ff415ed3498	0	1	0x00000000	0x3f800000		PRIVATE	READWRITE
26	float	0x00007ff415ed349c	0	1	0x00000000	0x3f800000		PRIVATE	READWRITE
26	float	0x00007ff415ed34a0	0	1	0x00000000	0x3f800000		PRIVATE	READWRITE
26	float	0x00007ff415ed34a4	0	1	0x00000000	0x3f800000		PRIVATE	READWRITE
26	float	0x00007ff415ed34a8	0	1	0x00000000	0x3f800000		PRIVATE	READWRITE
26	float	0x00007ff415ed34ac	0	1	0x00000000	0x3f800000		PRIVATE	READWRITE
26	float	0x00007ff415ed34b0	0	1	0x00000000	0x3f800000		PRIVATE	READWRITE
26	float	0x00007ff415ed34b4	0	1	0x00000000	0x3f800000		PRIVATE	READWRITE
26	float	0x00007ff415ed34b8	0	1	0x00000000	0x3f800000		PRIVATE	READWRITE
26	float	0x00007ff415ed34bc	0	1	0x00000000	0x3f800000		PRIVATE	READWRITE
26	float	0x00007ff415ed3534	4.59051e-41	1	0x00007ff7	0x3f800000		PRIVATE	READWRITE
26	float	0x00007ff415ed3538	2.8026e-45	1	0x00000002	0x3f800000		PRIVATE	READWRITE
26	float	0x00007ff415ed35e0	1	0	0x3f800000	0x00000000		PRIVATE	READWRITE
26	float	0x00007ff415ed35e4	1	0	0x3f800000	0x00000000		PRIVATE	READWRITE
26	float	0x00007ff415ed35e8	1	0	0x3f800000	0x00000000		PRIVATE	READWRITE
26	float	0x00007ff415ed35ec	1	0	0x3f800000	0x00000000		PRIVATE	READWRITE
26	float	0x00007ff415ed35f0	1	0	0x3f800000	0x00000000		PRIVATE	READWRITE
26	float	0x00007ff415ed35f4	1	0	0x3f800000	0x00000000		PRIVATE	READWRITE
26	float	0x00007ff415ed35f8	1	0	0x3f800000	0x00000000		PRIVATE	READWRITE
26	float	0x00007ff415ed35fc	1	0	0x3f800000	0x00000000		PRIVATE	READWRITE
26	float	0x00007ff415ed3600	1	0	0x3f800000	0x00000000		PRIVATE	READWRITE
26	float	0x00007ff415ed3604	1	0	0x3f800000	0x00000000		PRIVATE	READWRITE
26	float	0x00007ff415ed3608	1	0	0x3f800000	0x00000000		PRIVATE	READWRITE
26	float	0x00007ff415ed360c	1	0	0x3f800000	0x00000000		PRIVATE	READWRITE
26	float	0x00007ff415ed3610	1	0	0x3f800000	0x00000000		PRIVATE	READWRITE
26	float	0x00007ff415ed3614	1	0	0x3f800000	0x00000000		PRIVATE	READWRITE
26	float	0x00007ff415ed3618	1	0	0x3f800000	0x00000000		PRIVATE	READWRITE
26	float	0x00007ff415ed361c	1	0	0x3f800000	0x00000000		PRIVATE	READWRITE
26	float	0x00007ff415ed37f4	4.59051e-41	1	0x00007ff7	0x3f800000		PRIVATE	READWRITE
26	float	0x00007ff415ed37f8	2.8026e-45	1	0x00000002	0x3f800000		PRIVATE	READWRITE
26	float	0x00007ff415ed38a0	1	0	0x3f800000	0x00000000		PRIVATE	READWRITE
26	float	0x00007ff415ed38a4	1	0	0x3f800000	0x00000000		PRIVATE	READWRITE
26	float	0x00007ff415ed38a8	1	0	0x3f800000	0x00000000		PRIVATE	READWRITE
26	float	0x00007ff415ed38ac	1	0	0x3f800000	0x00000000		PRIVATE	READWRITE
26	float	0x00007ff415ed38b0	1	0	0x3f800000	0x00000000		PRIVATE	READWRITE
26	float	0x00007ff415ed38b4	1	0	0x3f800000	0x00000000		PRIVATE	READWRITE
26	float	0x00007ff415ed38b8	1	0	0x3f800000	0x00000000		PRIVATE	READWRITE
26	float	0x00007ff415ed38bc	1	0	0x3f800000	0x00000000		PRIVATE	READWRITE
26	float	0x00007ff415ed38c0	1	0	0x3f800000	0x00000000		PRIVATE	READWRITE
26	float	0x00007ff415ed38c4	1	0	0x3f800000	0x00000000		PRIVATE	READWRITE
26	float	0x00007ff415ed38c8	1	0	0x3f800000	0x00000000		PRIVATE	READWRITE
26	float	0x00007ff415ed38cc	1	0	0x3f800000	0x00000000		PRIVATE	READWRITE
26	float	0x00007ff415ed38d0	1	0	0x3f800000	0x00000000		PRIVATE	READWRITE
26	float	0x00007ff415ed38d4	1	0	0x3f800000	0x00000000		PRIVATE	READWRITE
26	float	0x00007ff415ed38d8	1	0	0x3f800000	0x00000000		PRIVATE	READWRITE
26	float	0x00007ff415ed38dc	1	0	0x3f800000	0x00000000		PRIVATE	READWRITE
26	float	0x00007ff415ed3b28	0	1	0x00000000	0x3f800000		PRIVATE	READWRITE
26	float	0x00007ff415ed3b2c	0	1	0x00000000	0x3f800000		PRIVATE	READWRITE
26	float	0x00007ff415ed3b30	0	1	0x00000000	0x3f800000		PRIVATE	READWRITE
26	float	0x00007ff415ed3b34	0	1	0x00000000	0x3f800000		PRIVATE	READWRITE
26	float	0x00007ff415ed3b38	0	1	0x00000000	0x3f800000		PRIVATE	READWRITE
26	float	0x00007ff415ed3b3c	0	1	0x00000000	0x3f800000		PRIVATE	READWRITE
26	float	0x00007ff415ed3b40	0	1	0x00000000	0x3f800000		PRIVATE	READWRITE
26	float	0x00007ff415ed3b44	0	1	0x00000000	0x3f800000		PRIVATE	READWRITE
26	float	0x00007ff415ed3b48	0	1	0x00000000	0x3f800000		PRIVATE	READWRITE
26	float	0x00007ff415ed3b4c	0	1	0x00000000	0x3f800000		PRIVATE	READWRITE
25	float	0x000002898dc831a8	0.999855	3	0x3f7ff67b	0x40400000		PRIVATE	READWRITE
25	float	0x000002898dc85398	0.999855	3	0x3f7ff67b	0x40400000		PRIVATE	READWRITE
25	float	0x000002899cd6b3ec	0.5	1	0x3f000000	0x3f800000		PRIVATE	READWRITE
25	float	0x000002899d68f39c	1.00017	3	0x3f800576	0x40400000		PRIVATE	READWRITE
25	float	0x000002899d690d4c	0.5	1	0x3f000000	0x3f800000		PRIVATE	READWRITE
25	float	0x000002899d6912f8	0.5	1	0x3f000000	0x3f800000		PRIVATE	READWRITE
25	float	0x000002899d692218	0.5	1	0x3f000000	0x3f800000		PRIVATE	READWRITE
25	float	0x00000289e1fec240	0.5	1	0x3f000000	0x3f800000		PRIVATE	READWRITE
25	float	0x00000289e1fecfa4	0.5	1	0x3f000000	0x3f800000		PRIVATE	READWRITE
25	float	0x00000289e1fed0a4	0.5	1	0x3f000000	0x3f800000		PRIVATE	READWRITE
25	float	0x00000289e1fed418	0.5	1	0x3f000000	0x3f800000		PRIVATE	READWRITE
25	float	0x00000289e1fee1a8	0.666667	1	0x3f2aaaab	0x3f800000		PRIVATE	READWRITE
25	float	0x00000289e1fef7d4	0.666667	1	0x3f2aaaab	0x3f800000		PRIVATE	READWRITE
25	float	0x00000289e1fef80c	0.5	1	0x3f000000	0x3f800000		PRIVATE	READWRITE
20	float	0x000000af4443769c	1	0	0x3f7ffffd	0x00000000		PRIVATE	READWRITE
20	float	0x000000af44d3d4b0	0	1	0x00000000	0x3f800001		PRIVATE	READWRITE
20	float	0x000000af44d3d4ec	0	1	0x00000000	0x3f800001		PRIVATE	READWRITE
20	u32	0x00000289820c9fb0	1	10	0x00000001	0x0000000a		PRIVATE	READWRITE
20	float	0x000002898dbea83c	0	0.999998	0x00000000	0x3f7fffdb		PRIVATE	READWRITE
20	float	0x000002898dc821e4	0	3	0x00000000	0x40400000		PRIVATE	READWRITE
20	float	0x000002898dc821e8	0	3	0x00000000	0x40400000		PRIVATE	READWRITE
20	float	0x000002898dc821ec	0	3	0x00000000	0x40400000		PRIVATE	READWRITE
20	float	0x000002898dc82250	1.00002	9.09443e-43	0x3f8000b3	0x00000289		PRIVATE	READWRITE
20	float	0x000002898dc822d8	0	3	0x00000000	0x40400000		PRIVATE	READWRITE
20	float	0x000002898dc822e0	0	3	0x00000000	0x40400000		PRIVATE	READWRITE
20	float	0x000002898dc822e4	0	3	0x00000000	0x40400000		PRIVATE	READWRITE
20	float	0x000002898dc823ac	1.47926e-39	3	0x00101b90	0x40400000		PRIVATE	READWRITE
20	float	0x000002898dc823b0	7.35386e-39	3	0x00501390	0x40400000		PRIVATE	READWRITE
20	float	0x000002898dc823b4	2.21092e-38	3	0x00f0bf90	0x40400000		PRIVATE	READWRITE
20	float	0x000002898dc823b8	5.22404e-42	3	0x00000e90	0x40400000		PRIVATE	READWRITE
20	float	0x000002898dc8246c	6.16571e-44	3	0x0000002c	0x40400000		PRIVATE	READWRITE
20	float	0x000002898dc82470	-3.26989e-21	3	0x9d7710f0	0x40400000		PRIVATE	READWRITE
20	float	0x000002898dc82474	9.09443e-43	3	0x00000289	0x40400000		PRIVATE	READWRITE
20	float	0x000002898dc82478	2.94413e-39	3	0x00200f06	0x40400000		PRIVATE	READWRITE
20	float	0x000002898dc830bc	3.54027e-38	3	0x0140c018	0x40400000		PRIVATE	READWRITE
20	float	0x000002898dc830c4	0	3	0x00000000	0x40400000		PRIVATE	READWRITE
20	float	0x000002898dc830c8	0	3	0x00000000	0x40400000		PRIVATE	READWRITE
20	float	0x000002898dc83158	1.00002	0	0x3f8000b3	0x00000000		PRIVATE	READWRITE
20	float	0x000002898dc831b4	0	3	0x00000000	0x40400000		PRIVATE	READWRITE
20	float	0x000002898dc83240	1	-2.67344e-11	0x3f800000	0xadeb2880		PRIVATE	READWRITE
20	float	0x000002898dc832a0	0	3	0x00000000	0x40400000		PRIVATE	READWRITE
20	float	0x000002898dc832a4	0	3	0x00000000	0x40400000		PRIVATE	READWRITE
20	float	0x000002898dc832a8	0	3	0x00000000	0x40400000		PRIVATE	READWRITE
20	float	0x000002898dc832ac	0	3	0x00000000	0x40400000		PRIVATE	READWRITE
20	float	0x000002898dc83334	1	-3.20463e-11	0x3f800000	0xae0cf0e0		PRIVATE	READWRITE
20	float	0x000002898dc833a8	0	3	0x00000000	0x40400000		PRIVATE	READWRITE
20	float	0x000002898dc833ac	0	3	0x00000000	0x40400000		PRIVATE	READWRITE
20	float	0x000002898dc83490	0	3	0x00000000	0x40400000		PRIVATE	READWRITE
20	float	0x000002898dc83494	9.88756e-42	3	0x00001b90	0x40400000		PRIVATE	READWRITE
20	float	0x000002898dc83498	1.03543e-38	3	0x0070bf90	0x40400000		PRIVATE	READWRITE
20	float	0x000002898dc8349c	1.47459e-39	3	0x00100e90	0x40400000		PRIVATE	READWRITE
20	float	0x000002898dc8357c	0	3	0x00000000	0x40400000		PRIVATE	READWRITE
20	float	0x000002898dc83584	0	3	0x00000000	0x40400000		PRIVATE	READWRITE
20	float	0x000002898dc83588	6.16571e-44	3	0x0000002c	0x40400000		PRIVATE	READWRITE
20	float	0x000002898dc841cc	0	3	0x00000000	0x40400000		PRIVATE	READWRITE
20	float	0x000002898dc841d0	0	3	0x00000000	0x40400000		PRIVATE	READWRITE
20	float	0x000002898dc841d4	0	3	0x00000000	0x40400000		PRIVATE	READWRITE
20	float	0x000002898dc841d8	0	3	0x00000000	0x40400000		PRIVATE	READWRITE
20	float	0x000002898dc84260	1.00002	5.87751e-39	0x3f8000b3	0x00400018		PRIVATE	READWRITE
20	float	0x000002898dc842b8	0	3	0x00000000	0x40400000		PRIVATE	READWRITE
20	float	0x000002898dc842c0	0	3	0x00000000	0x40400000		PRIVATE	READWRITE
20	float	0x000002898dc843b0	0	3	0x00000000	0x40400000		PRIVATE	READWRITE
20	float	0x000002898dc843bc	1.47926e-39	3	0x00101b90	0x40400000		PRIVATE	READWRITE
20	float	0x000002898dc846a4	1.00002	0	0x3f8000b3	0x00000000		PRIVATE	READWRITE
20	float	0x000002898dc84c24	1	-2.67344e-11	0x3f800000	0xadeb2880		PRIVATE	READWRITE
20	float	0x000002898dc84c84	0	3	0x00000000	0x40400000		PRIVATE	READWRITE
20	float	0x000002898dc84c88	0	3	0x00000000	0x40400000		PRIVATE	READWRITE
20	float	0x000002898dc84c8c	9.47459e-11	3	0x2ed0592f	0x40400000		PRIVATE	READWRITE
20	float	0x000002898dc84c94	1.00002	0	0x3f8000b3	0x00000000		PRIVATE	READWRITE
20	float	0x000002898dc84e60	1.54143e-44	3	0x0000000b	0x40400000		PRIVATE	READWRITE
20	float	0x000002898dc84e64	5.60519e-45	3	0x00000004	0x40400000		PRIVATE	READWRITE
20	float	0x000002898dc84e68	1.43983e-41	3	0x00002823	0x40400000		PRIVATE	READWRITE
20	float	0x000002898dc84e6c	0	3	0x00000000	0x40400000		PRIVATE	READWRITE
20	float	0x000002898dc852c0	3.54027e-38	3	0x0140c018	0x40400000		PRIVATE	READWRITE
20	float	0x000002898dc852c8	0	3	0x00000000	0x40400000		PRIVATE	READWRITE
20	float	0x000002898dc8535c	1.00002	0	0x3f8000b3	0x00000000		PRIVATE	READWRITE
20	float	0x000002898dc85394	0	3	0x00000000	0x40400000		PRIVATE	READWRITE
20	float	0x000002898dc854ac	0	3	0x00000000	0x40400000		PRIVATE	READWRITE
20	float	0x000002898dc854b0	0	3	0x00000000	0x40400000		PRIVATE	READWRITE
20	float	0x000002898dc854b4	0	3	0x00000000	0x40400000		PRIVATE	READWRITE
20	float	0x000002898dc854b8	0	3	0x00000000	0x40400000		PRIVATE	READWRITE
20	float	0x000002898dc8557c	0	3	0x00000000	0x40400000		PRIVATE	READWRITE
20	float	0x000002898dc85580	0	3	0x00000000	0x40400000		PRIVATE	READWRITE
20	float	0x000002898dc85584	0	3	0x00000000	0x40400000		PRIVATE	READWRITE
20	float	0x000002898dc85654	0	3	0x00000000	0x40400000		PRIVATE	READWRITE
20	float	0x000002898dc8565c	0	3	0x00000000	0x40400000		PRIVATE	READWRITE
20	float	0x000002898dc85760	0	3	0x00000000	0x40400000		PRIVATE	READWRITE
20	float	0x000002898dc85764	0	3	0x00000000	0x40400000		PRIVATE	READWRITE
20	float	0x000002898dc85768	0	3	0x00000000	0x40400000		PRIVATE	READWRITE
20	float	0x000002898dc85bf4	0	3	0x00000000	0x40400000		PRIVATE	READWRITE
20	float	0x000002898dc85bf8	0	3	0x00000000	0x40400000		PRIVATE	READWRITE
20	float	0x000002898dc85bfc	0	3	0x00000000	0x40400000		PRIVATE	READWRITE
20	float	0x000002898dc85c00	0	3	0x00000000	0x40400000		PRIVATE	READWRITE
20	float	0x000002898dc85c28	1.00002	4.59626e-43	0x3f8000b3	0x00000148		PRIVATE	READWRITE
20	float	0x000002898dc85cc4	0	3	0x00000000	0x40400000		PRIVATE	READWRITE
20	float	0x000002898dc85ccc	0	3	0x00000000	0x40400000		PRIVATE	READWRITE
20	float	0x000002898dc85cd0	0	3	0x00000000	0x40400000		PRIVATE	READWRITE
20	float	0x000002898dc85da0	-5.00324e-11	1	0xae5c0b80	0x3f800000		PRIVATE	READWRITE
20	float	0x000002898dc85db8	-5.00324e-11	3	0xae5c0b80	0x40400000		PRIVATE	READWRITE
20	float	0x000002898dc85dbc	9.09443e-43	3	0x00000289	0x40400000		PRIVATE	READWRITE
20	float	0x000002898dc85dc0	4.45613e-43	3	0x0000013e	0x40400000		PRIVATE	READWRITE
20	float	0x000002898dc85dc4	0	3	0x00000000	0x40400000		PRIVATE	READWRITE
20	float	0x000002898dc85e50	1	-3.20468e-11	0x3f800000	0xae0cf170		PRIVATE	READWRITE
20	float	0x000002898dc85eb0	4.14483e-37	3	0x030d0a91	0x40400000		PRIVATE	READWRITE
20	float	0x000002898dc85eb4	4.17422e-37	3	0x030e0a91	0x40400000		PRIVATE	READWRITE
20	float	0x000002898dc85eb8	4.49748e-37	3	0x03190a91	0x40400000		PRIVATE	READWRITE
20	float	0x000002898dc85ebc	8.01188e-32	3	0x0bd00018	0x40400000		PRIVATE	READWRITE
20	float	0x000002898dc86b2c	1.00002	0	0x3f8000b3	0x00000000		PRIVATE	READWRITE
20	float	0x000002898dc86f04	1	-2.67344e-11	0x3f800000	0xadeb2880		PRIVATE	READWRITE
20	float	0x000002898dc87bcc	1.00002	1.4041e-42	0x3f8000b3	0x000003ea		PRIVATE	READWRITE
20	float	0x000002898dc885e4	0	3	0x00000000	0x40400000		PRIVATE	READWRITE
20	float	0x000002898dc885e8	0	3	0x00000000	0x40400000		PRIVATE	READWRITE
20	float	0x000002898dc885ec	9.47459e-11	3	0x2ed0592f	0x40400000		PRIVATE	READWRITE
20	float	0x000002898dc885f4	1.00002	0	0x3f8000b3	0x00000000		PRIVATE	READWRITE
20	float	0x000002898dc886ac	0	3	0x00000000	0x40400000		PRIVATE	READWRITE
20	float	0x000002898dc886b0	0	3	0x00000000	0x40400000		PRIVATE	READWRITE
20	float	0x000002898dc886b4	0	3	0x00000000	0x40400000		PRIVATE	READWRITE
20	float	0x000002898dc886b8	0	3	0x00000000	0x40400000		PRIVATE	READWRITE
20	float	0x000002898dc88770	0	0.999998	0x00000000	0x3f7fffdb		PRIVATE	READWRITE
20	float	0x000002898dc88778	0	3	0x00000000	0x40400000		PRIVATE	READWRITE
20	float	0x000002898dc8877c	0	3	0x00000000	0x40400000		PRIVATE	READWRITE
20	float	0x000002898dc88780	0	3	0x00000000	0x40400000		PRIVATE	READWRITE
20	float	0x000002898dc88838	0	3	0x00000000	0x40400000		PRIVATE	READWRITE
20	float	0x000002898dc88844	0	3	0x00000000	0x40400000		PRIVATE	READWRITE
20	float	0x000002898dc888dc	0	3	0x00000000	0x40400000		PRIVATE	READWRITE
20	float	0x000002898dc888e4	0	3	0x00000000	0x40400000		PRIVATE	READWRITE
20	float	0x000002898dc889b0	9.09443e-43	3	0x00000289	0x40400000		PRIVATE	READWRITE
20	float	0x000002898dc889b4	4.45613e-43	3	0x0000013e	0x40400000		PRIVATE	READWRITE
20	float	0x000002898dc889b8	-1.68063e-30	3	0x8e085950	0x40400000		PRIVATE	READWRITE
20	float	0x000002898dc889bc	9.09443e-43	3	0x00000289	0x40400000		PRIVATE	READWRITE
20	float	0x000002898dc88a90	2.60838e-38	3	0x010e0391	0x40400000		PRIVATE	READWRITE
20	float	0x000002898dc88a94	2.81042e-38	3	0x01190391	0x40400000		PRIVATE	READWRITE
20	float	0x000002898dc88a98	1.37881e-39	3	0x000f0391	0x40400000		PRIVATE	READWRITE
20	float	0x000002898dc88a9c	9.02781e-35	3	0x06f00018	0x40400000		PRIVATE	READWRITE
20	float	0x000002898dc891c0	0	3	0x00000000	0x40400000		PRIVATE	READWRITE
20	float	0x000002898dc891c4	0	3	0x00000000	0x40400000		PRIVATE	READWRITE
20	float	0x000002898dc891c8	0	3	0x00000000	0x40400000		PRIVATE	READWRITE
20	float	0x000002898dc891cc	0	3	0x00000000	0x40400000		PRIVATE	READWRITE
20	float	0x000002898dc8922c	1.00002	9.09443e-43	0x3f8000b3	0x00000289		PRIVATE	READWRITE
20	float	0x000002898dc89284	0	0.999998	0x00000000	0x3f7fffdb		PRIVATE	READWRITE
20	float	0x000002898dc8928c	0	3	0x00000000	0x40400000		PRIVATE	READWRITE
20	float	0x000002898dc89294	2.20405e-38	3	0x00f00006	0x40400000		PRIVATE	READWRITE
20	float	0x000002898dc89364	0	3	0x00000000	0x40400000		PRIVATE	READWRITE
20	float	0x000002898dc8936c	0	3	0x00000000	0x40400000		PRIVATE	READWRITE
20	float	0x000002898dc8aa1c	1.00002	9.09443e-43	0x3f8000b3	0x00000289		PRIVATE	READWRITE
20	float	0x000002898dc8acc0	1	-5.00024e-11	0x3f800000	0xae5be9c0		PRIVATE	READWRITE
20	float	0x000002898dc8b404	0	1.00002	0x00000000	0x3f8000b3		PRIVATE	READWRITE
20	float	0x000002898dc8d24c	2.53871e-11	1	0x2ddf4e9f	0x3f800000		PRIVATE	READWRITE
20	float	0x000002898dc8d408	0.999998	1.46938e-39	0x3f7fffdb	0x00100006		PRIVATE	READWRITE
20	float	0x000002898dc8d438	0.999998	2.93874e-38	0x3f7fffdb	0x01200018		PRIVATE	READWRITE
20	float	0x000002898dc8d5c0	0.999998	0	0x3f7fffdb	0x00000000		PRIVATE	READWRITE
20	float	0x000002898dc9086c	1	-5.00281e-11	0x3f800000	0xae5c06a0		PRIVATE	READWRITE
20	float	0x000002898dc908ac	0.999998	0	0x3f7fffdb	0x00000000		PRIVATE	READWRITE
20	float	0x000002898dc908b0	0.999998	4.4162e-39	0x3f7fffdb	0x00301690		PRIVATE	READWRITE
20	float	0x000002898dc908b4	0.999998	2.95867e-39	0x3f7fffdb	0x00203790		PRIVATE	READWRITE
20	float	0x000002898dc908b8	0.999998	2.95795e-39	0x3f7fffdb	0x00203590		PRIVATE	READWRITE
20	float	0x000002898dc908ec	1	-2.73051e-11	0x3f800000	0xadf02da0		PRIVATE	READWRITE
20	float	0x000002898dc90b10	1.00002	1.0346e-38	0x3f8000b3	0x0070a890		PRIVATE	READWRITE
20	float	0x000002898dc90b44	2.53871e-11	1	0x2ddf4e9f	0x3f800000		PRIVATE	READWRITE
20	float	0x000002898dc90ddc	1.00002	0	0x3f8000b3	0x00000000		PRIVATE	READWRITE
20	float	0x000002898dc90ea8	3	0	0x40400000	0x00000000		PRIVATE	READWRITE
20	float	0x000002898dc914d0	0	0.999998	0x00000000	0x3f7fffdb		PRIVATE	READWRITE
20	float	0x000002898dc914d4	0	0.999998	0x00000000	0x3f7fffdb		PRIVATE	READWRITE
20	float	0x000002898dc914dc	-8.89582e-09	3	0xb218d440	0x40400000		PRIVATE	READWRITE
20	float	0x000002898dc914e0	0	3	0x00000000	0x40400000		PRIVATE	READWRITE
20	float	0x000002898dc914e4	0	3	0x00000000	0x40400000		PRIVATE	READWRITE
20	float	0x000002898dc914f0	1.00002	0	0x3f8000b3	0x00000000		PRIVATE	READWRITE
20	float	0x000002898dc915b8	1	-5.00281e-11	0x3f800000	0xae5c06a0		PRIVATE	READWRITE
20	float	0x000002898dc9175c	1.5	0	0x3fc00000	0x00000000		PRIVATE	READWRITE
20	float	0x000002898dc91adc	0	3	0x00000000	0x40400000		PRIVATE	READWRITE
20	float	0x000002898dc91ae4	0	3	0x00000000	0x40400000		PRIVATE	READWRITE
20	float	0x000002899ccc79d0	0	1.00002	0x00000000	0x3f8000b3		PRIVATE	READWRITE
20	float	0x000002899cccb06c	3	0	0x40400000	0x00000000		PRIVATE	READWRITE
20	float	0x000002899cccb074	3	0	0x40400000	0x00000000		PRIVATE	READWRITE
20	float	0x000002899cccc470	3	0	0x40400000	0x00000000		PRIVATE	READWRITE
20	float	0x000002899cccc474	3	0	0x40400000	0x00000000		PRIVATE	READWRITE
20	float	0x000002899ccccca8	3	7.00649e-44	0x40400000	0x00000032		PRIVATE	READWRITE
20	float	0x000002899cccd058	1	2.53871e-11	0x3f800000	0x2ddf4ea0		PRIVATE	READWRITE
20	float	0x000002899cccd2fc	0.0001	1	0x38d1b717	0x3f800000		PRIVATE	READWRITE
20	float	0x000002899cccd364	1	-4.88067e-11	0x3f800000	0xae56a780		PRIVATE	READWRITE
20	float	0x000002899cccdb44	0	1.00002	0x00000000	0x3f8000b3		PRIVATE	READWRITE
20	float	0x000002899cccf0c0	3.83109e-07	1	0x34cdae11	0x3f800000		PRIVATE	READWRITE
20	float	0x000002899cccf15c	0	1.00002	0x00000000	0x3f8000b3		PRIVATE	READWRITE
20	float	0x000002899d28551c	1.48955e-09	1	0x30ccb8f3	0x3f800000		PRIVATE	READWRITE
20	float	0x000002899d285550	2.53871e-11	1	0x2ddf4e9f	0x3f800000		PRIVATE	READWRITE
20	float	0x000002899d68e868	1	-4.88067e-11	0x3f800000	0xae56a780		PRIVATE	READWRITE
20	float	0x000002899d68f190	-4.88067e-11	2	0xae56a780	0x40000000		PRIVATE	READWRITE
20	float	0x000002899d68f1b4	-4.888e-11	1	0xae56fa00	0x3f800000		PRIVATE	READWRITE
20	float	0x000002899d68f1e4	-4.99675e-11	1	0xae5bc260	0x3f800000		PRIVATE	READWRITE
20	float	0x000002899d68f3cc	-1.48977e-09	1	0xb0ccc091	0x3f800000		PRIVATE	READWRITE
20	float	0x000002899d68f764	0	1	0x00000000	0x3f7fffff		PRIVATE	READWRITE
20	float	0x000002899d68f970	2.66327e-38	2	0x01110091	0x40000005		PRIVATE	READWRITE
20	float	0x000002899d68f998	1	-5.00188e-11	0x3f800000	0xae5bfc20		PRIVATE	READWRITE
20	float	0x000002899d68f9a4	1	-5.00058e-11	0x3f800000	0xae5bed80		PRIVATE	READWRITE
20	float	0x000002899d68fbf8	3	0	0x40400000	0x00000000		PRIVATE	READWRITE
20	float	0x000002899d68fbfc	3	0	0x40400000	0x00000000		PRIVATE	READWRITE
20	float	0x000002899d68fc00	3	0	0x40400000	0x00000000		PRIVATE	READWRITE
20	float	0x000002899d68fc04	3	0	0x40400000	0x00000000		PRIVATE	READWRITE
20	float	0x000002899d68fd5c	7.00649e-44	1	0x00000032	0x3f7fffff		PRIVATE	READWRITE
20	float	0x000002899d68fe60	0.999998	-0	0x3f7fffdb	0x80000000		PRIVATE	READWRITE
20	float	0x000002899d68fe68	3	0	0x40400000	0x00000000		PRIVATE	READWRITE
20	float	0x000002899d68fe70	3	0	0x40400000	0x00000000		PRIVATE	READWRITE
20	float	0x000002899d68ff10	9.09443e-43	2	0x00000289	0x40000010		PRIVATE	READWRITE
20	float	0x000002899d69015c	-3.16557e-21	3	0x9d6f2f00	0x40400000		PRIVATE	READWRITE
20	float	0x000002899d69046c	3	0	0x40400000	0x00000000		PRIVATE	READWRITE
20	float	0x000002899d69049c	3.78351e-44	0.999998	0x0000001b	0x3f7fffdb		PRIVATE	READWRITE
20	float	0x000002899d6904b0	3.92364e-44	0.999998	0x0000001c	0x3f7fffdb		PRIVATE	READWRITE
20	float	0x000002899d6904b4	0	0.999998	0x00000000	0x3f7fffdb		PRIVATE	READWRITE
20	float	0x000002899d690564	0.999998	7.14662e-44	0x3f7fffdb	0x00000033		PRIVATE	READWRITE
20	float	0x000002899d690568	3	-2.10633e-30	0x40400000	0x8e2ae2d0		PRIVATE	READWRITE
20	float	0x000002899d69056c	3	9.09443e-43	0x40400000	0x00000289		PRIVATE	READWRITE
20	float	0x000002899d690570	3	1.88341e-39	0x40400000	0x00148230		PRIVATE	READWRITE
20	float	0x000002899d690574	3	3.36312e-44	0x40400000	0x00000018		PRIVATE	READWRITE
20	float	0x000002899d690640	3	0	0x40400000	0x00000000		PRIVATE	READWRITE
20	float	0x000002899d690644	3	3.58732e-42	0x40400000	0x00000a00		PRIVATE	READWRITE
20	float	0x000002899d690648	3	2.24208e-42	0x40400000	0x00000640		PRIVATE	READWRITE
20	float	0x000002899d69064c	3	8.68805e-44	0x40400000	0x0000003e		PRIVATE	READWRITE
20	float	0x000002899d6906a8	-2.67344e-11	1	0xadeb2880	0x3f800000		PRIVATE	READWRITE
20	float	0x000002899d690708	3	0	0x40400000	0x00000000		PRIVATE	READWRITE
20	float	0x000002899d69070c	3	1.4013e-45	0x40400000	0x00000001		PRIVATE	READWRITE
20	float	0x000002899d690710	3	0	0x40400000	0x00000000		PRIVATE	READWRITE
20	float	0x000002899d690714	3	0	0x40400000	0x00000000		PRIVATE	READWRITE
20	float	0x000002899d690800	3	2.60817e-38	0x40400000	0x010e0091		PRIVATE	READWRITE
20	float	0x000002899d690804	3	2.81021e-38	0x40400000	0x01190091		PRIVATE	READWRITE
20	float	0x000002899d690808	3	1.65752e-36	0x40400000	0x040d0191		PRIVATE	READWRITE
20	float	0x000002899d69080c	3	1.66927e-36	0x40400000	0x040e0191		PRIVATE	READWRITE
20	float	0x000002899d6908f8	3	0	0x40400000	0x00000000		PRIVATE	READWRITE
20	float	0x000002899d6908fc	3	0	0x40400000	0x00000000		PRIVATE	READWRITE
20	float	0x000002899d690900	3	0	0x40400000	0x00000000		PRIVATE	READWRITE
20	float	0x000002899d690904	3	0	0x40400000	0x00000000		PRIVATE	READWRITE
20	float	0x000002899d69092c	1.91978e-43	1.00002	0x00000089	0x3f8000b3		PRIVATE	READWRITE
20	float	0x000002899d6909e4	3	0	0x40400000	0x00000000		PRIVATE	READWRITE
20	float	0x000002899d6909e8	3	0	0x40400000	0x00000000		PRIVATE	READWRITE
20	float	0x000002899d6909ec	3	0	0x40400000	0x00000000		PRIVATE	READWRITE
20	float	0x000002899d6909f0	3	0	0x40400000	0x00000000		PRIVATE	READWRITE
20	float	0x000002899d690adc	3	0	0x40400000	0x00000000		PRIVATE	READWRITE
20	float	0x000002899d690ae0	3	0	0x40400000	0x00000000		PRIVATE	READWRITE
20	float	0x000002899d690bb0	3	7.2307e-43	0x40400000	0x00000204		PRIVATE	READWRITE
20	float	0x000002899d690bb4	3	-4.88067e-11	0x40400000	0xae56a780		PRIVATE	READWRITE
20	float	0x000002899d690bb8	3	9.09443e-43	0x40400000	0x00000289		PRIVATE	READWRITE
20	float	0x000002899d690bbc	3	1.0818e-42	0x40400000	0x00000304		PRIVATE	READWRITE
20	float	0x000002899d690c70	3	9.09443e-43	0x40400000	0x00000289		PRIVATE	READWRITE
20	float	0x000002899d690c74	3	0	0x40400000	0x00000000		PRIVATE	READWRITE
20	float	0x000002899d690c78	3	8.04345e-43	0x40400000	0x0000023e		PRIVATE	READWRITE
20	float	0x000002899d690c7c	3	-1.68052e-30	0x40400000	0x8e085710		PRIVATE	READWRITE
20	float	0x000002899d690d68	3	0	0x40400000	0x00000000		PRIVATE	READWRITE
20	float	0x000002899d690d6c	3	0	0x40400000	0x00000000		PRIVATE	READWRITE
20	float	0x000002899d690d70	3	0	0x40400000	0x00000000		PRIVATE	READWRITE
20	float	0x000002899d690d74	3	0	0x40400000	0x00000000		PRIVATE	READWRITE
20	float	0x000002899d690da8	2.12997e-43	1.00002	0x00000098	0x3f8000b3		PRIVATE	READWRITE
20	float	0x000002899d690e60	3	0	0x40400000	0x00000000		PRIVATE	READWRITE
20	float	0x000002899d690f4c	3	0	0x40400000	0x00000000		PRIVATE	READWRITE
20	float	0x000002899d690f50	3	0	0x40400000	0x00000000		PRIVATE	READWRITE
20	float	0x000002899d690f54	3	0	0x40400000	0x00000000		PRIVATE	READWRITE
20	float	0x000002899d690f58	3	0	0x40400000	0x00000000		PRIVATE	READWRITE
20	float	0x000002899d690fd8	-3.20468e-11	1	0xae0cf170	0x3f800000		PRIVATE	READWRITE
20	float	0x000002899d691038	3	0	0x40400000	0x00000000		PRIVATE	READWRITE
20	float	0x000002899d69103c	3	0	0x40400000	0x00000000		PRIVATE	READWRITE
20	float	0x000002899d691040	3	7.00649e-45	0x40400000	0x00000005		PRIVATE	READWRITE
20	float	0x000002899d691044	3	-2.43934e-21	0x40400000	0x9d384fb0		PRIVATE	READWRITE
20	float	0x000002899d691130	3	0	0x40400000	0x00000000		PRIVATE	READWRITE
20	float	0x000002899d691134	3	0	0x40400000	0x00000000		PRIVATE	READWRITE
20	float	0x000002899d691138	3	0	0x40400000	0x00000000		PRIVATE	READWRITE
20	float	0x000002899d69113c	3	0	0x40400000	0x00000000		PRIVATE	READWRITE
20	float	0x000002899d691164	7.90332e-43	1.00002	0x00000234	0x3f8000b3		PRIVATE	READWRITE
20	float	0x000002899d69121c	3	0	0x40400000	0x00000000		PRIVATE	READWRITE
20	float	0x000002899d691220	3	0	0x40400000	0x00000000		PRIVATE	READWRITE
20	float	0x000002899d691224	3	0	0x40400000	0x00000000		PRIVATE	READWRITE
20	float	0x000002899d691228	3	0	0x40400000	0x00000000		PRIVATE	READWRITE
20	float	0x000002899d691318	3	0	0x40400000	0x00000000		PRIVATE	READWRITE
20	float	0x000002899d69131c	3	0	0x40400000	0x00000000		PRIVATE	READWRITE
20	float	0x000002899d6913a0	-3.20468e-11	1	0xae0cf170	0x3f800000		PRIVATE	READWRITE
20	float	0x000002899d691404	3	0	0x40400000	0x00000000		PRIVATE	READWRITE
20	float	0x000002899d691408	3	0	0x40400000	0x00000000		PRIVATE	READWRITE
20	float	0x000002899d69140c	3	0	0x40400000	0x00000000		PRIVATE	READWRITE
20	float	0x000002899d691440	1.79366e-43	0.999998	0x00000080	0x3f7fffdb		PRIVATE	READWRITE
20	float	0x000002899d691444	3.92364e-44	0.999998	0x0000001c	0x3f7fffdb		PRIVATE	READWRITE
20	float	0x000002899d691448	0	0.999998	0x00000000	0x3f7fffdb		PRIVATE	READWRITE
20	float	0x000002899d6914f8	3	9.09443e-43	0x40400000	0x00000289		PRIVATE	READWRITE
20	float	0x000002899d6914fc	3	1.54143e-44	0x40400000	0x0000000b		PRIVATE	READWRITE
20	float	0x000002899d691500	3	5.60519e-45	0x40400000	0x00000004		PRIVATE	READWRITE
20	float	0x000002899d691504	3	2.29547e-41	0x40400000	0x00003ffd		PRIVATE	READWRITE
20	float	0x000002899d6916a4	0	1.00002	0x00000000	0x3f8000b3		PRIVATE	READWRITE
20	float	0x000002899d6916e8	3	0	0x40400000	0x00000000		PRIVATE	READWRITE
20	float	0x000002899d69175c	-3.20463e-11	1	0xae0cf0e0	0x3f800000		PRIVATE	READWRITE
20	float	0x000002899d691768	-3.20468e-11	1	0xae0cf170	0x3f800000		PRIVATE	READWRITE
20	float	0x000002899d6917cc	3	0	0x40400000	0x00000000		PRIVATE	READWRITE
20	float	0x000002899d6917d0	3	1.47926e-39	0x40400000	0x00101b90		PRIVATE	READWRITE
20	float	0x000002899d6917d4	3	2.94611e-39	0x40400000	0x00201490		PRIVATE	READWRITE
20	float	0x000002899d691970	0	1.00002	0x00000000	0x3f8000b3		PRIVATE	READWRITE
20	float	0x000002899d6919b4	3	0	0x40400000	0x00000000		PRIVATE	READWRITE
20	float	0x000002899d6919b8	3	0	0x40400000	0x00000000		PRIVATE	READWRITE
20	float	0x000002899d691a3c	9.09443e-43	3	0x00000289	0x40400000		PRIVATE	READWRITE
20	float	0x000002899d691aac	3	0	0x40400000	0x00000000		PRIVATE	READWRITE
20	float	0x000002899d691ab0	3	0	0x40400000	0x00000000		PRIVATE	READWRITE
20	float	0x000002899d692050	3	0	0x40400000	0x00000000		PRIVATE	READWRITE
20	float	0x000002899d692054	3	0	0x40400000	0x00000000		PRIVATE	READWRITE
20	float	0x000002899d692058	3	0	0x40400000	0x00000000		PRIVATE	READWRITE
20	float	0x000002899d69205c	3	0	0x40400000	0x00000000		PRIVATE	READWRITE
20	float	0x000002899d692084	4.91856e-43	1.00002	0x0000015f	0x3f8000b3		PRIVATE	READWRITE
20	float	0x000002899d69213c	3	0	0x40400000	0x00000000		PRIVATE	READWRITE
20	float	0x000002899d692140	3	0	0x40400000	0x00000000		PRIVATE	READWRITE
20	float	0x000002899d692144	3	0	0x40400000	0x00000000		PRIVATE	READWRITE
20	float	0x000002899d692148	3	0	0x40400000	0x00000000		PRIVATE	READWRITE
20	float	0x000002899d692238	3	0	0x40400000	0x00000000		PRIVATE	READWRITE
20	float	0x000002899d69223c	3	0	0x40400000	0x00000000		PRIVATE	READWRITE
20	float	0x000002899d6922b4	-3.20463e-11	1	0xae0cf0e0	0x3f800000		PRIVATE	READWRITE
20	float	0x000002899d6922c0	-3.20468e-11	1	0xae0cf170	0x3f800000		PRIVATE	READWRITE
20	float	0x000002899d6922f0	0	1.5	0x00000000	0x3fc00000		PRIVATE	READWRITE
20	float	0x000002899d69232c	3	0	0x40400000	0x00000000		PRIVATE	READWRITE
20	float	0x000002899d6923b8	-2.67344e-11	1	0xadeb2880	0x3f800000		PRIVATE	READWRITE
20	float	0x000002899d692418	3	3.64338e-43	0x40400000	0x00000104		PRIVATE	READWRITE
20	float	0x000002899d69241c	3	-1.6809e-30	0x40400000	0x8e085ef0		PRIVATE	READWRITE
20	float	0x000002899d692420	3	9.09443e-43	0x40400000	0x00000289		PRIVATE	READWRITE
20	float	0x000002899d692424	3	7.2307e-43	0x40400000	0x00000204		PRIVATE	READWRITE
20	float	0x000002899d692464	1	-5.00248e-11	0x3f800000	0xae5c02e0		PRIVATE	READWRITE
20	float	0x000002899d692504	3	6.16571e-44	0x40400000	0x0000002c		PRIVATE	READWRITE
20	float	0x000002899d692508	3	-2.4399e-21	0x40400000	0x9d385a90		PRIVATE	READWRITE
20	float	0x000002899d69250c	3	9.09443e-43	0x40400000	0x00000289		PRIVATE	READWRITE
20	float	0x000002899d692510	3	2.95489e-39	0x40400000	0x00202d06		PRIVATE	READWRITE
20	float	0x000002899d692ab0	3	0	0x40400000	0x00000000		PRIVATE	READWRITE
20	float	0x000002899d692ab4	3	9.47459e-11	0x40400000	0x2ed0592f		PRIVATE	READWRITE
20	float	0x000002899d692abc	3	1.00002	0x40400000	0x3f8000b3		PRIVATE	READWRITE
20	float	0x000002899d692b48	-2.67344e-11	1	0xadeb2880	0x3f800000		PRIVATE	READWRITE
20	float	0x000002899d692bb4	3	0	0x40400000	0x00000000		PRIVATE	READWRITE
20	float	0x000002899d693a28	1	2.53871e-11	0x3f800000	0x2ddf4e9f		PRIVATE	READWRITE
20	float	0x000002899d693abc	3	0	0x40400000	0x00000000		PRIVATE	READWRITE
20	float	0x000002899d693ac0	3	0	0x40400000	0x00000000		PRIVATE	READWRITE
20	float	0x000002899d693b88	3	0	0x40400000	0x00000000		PRIVATE	READWRITE
20	float	0x000002899d693b8c	3	0	0x40400000	0x00000000		PRIVATE	READWRITE
20	float	0x000002899d693b90	3	0	0x40400000	0x00000000		PRIVATE	READWRITE
20	float	0x000002899d693bf4	-4.88077e-11	1	0xae56a8a0	0x3f800000		PRIVATE	READWRITE
20	float	0x000002899d693ca4	3	0	0x40400000	0x00000000		PRIVATE	READWRITE
20	float	0x000002899d693cac	3	0	0x40400000	0x00000000		PRIVATE	READWRITE
20	float	0x000002899d693d58	1	-5.00324e-11	0x3f800000	0xae5c0b80		PRIVATE	READWRITE
20	float	0x000002899d693d70	3	-5.00241e-11	0x40400000	0xae5c0220		PRIVATE	READWRITE
20	float	0x000002899d693d74	3	9.09443e-43	0x40400000	0x00000289		PRIVATE	READWRITE
20	float	0x000002899d693d78	3	4.31039e-42	0x40400000	0x00000c04		PRIVATE	READWRITE
20	float	0x000002899d693d7c	3	-1.6813e-30	0x40400000	0x8e086730		PRIVATE	READWRITE
20	float	0x000002899d693e4c	3	2.59002e-38	0x40400000	0x010d0391		PRIVATE	READWRITE
20	float	0x000002899d693e50	3	2.60838e-38	0x40400000	0x010e0391		PRIVATE	READWRITE
20	float	0x000002899d693e54	3	2.81042e-38	0x40400000	0x01190391		PRIVATE	READWRITE
20	float	0x000002899d693e58	3	1.37881e-39	0x40400000	0x000f0391		PRIVATE	READWRITE
20	float	0x000002899d693f58	3	0	0x40400000	0x00000000		PRIVATE	READWRITE
20	float	0x000002899d693f5c	3	0	0x40400000	0x00000000		PRIVATE	READWRITE
20	float	0x000002899d693f64	3	0	0x40400000	0x00000000		PRIVATE	READWRITE
20	float	0x000002899d693fa0	0	0.999998	0x00000000	0x3f7fffdb		PRIVATE	READWRITE
20	float	0x000002899d693fa8	6.5861e-44	0.999998	0x0000002f	0x3f7fffdb		PRIVATE	READWRITE
20	float	0x000002899d693fac	-2.6734e-11	0.999998	0xadeb2790	0x3f7fffdb		PRIVATE	READWRITE
20	float	0x000002899d694050	3	7.28675e-43	0x40400000	0x00000208		PRIVATE	READWRITE
20	float	0x000002899d694054	3	-5.00024e-11	0x40400000	0xae5be9c0		PRIVATE	READWRITE
20	float	0x000002899d694058	3	9.09443e-43	0x40400000	0x00000289		PRIVATE	READWRITE
20	float	0x000002899d69405c	3	1.54143e-44	0x40400000	0x0000000b		PRIVATE	READWRITE
20	float	0x000002899d694204	0	1.00002	0x00000000	0x3f8000b3		PRIVATE	READWRITE
20	float	0x000002899d694230	3	0	0x40400000	0x00000000		PRIVATE	READWRITE
20	float	0x000002899d694238	3	2.53871e-11	0x40400000	0x2ddf4e9f		PRIVATE	READWRITE
20	float	0x000002899d6942f8	3	0	0x40400000	0x00000000		PRIVATE	READWRITE
20	float	0x000002899d6942fc	3	0	0x40400000	0x00000000		PRIVATE	READWRITE
20	float	0x000002899d6944bc	3	-8.89582e-09	0x40400000	0xb218d440		PRIVATE	READWRITE
20	float	0x000002899d6944c0	3	0	0x40400000	0x00000000		PRIVATE	READWRITE
20	float	0x000002899d6944c4	3	0	0x40400000	0x00000000		PRIVATE	READWRITE
20	float	0x000002899d6944c8	3	9.47459e-11	0x40400000	0x2ed0592f		PRIVATE	READWRITE
20	float	0x000002899d6944d0	0	1.00002	0x00000000	0x3f8000b3		PRIVATE	READWRITE
20	float	0x000002899d69459c	5.87748e-39	3	0x00400006	0x40400000		PRIVATE	READWRITE
20	float	0x000002899d6945bc	3	0	0x40400000	0x00000000		PRIVATE	READWRITE
20	float	0x000002899d7b2694	0.999998	0	0x3f7fffdb	0x00000000		PRIVATE	READWRITE
20	float	0x000002899d7b4910	2	0	0x40000008	0x00000000		PRIVATE	READWRITE
20	float	0x000002899d7b49e4	0.99995	8.96831e-43	0x3f7ffcbd	0x00000280		PRIVATE	READWRITE
20	float	0x000002899d7b49f8	0.99995	7.00649e-44	0x3f7ffcbd	0x00000032		PRIVATE	READWRITE
20	float	0x000002899d7b4b5c	3	3.36312e-44	0x40400000	0x00000018		PRIVATE	READWRITE
20	float	0x000002899d7b4e6c	0	3	0x00000000	0x40400000		PRIVATE	READWRITE
20	float	0x000002899d7b4e9c	0.999998	7.35422e-39	0x3f7fffdb	0x00501490		PRIVATE	READWRITE
20	float	0x000002899d7b4eb0	0.999998	-2.6734e-11	0x3f7fffdb	0xadeb2790		PRIVATE	READWRITE
20	float	0x000002899d7b4eb4	0.999998	9.09443e-43	0x3f7fffdb	0x00000289		PRIVATE	READWRITE
20	float	0x000002899d7b4eb8	0.999998	5.60519e-45	0x3f7fffdb	0x00000004		PRIVATE	READWRITE
20	float	0x000002899d7b4f04	1	-5.00268e-11	0x3f800000	0xae5c0520		PRIVATE	READWRITE
20	float	0x000002899d7b4f1c	1	-5.00364e-11	0x3f800000	0xae5c1000		PRIVATE	READWRITE
20	float	0x000002899d7b50d0	2.24208e-43	0.999998	0x000000a0	0x3f7fffdb		PRIVATE	READWRITE
20	float	0x000002899d7b50d4	2.8026e-45	0.999998	0x00000002	0x3f7fffdb		PRIVATE	READWRITE
20	float	0x000002899d7b50e0	0	3	0x00000000	0x40400000		PRIVATE	READWRITE
20	float	0x000002899d7b50e4	1.4013e-45	3	0x00000001	0x40400000		PRIVATE	READWRITE
20	float	0x000002899d7b532c	1.00002	0	0x3f8000b3	0x00000000		PRIVATE	READWRITE
20	float	0x000002899d7b56d8	6.16571e-44	3	0x0000002c	0x40400000		PRIVATE	READWRITE
20	float	0x000002899d7b56dc	-2.43918e-21	3	0x9d384cb0	0x40400000		PRIVATE	READWRITE
20	float	0x000002899d7b56e0	9.09443e-43	3	0x00000289	0x40400000		PRIVATE	READWRITE
20	float	0x000002899d7b56e4	2.94843e-39	3	0x00201b06	0x40400000		PRIVATE	READWRITE
20	float	0x000002899d7b57d4	0	0.999998	0x00000000	0x3f7fffdb		PRIVATE	READWRITE
20	float	0x000002899d7b57d8	0	3	0x00000000	0x40400000		PRIVATE	READWRITE
20	float	0x000002899d7b57dc	0	3	0x00000000	0x40400000		PRIVATE	READWRITE
20	float	0x000002899d7b57e0	0	3	0x00000000	0x40400000		PRIVATE	READWRITE
20	float	0x000002899d7b57e4	0	3	0x00000000	0x40400000		PRIVATE	READWRITE
20	float	0x000002899d7b5824	9.47459e-11	1	0x2ed0592f	0x3f800000		PRIVATE	READWRITE
20	float	0x000002899d7b582c	1.00002	-2.10633e-30	0x3f8000b3	0x8e2ae2d0		PRIVATE	READWRITE
20	float	0x000002899d7b58b4	0	3	0x00000000	0x40400000		PRIVATE	READWRITE
20	float	0x000002899d7b58bc	0	3	0x00000000	0x40400000		PRIVATE	READWRITE
20	float	0x000002899d7b5978	0	3	0x00000000	0x40400000		PRIVATE	READWRITE
20	float	0x000002899d7b597c	0	3	0x00000000	0x40400000		PRIVATE	READWRITE
20	float	0x000002899d7b5980	0	3	0x00000000	0x40400000		PRIVATE	READWRITE
20	float	0x000002899d7b5984	0	3	0x00000000	0x40400000		PRIVATE	READWRITE
20	float	0x000002899d7b5b08	0.999998	-2.67344e-11	0x3f7fffdb	0xadeb2880		PRIVATE	READWRITE
20	float	0x000002899d7b5b0c	0.999998	9.09443e-43	0x3f7fffdb	0x00000289		PRIVATE	READWRITE
20	float	0x000002899d7b5b10	0.999998	5.87751e-39	0x3f7fffdb	0x00400018		PRIVATE	READWRITE
20	float	0x000002899d7b5b68	-5.00384e-11	3	0xae5c1240	0x40400000		PRIVATE	READWRITE
20	float	0x000002899d7b5b6c	9.09443e-43	3	0x00000289	0x40400000		PRIVATE	READWRITE
20	float	0x000002899d7b5b70	2.51673e-42	3	0x00000704	0x40400000		PRIVATE	READWRITE
20	float	0x000002899d7b5b74	-5.00284e-11	3	0xae5c0700	0x40400000		PRIVATE	READWRITE
20	float	0x000002899d7b5c54	4.17307e-37	3	0x030e0091	0x40400000		PRIVATE	READWRITE
20	float	0x000002899d7b5c58	4.49633e-37	3	0x03190091	0x40400000		PRIVATE	READWRITE
20	float	0x000002899d7b5c5c	2.58987e-38	3	0x010d0191	0x40400000		PRIVATE	READWRITE
20	float	0x000002899d7b5c60	2.60824e-38	3	0x010e0191	0x40400000		PRIVATE	READWRITE
20	float	0x000002899d7b5d4c	0	3	0x00000000	0x40400000		PRIVATE	READWRITE
20	float	0x000002899d7b5d50	0	3	0x00000000	0x40400000		PRIVATE	READWRITE
20	float	0x000002899d7b5d58	-8.89582e-09	3	0xb218d440	0x40400000		PRIVATE	READWRITE
20	float	0x000002899d7b5d6c	1.00002	0	0x3f8000b3	0x00000000		PRIVATE	READWRITE
20	float	0x000002899d7b5e20	0	3	0x00000000	0x40400000		PRIVATE	READWRITE
20	float	0x000002899d7b5e80	1	-3.20468e-11	0x3f800000	0xae0cf170		PRIVATE	READWRITE
20	float	0x000002899d7b5ee0	0	3	0x00000000	0x40400000		PRIVATE	READWRITE
20	float	0x000002899d7b5ee4	0	3	0x00000000	0x40400000		PRIVATE	READWRITE
20	float	0x000002899d7b5ee8	0	3	0x00000000	0x40400000		PRIVATE	READWRITE
20	float	0x000002899d7b5eec	1.16308e-42	3	0x0000033e	0x40400000		PRIVATE	READWRITE
20	float	0x000002899d7b5fd8	0	3	0x00000000	0x40400000		PRIVATE	READWRITE
20	float	0x000002899d7b5fe0	0	3	0x00000000	0x40400000		PRIVATE	READWRITE
20	float	0x000002899d7b5fe4	0	3	0x00000000	0x40400000		PRIVATE	READWRITE
20	float	0x000002899d7b6024	-8.89582e-09	1	0xb218d440	0x3f800000		PRIVATE	READWRITE
20	float	0x000002899d7b6038	1.00002	-2.10633e-30	0x3f8000b3	0x8e2ae2d0		PRIVATE	READWRITE
20	float	0x000002899d7b60c8	0	3	0x00000000	0x40400000		PRIVATE	READWRITE
20	float	0x000002899d7b60cc	0	3	0x00000000	0x40400000		PRIVATE	READWRITE
20	float	0x000002899d7b6104	3	1.79366e-43	0x40400000	0x00000080		PRIVATE	READWRITE
20	float	0x000002899d7b61bc	-2.43986e-21	3	0x9d3859d0	0x40400000		PRIVATE	READWRITE
20	float	0x000002899d7b61c0	9.09443e-43	3	0x00000289	0x40400000		PRIVATE	READWRITE
20	float	0x000002899d7b61c4	2.5898e-38	3	0x010d0091	0x40400000		PRIVATE	READWRITE
20	float	0x000002899d7b61c8	2.60817e-38	3	0x010e0091	0x40400000		PRIVATE	READWRITE
20	float	0x000002899d7b6858	0	3	0x00000000	0x40400000		PRIVATE	READWRITE
20	float	0x000002899d7b685c	0	3	0x00000000	0x40400000		PRIVATE	READWRITE
20	float	0x000002899d7b6860	0	3	0x00000000	0x40400000		PRIVATE	READWRITE
20	float	0x000002899d7b694c	0	3	0x00000000	0x40400000		PRIVATE	READWRITE
20	float	0x000002899d7b6950	0	3	0x00000000	0x40400000		PRIVATE	READWRITE
20	float	0x000002899d7b6954	0	3	0x00000000	0x40400000		PRIVATE	READWRITE
20	float	0x000002899d7b6958	0	3	0x00000000	0x40400000		PRIVATE	READWRITE
20	float	0x000002899d7b69b8	1.5	8.40779e-44	0x3fc00000	0x0000003c		PRIVATE	READWRITE
20	float	0x000002899d7b69d8	1	-3.20468e-11	0x3f800000	0xae0cf170		PRIVATE	READWRITE
20	float	0x000002899d7b6a3c	0	3	0x00000000	0x40400000		PRIVATE	READWRITE
20	float	0x000002899d7b6a40	0	3	0x00000000	0x40400000		PRIVATE	READWRITE
20	float	0x000002899d7b6a44	0	3	0x00000000	0x40400000		PRIVATE	READWRITE
20	float	0x000002899d7b6b30	9.09443e-43	3	0x00000289	0x40400000		PRIVATE	READWRITE
20	float	0x000002899d7b6b34	3.95166e-42	3	0x00000b04	0x40400000		PRIVATE	READWRITE
20	float	0x000002899d7b6b38	-5.00374e-11	3	0xae5c1120	0x40400000		PRIVATE	READWRITE
20	float	0x000002899d7b6b3c	9.09443e-43	3	0x00000289	0x40400000		PRIVATE	READWRITE
20	float	0x000002899d7b6c1c	2.81028e-38	3	0x01190191	0x40400000		PRIVATE	READWRITE
20	float	0x000002899d7b6c20	1.37809e-39	3	0x000f0191	0x40400000		PRIVATE	READWRITE
20	float	0x000002899d7b6c24	2.59002e-38	3	0x010d0391	0x40400000		PRIVATE	READWRITE
20	float	0x000002899d7b6c28	2.60838e-38	3	0x010e0391	0x40400000		PRIVATE	READWRITE
20	float	0x000002899d7b70e8	2.36477e-38	3	0x0100c018	0x40400000		PRIVATE	READWRITE
20	float	0x000002899d7b7184	1.00002	0	0x3f8000b3	0x00000000		PRIVATE	READWRITE
20	float	0x000002899d7b71c8	0	3	0x00000000	0x40400000		PRIVATE	READWRITE
20	float	0x000002899d7b71cc	0	3	0x00000000	0x40400000		PRIVATE	READWRITE
20	float	0x000002899d7b71d4	0	3	0x00000000	0x40400000		PRIVATE	READWRITE
20	float	0x000002899d7b7260	1	-2.67344e-11	0x3f800000	0xadeb2880		PRIVATE	READWRITE
20	float	0x000002899d7b72c4	0	3	0x00000000	0x40400000		PRIVATE	READWRITE
20	float	0x000002899d7b72cc	0	3	0x00000000	0x40400000		PRIVATE	READWRITE
20	float	0x000002899d7b730c	-5.00264e-11	1	0xae5c04c0	0x3f800000		PRIVATE	READWRITE
20	float	0x000002899d7b73ac	2.94413e-39	3	0x00200f06	0x40400000		PRIVATE	READWRITE
20	float	0x000002899d7b73b4	0	3	0x00000000	0x40400000		PRIVATE	READWRITE
20	float	0x000002899d7b73b8	0	3	0x00000000	0x40400000		PRIVATE	READWRITE
20	float	0x000002899d7b7ff0	3.54027e-38	3	0x0140c018	0x40400000		PRIVATE	READWRITE
20	float	0x000002899d7b7ff8	0	3	0x00000000	0x40400000		PRIVATE	READWRITE
20	float	0x000002899d7b808c	1.00002	2.158e-42	0x3f8000b3	0x00000604		PRIVATE	READWRITE
20	float	0x000002899d7b80b4	1	-4.99675e-11	0x3f800000	0xae5bc260		PRIVATE	READWRITE
20	float	0x000002899d8a7cac	0	3	0x00000000	0x40400000		PRIVATE	READWRITE
20	float	0x000002899d8a7cb0	0	3	0x00000000	0x40400000		PRIVATE	READWRITE
20	float	0x000002899d8a7cb4	0	3	0x00000000	0x40400000		PRIVATE	READWRITE
20	float	0x000002899d8a854c	3	0	0x40400000	0x00000000		PRIVATE	READWRITE
20	float	0x000002899d8a8550	3	0	0x40400000	0x00000000		PRIVATE	READWRITE
20	float	0x000002899d8a8554	3	0	0x40400000	0x00000000		PRIVATE	READWRITE
20	float	0x00000289da218c68	2	1.0842e-19	0x3fffffff	0x1fffffff		PRIVATE	READWRITE
20	float	0x00000289e1feb9a4	3	0	0x40400000	0x00000000		PRIVATE	READWRITE
20	float	0x00000289e1feb9a8	3	0	0x40400000	0x00000000		PRIVATE	READWRITE
20	float	0x00000289e1feb9ac	3	0	0x40400000	0x00000000		PRIVATE	READWRITE
20	float	0x00000289e1feb9b0	3	0	0x40400000	0x00000000		PRIVATE	READWRITE
20	float	0x00000289e1feba78	3	0	0x40400000	0x00000000		PRIVATE	READWRITE
20	float	0x00000289e1feba7c	3	0	0x40400000	0x00000000		PRIVATE	READWRITE
20	float	0x00000289e1feba80	3	0	0x40400000	0x00000000		PRIVATE	READWRITE
20	float	0x00000289e1feba84	3	0	0x40400000	0x00000000		PRIVATE	READWRITE
20	float	0x00000289e1febc48	0.999998	0	0x3f7fffdb	0x00000000		PRIVATE	READWRITE
20	float	0x00000289e1febc4c	3	4.83448e-43	0x40400000	0x00000159		PRIVATE	READWRITE
20	float	0x00000289e1febc50	3	2.72496e-41	0x40400000	0x00004bf6		PRIVATE	READWRITE
20	float	0x00000289e1febc54	3	6.81031e-43	0x40400000	0x000001e6		PRIVATE	READWRITE
20	float	0x00000289e1febc58	3	4.48419e-39	0x40400000	0x0030d418		PRIVATE	READWRITE
20	float	0x00000289e1fec124	1.65493e-42	1.00002	0x0000049d	0x3f8000b3		PRIVATE	READWRITE
20	float	0x00000289e1fec25c	3	0	0x40400000	0x00000000		PRIVATE	READWRITE
20	float	0x00000289e1fec264	3	0	0x40400000	0x00000000		PRIVATE	READWRITE
20	float	0x00000289e1fec350	3	0	0x40400000	0x00000000		PRIVATE	READWRITE
20	float	0x00000289e1fec354	3	0	0x40400000	0x00000000		PRIVATE	READWRITE
20	float	0x00000289e1fec358	3	0	0x40400000	0x00000000		PRIVATE	READWRITE
20	float	0x00000289e1fecfbc	0.999998	0	0x3f7fffdb	0x00000000		PRIVATE	READWRITE
20	float	0x00000289e1fecfc0	3	0	0x40400000	0x00000000		PRIVATE	READWRITE
20	float	0x00000289e1fecfc4	3	0	0x40400000	0x00000000		PRIVATE	READWRITE
20	float	0x00000289e1fecfc8	3	0	0x40400000	0x00000000		PRIVATE	READWRITE
20	float	0x00000289e1fed028	7.14662e-44	1.00002	0x00000033	0x3f8000b3		PRIVATE	READWRITE
20	float	0x00000289e1fed0b0	3	0	0x40400000	0x00000000		PRIVATE	READWRITE
20	float	0x00000289e1fed0b8	3	0	0x40400000	0x00000000		PRIVATE	READWRITE
20	float	0x00000289e1fed184	3	0	0x40400000	0x00000000		PRIVATE	READWRITE
20	float	0x00000289e1fed188	3	0	0x40400000	0x00000000		PRIVATE	READWRITE
20	float	0x00000289e1fed18c	3	0	0x40400000	0x00000000		PRIVATE	READWRITE
20	float	0x00000289e1fed190	3	0	0x40400000	0x00000000		PRIVATE	READWRITE
20	float	0x00000289e1fed280	3	0	0x40400000	0x00000000		PRIVATE	READWRITE
20	float	0x00000289e1fed284	3	0	0x40400000	0x00000000		PRIVATE	READWRITE
20	float	0x00000289e1fed288	3	0	0x40400000	0x00000000		PRIVATE	READWRITE
20	float	0x00000289e1fed36c	3	9.09443e-43	0x40400000	0x00000289		PRIVATE	READWRITE
20	float	0x00000289e1fed370	3	4.45613e-43	0x40400000	0x0000013e		PRIVATE	READWRITE
20	float	0x00000289e1fed374	3	-1.68063e-30	0x40400000	0x8e085950		PRIVATE	READWRITE
20	float	0x00000289e1fed378	3	9.09443e-43	0x40400000	0x00000289		PRIVATE	READWRITE
20	float	0x00000289e1fed430	0.999998	4.17307e-37	0x3f7fffdb	0x030e0091		PRIVATE	READWRITE
20	float	0x00000289e1fed434	3	4.49633e-37	0x40400000	0x03190091		PRIVATE	READWRITE
20	float	0x00000289e1fed438	3	2.58987e-38	0x40400000	0x010d0191		PRIVATE	READWRITE
20	float	0x00000289e1fed43c	3	2.60824e-38	0x40400000	0x010e0191		PRIVATE	READWRITE
20	float	0x00000289e1fed440	3	2.81028e-38	0x40400000	0x01190191		PRIVATE	READWRITE
20	float	0x00000289e1fee054	3	0	0x40400000	0x00000000		PRIVATE	READWRITE
20	float	0x00000289e1fee05c	3	0	0x40400000	0x00000000		PRIVATE	READWRITE
20	float	0x00000289e1fee060	3	0	0x40400000	0x00000000		PRIVATE	READWRITE
20	float	0x00000289e1fee0c8	3.67345e-40	1.00002	0x00040002	0x3f8000b3		PRIVATE	READWRITE
20	float	0x00000289e1fee128	3	0	0x40400000	0x00000000		PRIVATE	READWRITE
20	float	0x00000289e1fee130	3	2.20405e-38	0x40400000	0x00f00006		PRIVATE	READWRITE
20	float	0x00000289e1fee200	3	0	0x40400000	0x00000000		PRIVATE	READWRITE
20	float	0x00000289e1fee208	3	0	0x40400000	0x00000000		PRIVATE	READWRITE
20	float	0x00000289e1fee2c4	3	0	0x40400000	0x00000000		PRIVATE	READWRITE
20	float	0x00000289e1fee2cc	3	0	0x40400000	0x00000000		PRIVATE	READWRITE
20	float	0x00000289e1feeaf0	0	1.00002	0x00000000	0x3f8000b3		PRIVATE	READWRITE
20	float	0x00000289e1fef698	3	0	0x40400000	0x00000000		PRIVATE	READWRITE
20	float	0x00000289e1fef69c	3	0	0x40400000	0x00000000		PRIVATE	READWRITE
20	float	0x00000289e1fef6a0	3	0	0x40400000	0x00000000		PRIVATE	READWRITE
20	float	0x00000289e1fef728	0	1.00002	0x00000000	0x3f8000b3		PRIVATE	READWRITE
20	float	0x00000289e1fef76c	3	0	0x40400000	0x00000000		PRIVATE	READWRITE
20	float	0x00000289e1fef828	3	0	0x40400000	0x00000000		PRIVATE	READWRITE
20	float	0x00000289e1fef82c	3	0	0x40400000	0x00000000		PRIVATE	READWRITE
20	float	0x00000289e1fef830	3	0	0x40400000	0x00000000		PRIVATE	READWRITE
20	float	0x00000289e1fef8f0	3	1.54143e-44	0x40400000	0x0000000b		PRIVATE	READWRITE
20	float	0x00000289e1fef8f4	3	5.60519e-45	0x40400000	0x00000004		PRIVATE	READWRITE
20	float	0x00000289e1fef8f8	3	6.81031e-42	0x40400000	0x000012fc		PRIVATE	READWRITE
20	float	0x00000289e1fef8fc	3	0	0x40400000	0x00000000		PRIVATE	READWRITE
20	float	0x00000289e1fefa9c	3	9.09443e-43	0x40400000	0x00000289		PRIVATE	READWRITE
20	float	0x00000289e1fefaa0	3	3.59293e-42	0x40400000	0x00000a04		PRIVATE	READWRITE
20	float	0x00000289e1fefaa4	3	-5.00258e-11	0x40400000	0xae5c0400		PRIVATE	READWRITE
20	float	0x00000289e1fefaa8	3	9.09443e-43	0x40400000	0x00000289		PRIVATE	READWRITE
20	float	0x00000289e1fefba0	3	2.35099e-38	0x40400000	0x01000006		PRIVATE	READWRITE
20	float	0x00000289e1fefba8	3	0	0x40400000	0x00000000		PRIVATE	READWRITE
20	float	0x00000289e1fefd60	3	1.46938e-39	0x40400000	0x00100006		PRIVATE	READWRITE
20	float	0x00000289e1fefe1c	3	2.35099e-38	0x40400000	0x01000006		PRIVATE	READWRITE
20	float	0x00000289e1fefe24	3	0	0x40400000	0x00000000		PRIVATE	READWRITE
20	float	0x00000289e1fefe28	3	0	0x40400000	0x00000000		PRIVATE	READWRITE
20	float	0x00000289e1feffdc	3	1.65493e-42	0x40400000	0x0000049d		PRIVATE	READWRITE
20	float	0x00000289e1feffe0	3	4.40817e-39	0x40400000	0x00300030		PRIVATE	READWRITE
20	float	0x00000289e1feffe4	3	0	0x40400000	0x00000000		PRIVATE	READWRITE
20	float	0x00000289e1feffe8	3	4.4162e-39	0x40400000	0x00301690		PRIVATE	READWRITE
20	float	0x00000289e1ff00b0	3	0	0x40400000	0x00000000		PRIVATE	READWRITE
20	float	0x00000289e1ff00b8	3	1.73472e-18	0x40400000	0x22000001		PRIVATE	READWRITE
20	float	0x00000289e1ff00bc	3	-1.48977e-09	0x40400000	0xb0ccc091		PRIVATE	READWRITE
20	float	0x00000289e1ff0140	0	2	0x00000000	0x3ffffff8		PRIVATE	READWRITE
20	float	0x00000289e1ff0174	3	1.47926e-39	0x40400000	0x00101b90		PRIVATE	READWRITE
20	float	0x00000289e1ff0220	3	4.4162e-39	0x40400000	0x00301690		PRIVATE	READWRITE
20	float	0x00000289e1ff0224	3	4.42768e-39	0x40400000	0x00303690		PRIVATE	READWRITE
20	float	0x00000289e1ff0228	3	2.36888e-29	0x40400000	0x0ff03b90		PRIVATE	READWRITE
20	float	0x00000289e1ff022c	3	6.04688e-41	0x40400000	0x0000a890		PRIVATE	READWRITE
20	float	0x00000289e1ff02d8	3	0	0x40400000	0x00000000		PRIVATE	READWRITE
20	float	0x00000289e1ff02dc	3	-0	0x40400000	0x80000000		PRIVATE	READWRITE
20	float	0x00000289e1ff02e0	3	-0	0x40400000	0x80000000		PRIVATE	READWRITE
20	float	0x00000289e1ff03c0	3	1.4893e-39	0x40400000	0x00103790		PRIVATE	READWRITE
20	float	0x00000289e1ff03c4	3	1.48858e-39	0x40400000	0x00103590		PRIVATE	READWRITE
20	float	0x00000289e1ff03c8	3	1.65493e-42	0x40400000	0x0000049d		PRIVATE	READWRITE
20	float	0x00000289e1ff03cc	3	4.40817e-39	0x40400000	0x00300030		PRIVATE	READWRITE
20	float	0x00000289e1ff056c	3	0	0x40400000	0x00000000		PRIVATE	READWRITE
20	float	0x00000289e1ff0570	3	0	0x40400000	0x00000000		PRIVATE	READWRITE
20	float	0x00000289e1ff0618	1	-5.00258e-11	0x3f800000	0xae5c0400		PRIVATE	READWRITE
20	float	0x00000289e1ff0630	3	-1.6813e-30	0x40400000	0x8e086730		PRIVATE	READWRITE
20	float	0x00000289e1ff0634	3	9.09443e-43	0x40400000	0x00000289		PRIVATE	READWRITE
20	float	0x00000289e1ff0638	3	4.66913e-42	0x40400000	0x00000d04		PRIVATE	READWRITE
20	float	0x00000289e1ff063c	3	-1.6813e-30	0x40400000	0x8e086730		PRIVATE	READWRITE
20	float	0x00000289e1ff07d8	3	4.13775e-36	0x40400000	0x04b00018		PRIVATE	READWRITE
20	float	0x00000289e1ff0d98	0	1.00002	0x00000000	0x3f8000b3		PRIVATE	READWRITE
20	float	0x00000289e1ff37b8	1.00706e-05	1	0x3728f4ce	0x3f800000		PRIVATE	READWRITE
20	float	0x00000289e26aad68	2	5.32655e-39	0x3fffffff	0x003a0043		PRIVATE	READWRITE
20	u32	0x00000289e5184790	1	10	0x00000001	0x0000000a		PRIVATE	READWRITE
20	float	0x00000289ea81842c	5.61682e-36	2.00008	0x04eee9b4	0x40000150		PRIVATE	READWRITE
20	float	0x00000289ea818580	3.9968e-37	2.00008	0x03080102	0x40000150		PRIVATE	READWRITE
20	float	0x00000289ea81865c	1.55018e-36	2.00008	0x0403dfe0	0x40000150		PRIVATE	READWRITE
20	float	0x00007ff415ea5cec	1	0	0x3f7fffff	0x00000000		PRIVATE	READWRITE
20	float	0x00007ff415ea5d0c	1	0	0x3f7fffff	0x00000000		PRIVATE	READWRITE
20	float	0x00007ff415ea5d1c	1	0	0x3f7fffff	0x00000000		PRIVATE	READWRITE
20	float	0x00007ff415ea63fc	0	1	0x00000000	0x3f7fffff		PRIVATE	READWRITE
20	float	0x00007ff415ea652c	1	0	0x3f7fffff	0x00000000		PRIVATE	READWRITE
20	float	0x00007ff415ea654c	1	0	0x3f7fffff	0x00000000		PRIVATE	READWRITE
20	float	0x00007ff415ea655c	1	0	0x3f7fffff	0x00000000		PRIVATE	READWRITE
20	float	0x00007ff415ea681c	0	1	0x00000000	0x3f7fffff		PRIVATE	READWRITE
20	float	0x00007ff415ed2ecc	0	1	0x00000000	0x3f7fffff		PRIVATE	READWRITE
20	float	0x00007ff415ed2eec	0	1	0x00000000	0x3f7fffff		PRIVATE	READWRITE
20	float	0x00007ff415ed2efc	0	1	0x00000000	0x3f7fffff		PRIVATE	READWRITE
20	float	0x00007ff415ed344c	0	1	0x00000000	0x3f7fffff		PRIVATE	READWRITE
20	float	0x00007ff415ed346c	0	1	0x00000000	0x3f7fffff		PRIVATE	READWRITE
20	float	0x00007ff415ed347c	0	1	0x00000000	0x3f7fffff		PRIVATE	READWRITE
20	float	0x00007ff415ed35ac	1	0	0x3f7fffff	0x00000000		PRIVATE	READWRITE
20	float	0x00007ff415ed35cc	1	0	0x3f7fffff	0x00000000		PRIVATE	READWRITE
20	float	0x00007ff415ed35dc	1	0	0x3f7fffff	0x00000000		PRIVATE	READWRITE
20	float	0x00007ff415ed386c	1	0	0x3f7fffff	0x00000000		PRIVATE	READWRITE
20	float	0x00007ff415ed388c	1	0	0x3f7fffff	0x00000000		PRIVATE	READWRITE
20	float	0x00007ff415ed389c	1	0	0x3f7fffff	0x00000000		PRIVATE	READWRITE
20	float	0x00007ff417f73b88	-7.62939e-06	2	0xb7000000	0x3fffffff		PRIVATE	READWRITE
20	float	0x00007ff4180ad820	2.34184e-38	1.99991	0x00ff00ff	0x3ffffcff		PRIVATE	READWRITE
20	float	0x00007ff41defd820	2.34184e-38	1.99991	0x00ff00ff	0x3ffffcff		PRIVATE	READWRITE
18	u32	0x000002898bfaa4b4	0	4096	0x00000000	0x00001000		PRIVATE	READWRITE
18	u32	0x000002898bfab5c4	0	4096	0x00000000	0x00001000		PRIVATE	READWRITE
18	u32	0x000002898bfad7e4	0	4096	0x00000000	0x00001000		PRIVATE	READWRITE
18	u32	0x000002899d5be838	0	4096	0x00000000	0x00001000		PRIVATE	READWRITE
18	u32	0x000002899d5be840	0	4096	0x00000000	0x00001000		PRIVATE	READWRITE
18	u32	0x00000289e2a2c5b4	0	4096	0x00000000	0x00001000		PRIVATE	READWRITE
18	u32	0x00000289e2a2c774	0	4096	0x00000000	0x00001000		PRIVATE	READWRITE
18	u32	0x00000289ffadf1a8	1000	0	0x000003e8	0x00000000		PRIVATE	READWRITE
18	u32	0x00000289ffadf378	1000	0	0x000003e8	0x00000000		PRIVATE	READWRITE
18	u32	0x00000289ffadfab8	1000	0	0x000003e8	0x00000000		PRIVATE	READWRITE
18	u32	0x00000289ffadfc88	1000	0	0x000003e8	0x00000000		PRIVATE	READWRITE
16	float	0x000000af44437588	-2	0	0xc0000000	0x00000000		PRIVATE	READWRITE
16	float	0x000000af44d3d3d8	0	-2	0x00000000	0xc0000000		PRIVATE	READWRITE
16	float	0x00000289824c3708	-2	1.4013e-45	0xc0000000	0x00000001		PRIVATE	READWRITE
16	float	0x000002898dc90b94	0	-1	0x00000000	0xbf800000		PRIVATE	READWRITE
16	float	0x000002899cee2fa0	-1	0	0xbf800000	0x00000000		PRIVATE	READWRITE
16	float	0x000002899cee4860	0	-1	0x00000000	0xbf800000		PRIVATE	READWRITE
16	float	0x000002899d68f148	0	-2	0x00000000	0xc0000000		PRIVATE	READWRITE
16	float	0x000002899d68f158	6.04688e-41	-2	0x0000a890	0xc0000000		PRIVATE	READWRITE
16	float	0x000002899d68f524	-1	0	0xbf800000	0x00000000		PRIVATE	READWRITE
16	float	0x000002899d6900c8	0	-2	0x00000000	0xc0000000		PRIVATE	READWRITE
16	float	0x000002899d6900d8	0	-2	0x00000000	0xc0000000		PRIVATE	READWRITE
16	float	0x000002899d7b4794	0	-1	0x00000000	0xbf800000		PRIVATE	READWRITE
16	float	0x000002899d7b4ac8	-2	0	0xc0000000	0x00000000		PRIVATE	READWRITE
16	float	0x000002899d7b4ad8	-2	0	0xc0000000	0x00000000		PRIVATE	READWRITE
16	float	0x00000289e26aad6c	-2	7.34697e-39	0xc0000000	0x0050005c		PRIVATE	READWRITE
16	float	0x00000289e5186dbc	-2	0	0xc0000000	0x00000000		PRIVATE	READWRITE
16	float	0x00000289e519c788	-2	0	0xc0000000	0x00000000		PRIVATE	READWRITE
16	float	0x00000289e519db38	-1	1.4013e-45	0xbf800000	0x00000001		PRIVATE	READWRITE
15	float	0x0000028992eb2190	16051	48141	0x467acc00	0x473c0d00		MAPPED	READWRITE
15	float	0x0000028992f32190	16051	48141	0x467acc00	0x473c0d00		MAPPED	READWRITE
15	float	0x000002899941787c	0.0135904	0.0271774	0x3c5eaa34	0x3cdea32c		PRIVATE	READWRITE
15	float	0x00000289994b6004	0.025122	0.050241	0x3ccdcc93	0x3d4dc986		PRIVATE	READWRITE
15	float	0x00000289995e34e0	-0.00682716	-0.0102446	0xbbdfb65a	0xbc27d91a		PRIVATE	READWRITE
15	float	0x00000289995e35c8	-0.006126	-0.0091929	0xbbc8bca7	0xbc169dd3		PRIVATE	READWRITE
15	float	0x000002899cee0cc0	1018.88	10188.8	0x447eb853	0x461f3334		PRIVATE	READWRITE
15	float	0x000002899cee4c08	1.024	2.048	0x3f83126f	0x4003126f		PRIVATE	READWRITE
15	float	0x000002899cee799c	1973.23	2960.87	0x44f6a74d	0x45390df4		PRIVATE	READWRITE
15	float	0x000002899d32c14c	0.21875	0.328125	0x3e600000	0x3ea80000		PRIVATE	READWRITE
15	float	0x000002899d32c160	0.21875	0.328125	0x3e600000	0x3ea80000		PRIVATE	READWRITE
15	float	0x00000289b00f2190	16051	48141	0x467acc00	0x473c0d00		MAPPED	READWRITE
15	float	0x00000289e2f6f3b0	0.0990295	0.19812	0x3dcad000	0x3e4ae000		PRIVATE	READWRITE
15	float	0x00000289e2f6f614	-0.0652771	-0.0979004	0xbd85b000	0xbdc88000		PRIVATE	READWRITE
15	float	0x00000289e769614c	-0.00634891	-0.00952351	0xbbd00a80	0xbc1c0880		PRIVATE	READWRITE
15	float	0x00000289f2c4f7d8	-0.0406073	-0.121826	0xbd2653d2	0xbdf97fce		PRIVATE	READWRITE
15	float	0x00000289f2c4fb00	-0.0592881	-0.118552	0xbd72d81d	0xbdf2cb68		PRIVATE	READWRITE
15	float	0x00000289f2c533d4	0.0641814	0.0962587	0x3d83718b	0x3dc5234c		PRIVATE	READWRITE
15	float	0x00000289f2c54258	0.0641814	0.0962587	0x3d83718b	0x3dc5234c		PRIVATE	READWRITE
